indice,x,y,dist_baseline,dist_baseline_ajustada,dist_ponto_contato,lado_correto,candidato_janela,permaneceu,descartado,motivo_descarte
0,331.0,36.0,222.0,224.2,329.2795165205391,True,False,False,True,acima_janela_permitida
1,330.0,37.0,221.0,223.2,327.8673512260713,True,False,False,True,acima_janela_permitida
2,329.0,37.0,221.0,223.2,327.1238297648155,True,False,False,True,acima_janela_permitida
3,328.0,37.0,221.0,223.2,326.3816784073518,True,False,False,True,acima_janela_permitida
4,327.0,37.0,221.0,223.2,325.64090652127845,True,False,False,True,acima_janela_permitida
5,326.0,37.0,221.0,223.2,324.9015235421342,True,False,False,True,acima_janela_permitida
6,325.0,37.0,221.0,223.2,324.1635389737717,True,False,False,True,acima_janela_permitida
7,324.0,37.0,221.0,223.2,323.4269623887285,True,False,False,True,acima_janela_permitida
8,323.0,37.0,221.0,223.2,322.69180342859653,True,False,False,True,acima_janela_permitida
9,322.0,37.0,221.0,223.2,321.95807180438885,True,False,False,True,acima_janela_permitida
10,321.0,38.0,220.0,222.2,320.5448486561592,True,False,False,True,acima_janela_permitida
11,320.0,38.0,220.0,222.2,319.81244503614926,True,False,False,True,acima_janela_permitida
12,319.0,38.0,220.0,222.2,319.0814942926023,True,False,False,True,acima_janela_permitida
13,318.0,38.0,220.0,222.2,318.35200643313055,True,False,False,True,acima_janela_permitida
14,317.0,38.0,220.0,222.2,317.6239915371633,True,False,False,True,acima_janela_permitida
15,316.0,38.0,220.0,222.2,316.89745975630666,True,False,False,True,acima_janela_permitida
16,315.0,38.0,220.0,222.2,316.17242131469976,True,False,False,True,acima_janela_permitida
17,314.0,38.0,220.0,222.2,315.4488865093678,True,False,False,True,acima_janela_permitida
18,313.0,38.0,220.0,222.2,314.7268657105713,True,False,False,True,acima_janela_permitida
19,312.0,39.0,219.0,221.2,313.31294259892934,True,False,False,True,acima_janela_permitida
20,311.0,39.0,219.0,221.2,312.5923863436216,True,False,False,True,acima_janela_permitida
21,310.0,39.0,219.0,221.2,311.8733717392365,True,False,False,True,acima_janela_permitida
22,309.0,39.0,219.0,221.2,311.15590947304855,True,False,False,True,acima_janela_permitida
23,308.0,39.0,219.0,221.2,310.4400103079498,True,False,False,True,acima_janela_permitida
24,307.0,39.0,219.0,221.2,309.7256850827842,True,False,False,True,acima_janela_permitida
25,306.0,39.0,219.0,221.2,309.01294471267704,True,False,False,True,acima_janela_permitida
26,305.0,40.0,218.0,220.2,307.59876462690806,True,False,False,True,acima_janela_permitida
27,304.0,40.0,218.0,220.2,306.88760157425713,True,False,False,True,acima_janela_permitida
28,303.0,40.0,218.0,220.2,306.1780527732189,True,False,False,True,acima_janela_permitida
29,302.0,40.0,218.0,220.2,305.47012947258855,True,False,False,True,acima_janela_permitida
30,301.0,40.0,218.0,220.2,304.76384299978895,True,False,False,True,acima_janela_permitida
31,300.0,41.0,217.0,219.2,303.349633261687,True,False,False,True,acima_janela_permitida
32,299.0,41.0,217.0,219.2,302.6450065671,True,False,False,True,acima_janela_permitida
33,298.0,41.0,217.0,219.2,301.9420474196994,True,False,False,True,acima_janela_permitida
34,297.0,41.0,217.0,219.2,301.24076749337894,True,False,False,True,acima_janela_permitida
35,296.0,41.0,217.0,219.2,300.54117854297436,True,False,False,True,acima_janela_permitida
36,295.0,42.0,216.0,218.2,299.127063302537,True,False,False,True,acima_janela_permitida
37,294.0,42.0,216.0,218.2,298.4292210893565,True,False,False,True,acima_janela_permitida
38,293.0,42.0,216.0,218.2,297.73310195542587,True,False,False,True,acima_janela_permitida
39,292.0,42.0,216.0,218.2,297.03871801500895,True,False,False,True,acima_janela_permitida
40,291.0,42.0,216.0,218.2,296.346081465573,True,False,False,True,acima_janela_permitida
41,290.0,43.0,215.0,217.2,294.93219559756443,True,False,False,True,acima_janela_permitida
42,289.0,43.0,215.0,217.2,294.24139749532185,True,False,False,True,acima_janela_permitida
43,288.0,43.0,215.0,217.2,293.5523803344132,True,False,False,True,acima_janela_permitida
44,287.0,43.0,215.0,217.2,292.86515668477875,True,False,False,True,acima_janela_permitida
45,286.0,44.0,214.0,216.2,291.4515397111499,True,False,False,True,acima_janela_permitida
46,285.0,44.0,214.0,216.2,290.766229125736,True,False,False,True,acima_janela_permitida
47,284.0,44.0,214.0,216.2,290.08274681545606,True,False,False,True,acima_janela_permitida
48,283.0,44.0,214.0,216.2,289.40110573389313,True,False,False,True,acima_janela_permitida
49,282.0,45.0,213.0,215.2,287.98784696580515,True,False,False,True,acima_janela_permitida
50,281.0,45.0,213.0,215.2,287.30819688968154,True,False,False,True,acima_janela_permitida
51,280.0,45.0,213.0,215.2,286.6304240655552,True,False,False,True,acima_janela_permitida
52,279.0,46.0,212.0,214.2,285.21746089606785,True,False,False,True,acima_janela_permitida
53,278.0,46.0,212.0,214.2,284.541736833105,True,False,False,True,acima_janela_permitida
54,277.0,46.0,212.0,214.2,283.86792703650053,True,False,False,True,acima_janela_permitida
55,276.0,47.0,211.0,213.2,282.4553061990516,True,False,False,True,acima_janela_permitida
56,275.0,47.0,211.0,213.2,281.78360491696463,True,False,False,True,acima_janela_permitida
57,274.0,47.0,211.0,213.2,281.1138559374119,True,False,False,True,acima_janela_permitida
58,273.0,47.0,211.0,213.2,280.4460732476032,True,False,False,True,acima_janela_permitida
59,272.0,48.0,210.0,212.2,279.03404810166086,True,False,False,True,acima_janela_permitida
60,271.0,48.0,210.0,212.2,278.3684608571883,True,False,False,True,acima_janela_permitida
61,270.0,48.0,210.0,212.2,277.7048793233565,True,False,False,True,acima_janela_permitida
62,269.0,49.0,209.0,211.2,276.29332239487803,True,False,False,True,acima_janela_permitida
63,268.0,49.0,209.0,211.2,275.6320010448714,True,False,False,True,acima_janela_permitida
64,267.0,49.0,209.0,211.2,274.9727259202265,True,False,False,True,acima_janela_permitida
65,266.0,49.0,209.0,211.2,274.3155117743071,True,False,False,True,acima_janela_permitida
66,265.0,50.0,208.0,210.2,272.90474528670256,True,False,False,True,acima_janela_permitida
67,264.0,50.0,208.0,210.2,272.2498852157701,True,False,False,True,acima_janela_permitida
68,263.0,51.0,207.0,209.2,270.8394358286843,True,False,False,True,acima_janela_permitida
69,262.0,51.0,207.0,209.2,270.1869722988138,True,False,False,True,acima_janela_permitida
70,261.0,51.0,207.0,209.2,269.5366394388711,True,False,False,True,acima_janela_permitida
71,260.0,52.0,206.0,208.2,268.12683565805196,True,False,False,True,acima_janela_permitida
72,259.0,52.0,206.0,208.2,267.47897113605023,True,False,False,True,acima_janela_permitida
73,258.0,52.0,206.0,208.2,266.8332812825267,True,False,False,True,acima_janela_permitida
74,257.0,53.0,205.0,207.2,265.42418879973997,True,False,False,True,acima_janela_permitida
75,256.0,53.0,205.0,207.2,264.78104161740885,True,False,False,True,acima_janela_permitida
76,255.0,53.0,205.0,207.2,264.14011433328335,True,False,False,True,acima_janela_permitida
77,254.0,54.0,204.0,206.2,262.73180241455356,True,False,False,True,acima_janela_permitida
78,253.0,54.0,204.0,206.2,262.0934947685654,True,False,False,True,acima_janela_permitida
79,252.0,55.0,203.0,205.2,260.6856344335069,True,False,False,True,acima_janela_permitida
80,251.0,55.0,203.0,205.2,260.049995193232,True,False,False,True,acima_janela_permitida
81,250.0,55.0,203.0,205.2,259.4166532819356,True,False,False,True,acima_janela_permitida
82,249.0,56.0,202.0,204.2,258.0096897405212,True,False,False,True,acima_janela_permitida
83,248.0,56.0,202.0,204.2,257.37909783041823,True,False,False,True,acima_janela_permitida
84,247.0,56.0,202.0,204.2,256.7508519946915,True,False,False,True,acima_janela_permitida
85,246.0,57.0,201.0,203.2,255.34486483969087,True,False,False,True,acima_janela_permitida
86,245.0,57.0,201.0,203.2,254.7194535170017,True,False,False,True,acima_janela_permitida
87,244.0,58.0,200.0,202.2,253.31403435261933,True,False,False,True,acima_janela_permitida
88,243.0,58.0,200.0,202.2,252.69151153135317,True,False,False,True,acima_janela_permitida
89,242.0,59.0,199.0,201.2,251.2866888635369,True,False,False,True,acima_janela_permitida
90,241.0,59.0,199.0,201.2,250.6671099286861,True,False,False,True,acima_janela_permitida
91,240.0,60.0,198.0,200.2,249.26291340670798,True,False,False,True,acima_janela_permitida
92,239.0,60.0,198.0,200.2,248.64633518312712,True,False,False,True,acima_janela_permitida
93,238.0,61.0,197.0,199.2,247.24279564832622,True,False,False,True,acima_janela_permitida
94,237.0,61.0,197.0,199.2,246.62927644543743,True,False,False,True,acima_janela_permitida
95,236.0,62.0,196.0,198.2,245.22642598219304,True,False,False,True,acima_janela_permitida
96,235.0,62.0,196.0,198.2,244.6160256401857,True,False,False,True,acima_janela_permitida
97,234.0,63.0,195.0,197.2,243.21389762922678,True,False,False,True,acima_janela_permitida
98,233.0,63.0,195.0,197.2,242.6066775667974,True,False,False,True,acima_janela_permitida
99,232.0,64.0,194.0,196.2,241.20530674095875,True,False,False,True,acima_janela_permitida
100,231.0,64.0,194.0,196.2,240.6013300046365,True,False,False,True,acima_janela_permitida
101,230.0,65.0,193.0,195.2,239.20075250717753,True,False,False,True,acima_janela_permitida
102,229.0,65.0,193.0,195.2,238.60008382228202,True,False,False,True,acima_janela_permitida
103,228.0,66.0,192.0,194.2,237.2003372678884,True,False,False,True,acima_janela_permitida
104,227.0,66.0,192.0,194.2,236.60304309116566,True,False,False,True,acima_janela_permitida
105,226.0,67.0,191.0,193.2,235.2041666297602,True,False,False,True,acima_janela_permitida
106,225.0,67.0,191.0,193.2,234.61031520374377,True,False,False,True,acima_janela_permitida
107,224.0,68.0,190.0,192.2,233.21234958723778,True,False,False,True,acima_janela_permitida
108,223.0,68.0,190.0,192.2,232.62201099638014,True,False,False,True,acima_janela_permitida
109,222.0,69.0,189.0,191.2,231.22499864850255,True,False,False,True,acima_janela_permitida
110,221.0,69.0,189.0,191.2,230.63824487712353,True,False,False,True,acima_janela_permitida
111,220.0,70.0,188.0,190.2,229.24222996647018,True,False,False,True,acima_janela_permitida
112,219.0,71.0,187.0,189.2,227.8464395157405,True,False,False,True,acima_janela_permitida
113,218.0,71.0,187.0,189.2,227.26416347501865,True,False,False,True,acima_janela_permitida
114,217.0,72.0,186.0,188.2,225.86943130932968,True,False,False,True,acima_janela_permitida
115,216.0,72.0,186.0,188.2,225.290923030645,True,False,False,True,acima_janela_permitida
116,215.0,73.0,185.0,187.2,223.8972978845435,True,False,False,True,acima_janela_permitida
117,214.0,73.0,185.0,187.2,223.32263655975405,True,False,False,True,acima_janela_permitida
118,213.0,74.0,184.0,186.2,221.93016919743022,True,False,False,True,acima_janela_permitida
119,212.0,74.0,184.0,186.2,221.35943621178654,True,False,False,True,acima_janela_permitida
120,211.0,75.0,183.0,185.2,219.9681795169474,True,False,False,True,acima_janela_permitida
121,210.0,76.0,182.0,184.2,218.577217477028,True,False,False,True,acima_janela_permitida
122,209.0,76.0,182.0,184.2,218.01146758828995,True,False,False,True,acima_janela_permitida
123,208.0,77.0,181.0,183.2,216.6217902243447,True,False,False,True,acima_janela_permitida
124,207.0,78.0,180.0,182.2,215.23243250030885,True,False,False,True,acima_janela_permitida
125,206.0,78.0,180.0,182.2,214.67184258770408,True,False,False,True,acima_janela_permitida
126,205.0,79.0,179.0,181.2,213.283848427395,True,False,False,True,acima_janela_permitida
127,204.0,80.0,178.0,180.2,211.8962010041709,True,False,False,True,acima_janela_permitida
128,203.0,80.0,178.0,180.2,211.3409567499873,True,False,False,True,acima_janela_permitida
129,202.0,81.0,177.0,179.2,209.95475703112803,True,False,False,True,acima_janela_permitida
130,201.0,82.0,176.0,178.2,208.568933448872,True,False,False,True,acima_janela_permitida
131,200.0,82.0,176.0,178.2,208.0192298803166,True,False,False,True,acima_janela_permitida
132,199.0,83.0,175.0,177.2,206.63494380186523,True,False,False,True,acima_janela_permitida
133,198.0,84.0,174.0,176.2,205.25106577068,True,False,False,True,acima_janela_permitida
134,197.0,84.0,174.0,176.2,204.70710783946902,True,False,False,True,acima_janela_permitida
135,196.0,85.0,173.0,175.2,203.32486321156102,True,False,False,True,acima_janela_permitida
136,195.0,86.0,172.0,174.2,201.94306128213466,True,False,False,True,acima_janela_permitida
137,194.0,86.0,172.0,174.2,201.40506448448608,True,False,False,True,acima_janela_permitida
138,193.0,87.0,171.0,173.2,200.02499843769527,True,False,False,True,acima_janela_permitida
139,192.0,88.0,170.0,172.2,198.6454127333425,True,False,False,True,acima_janela_permitida
140,191.0,88.0,170.0,172.2,198.1136037731887,True,False,False,True,acima_janela_permitida
141,190.0,89.0,169.0,171.2,196.73586353280888,True,False,False,True,acima_janela_permitida
142,189.0,90.0,168.0,170.2,195.35864454894235,True,False,False,True,acima_janela_permitida
143,188.0,91.0,167.0,169.2,193.98195792392653,True,False,False,True,acima_janela_permitida
144,187.0,92.0,166.0,168.2,192.6058150731696,True,False,False,True,acima_janela_permitida
145,186.0,92.0,166.0,168.2,192.0833152566875,True,False,False,True,acima_janela_permitida
146,185.0,93.0,165.0,167.2,190.70920271449933,True,False,False,True,acima_janela_permitida
147,184.0,94.0,164.0,166.2,189.33568073662187,True,False,False,True,acima_janela_permitida
148,183.0,95.0,163.0,165.2,187.9627622695517,True,False,False,True,acima_janela_permitida
149,182.0,96.0,162.0,164.2,186.59046063504962,True,False,False,True,acima_janela_permitida
150,181.0,96.0,162.0,164.2,186.07794065928394,True,False,False,True,acima_janela_permitida
151,180.0,97.0,161.0,163.2,184.70787747142785,True,False,False,True,acima_janela_permitida
152,179.0,98.0,160.0,162.2,183.33848477611022,True,False,False,True,acima_janela_permitida
153,178.0,99.0,159.0,161.2,181.96977771047588,True,False,False,True,acima_janela_permitida
154,177.0,100.0,158.0,160.2,180.60177186284747,True,False,False,True,acima_janela_permitida
155,176.0,100.0,158.0,160.2,180.0999722376436,True,False,False,True,acima_janela_permitida
156,175.0,101.0,157.0,159.2,178.73443988218946,True,False,False,True,acima_janela_permitida
157,174.0,102.0,156.0,158.2,177.36967046256808,True,False,False,True,acima_janela_permitida
158,173.0,103.0,155.0,157.2,176.00568172647155,True,False,False,True,acima_janela_permitida
159,172.0,104.0,154.0,156.2,174.64249196572982,True,False,False,True,acima_janela_permitida
160,171.0,105.0,153.0,155.2,173.28012003689287,True,False,False,True,acima_janela_permitida
161,170.0,106.0,152.0,154.2,171.91858538273283,True,False,False,True,acima_janela_permitida
162,169.0,107.0,151.0,153.2,170.55790805471318,True,False,False,True,acima_janela_permitida
163,168.0,108.0,150.0,152.2,169.19810873647495,True,False,False,True,acima_janela_permitida
164,167.0,109.0,149.0,151.2,167.83920876839238,True,False,False,True,acima_janela_permitida
165,166.0,110.0,148.0,150.2,166.48123017325406,True,False,False,True,acima_janela_permitida
166,165.0,110.0,148.0,150.2,166.00301202086666,True,False,False,True,acima_janela_permitida
167,164.0,111.0,147.0,149.2,164.64810961562844,True,False,False,True,acima_janela_permitida
168,163.0,112.0,146.0,148.2,163.29421300217592,True,False,False,True,acima_janela_permitida
169,162.0,113.0,145.0,147.2,161.94134740701648,True,False,False,True,acima_janela_permitida
170,161.0,114.0,144.0,146.2,160.58953888718904,True,False,False,True,acima_janela_permitida
171,160.0,115.0,143.0,145.2,159.2388143638353,True,False,False,True,acima_janela_permitida
172,159.0,116.0,142.0,144.2,157.88920165736477,True,False,False,True,acima_janela_permitida
173,158.0,117.0,141.0,143.2,156.54072952429985,True,False,False,True,acima_janela_permitida
174,158.0,118.0,140.0,142.2,155.65346125287417,True,False,False,True,acima_janela_permitida
175,157.0,119.0,139.0,141.2,154.30489298787643,True,False,False,True,acima_janela_permitida
176,156.0,120.0,138.0,140.2,152.95751043999115,True,False,False,True,acima_janela_permitida
177,155.0,121.0,137.0,139.2,151.61134522191932,True,False,False,True,acima_janela_permitida
178,154.0,122.0,136.0,138.2,150.2664300500947,True,False,False,True,acima_janela_permitida
179,153.0,123.0,135.0,137.2,148.92279879185725,True,False,False,True,acima_janela_permitida
180,152.0,124.0,134.0,136.2,147.58048651498612,True,False,False,True,acima_janela_permitida
181,151.0,125.0,133.0,135.2,146.23952953972466,True,False,False,True,acima_janela_permitida
182,150.0,126.0,132.0,134.2,144.89996549343965,True,False,False,True,acima_janela_permitida
183,149.0,127.0,131.0,133.2,143.56183336806478,True,False,False,True,acima_janela_permitida
184,148.0,128.0,130.0,132.2,142.22517358048822,True,False,False,True,acima_janela_permitida
185,147.0,129.0,129.0,131.2,140.8900280360537,True,False,False,True,acima_janela_permitida
186,146.0,130.0,128.0,130.2,139.5564401953561,True,False,False,True,acima_janela_permitida
187,146.0,131.0,127.0,129.2,138.6542462386205,True,False,False,True,acima_janela_permitida
188,145.0,132.0,126.0,128.2,137.32079230764728,True,False,False,True,acima_janela_permitida
189,144.0,133.0,125.0,127.19999999999999,135.988970140964,True,False,False,True,acima_janela_permitida
190,143.0,134.0,124.0,126.19999999999999,134.65882815471105,True,False,False,True,acima_janela_permitida
191,142.0,135.0,123.0,125.19999999999999,133.33041663476493,True,False,False,True,acima_janela_permitida
192,142.0,136.0,122.0,124.19999999999999,132.4235628579748,True,False,False,True,acima_janela_permitida
193,141.0,137.0,121.0,123.19999999999999,131.0953851209111,True,False,False,True,acima_janela_permitida
194,140.0,138.0,120.0,122.19999999999999,129.76902558006668,True,False,False,True,acima_janela_permitida
195,139.0,139.0,119.0,121.19999999999999,128.4445405612866,True,False,False,True,acima_janela_permitida
196,138.0,140.0,118.0,120.19999999999999,127.12198865656563,True,True,True,False,mantido
197,138.0,141.0,117.0,119.19999999999999,126.21014222319853,True,True,True,False,mantido
198,137.0,142.0,116.0,118.19999999999999,124.88794977899188,True,True,True,False,mantido
199,136.0,143.0,115.0,117.19999999999999,123.5677951571525,True,True,True,False,mantido
200,135.0,144.0,114.0,116.19999999999999,122.24974437601087,True,True,True,False,mantido
201,135.0,145.0,113.0,115.19999999999999,121.33424908079334,True,True,True,False,mantido
202,134.0,146.0,112.0,114.19999999999999,120.01666550941998,True,True,True,False,mantido
203,133.0,147.0,111.0,113.19999999999999,118.70130580579136,True,True,True,False,mantido
204,132.0,148.0,110.0,112.19999999999999,117.38824472663352,True,True,True,False,mantido
205,132.0,149.0,109.0,111.19999999999999,116.46887996370532,True,True,True,False,mantido
206,131.0,150.0,108.0,110.19999999999999,115.15641536623133,True,True,True,False,mantido
207,130.0,151.0,107.0,109.19999999999999,113.84638773364749,True,True,True,False,mantido
208,130.0,152.0,106.0,108.19999999999999,112.92475370794483,True,True,True,False,mantido
209,129.0,153.0,105.0,107.19999999999999,111.61541112229978,True,True,True,False,mantido
210,128.0,154.0,104.0,106.19999999999999,110.30865786510141,True,True,True,False,mantido
211,128.0,155.0,103.0,105.19999999999999,109.38464243210744,True,True,True,False,mantido
212,127.0,156.0,102.0,104.19999999999999,108.07867504739313,True,True,True,False,mantido
213,126.0,157.0,101.0,103.19999999999999,106.77546534667971,True,True,True,False,mantido
214,126.0,158.0,100.0,102.19999999999999,105.84894897919393,True,True,True,False,mantido
215,125.0,159.0,99.0,101.19999999999999,104.546640309481,True,True,True,False,mantido
216,124.0,160.0,98.0,100.19999999999999,103.24727599312246,True,True,True,False,mantido
217,124.0,161.0,97.0,99.19999999999999,102.31813133555558,True,True,True,False,mantido
218,123.0,162.0,96.0,98.19999999999999,101.01980003939822,True,True,True,False,mantido
219,122.0,163.0,95.0,97.19999999999999,99.72462083156798,True,True,True,False,mantido
220,122.0,164.0,94.0,96.19999999999999,98.79271228182775,True,True,True,False,mantido
221,121.0,165.0,93.0,95.19999999999999,97.49871794028884,True,True,True,False,mantido
222,121.0,166.0,92.0,94.19999999999999,96.56603957913983,True,True,True,False,mantido
223,120.0,167.0,91.0,93.19999999999999,95.2732911156112,True,True,True,False,mantido
224,119.0,168.0,90.0,92.19999999999999,93.98404119849285,True,True,True,False,mantido
225,119.0,169.0,89.0,91.19999999999999,93.04837451562494,True,True,True,False,mantido
226,118.0,170.0,88.0,90.19999999999999,91.76055797563569,True,True,True,False,mantido
227,118.0,171.0,87.0,89.19999999999999,90.82400563727631,True,True,True,False,mantido
228,117.0,172.0,86.0,88.19999999999999,89.5377015563835,True,True,True,False,mantido
229,117.0,173.0,85.0,87.19999999999999,88.60022573334675,True,True,True,False,mantido
230,116.0,174.0,84.0,86.19999999999999,87.31551981177229,True,True,True,False,mantido
231,115.0,175.0,83.0,85.19999999999999,86.03487664894976,True,True,True,False,mantido
232,115.0,176.0,82.0,84.19999999999999,85.09406559801923,True,True,True,False,mantido
233,114.0,177.0,81.0,83.19999999999999,83.81527307120105,True,True,True,False,mantido
234,114.0,178.0,80.0,82.19999999999999,82.87339742040264,True,True,True,False,mantido
235,113.0,179.0,79.0,81.19999999999999,81.59656855530139,True,True,True,False,mantido
236,113.0,180.0,78.0,80.19999999999999,80.65358020571685,True,True,True,False,mantido
237,112.0,181.0,77.0,79.19999999999999,79.37883848986453,True,True,True,False,mantido
238,112.0,182.0,76.0,78.19999999999999,78.43468620451031,True,True,True,False,mantido
239,111.0,183.0,75.0,77.19999999999999,77.1621668954417,True,True,True,False,mantido
240,111.0,184.0,74.0,76.19999999999999,76.21679604916491,True,True,True,False,mantido
241,110.0,185.0,73.0,75.19999999999999,74.94664769020693,True,True,True,False,mantido
242,110.0,186.0,72.0,74.19999999999999,74.0,True,True,True,False,mantido
243,109.0,187.0,71.0,73.19999999999999,72.73238618387272,True,True,True,False,mantido
244,109.0,188.0,70.0,72.19999999999999,71.78439941937245,True,True,True,False,mantido
245,108.0,189.0,69.0,71.19999999999999,70.51950084905593,True,True,True,False,mantido
246,108.0,190.0,68.0,70.19999999999999,69.57010852370435,True,True,True,False,mantido
247,107.0,191.0,67.0,69.19999999999999,68.30812543175226,True,True,True,False,mantido
248,107.0,192.0,66.0,68.19999999999999,67.35725647619564,True,True,True,False,mantido
249,106.0,193.0,65.0,67.19999999999999,66.09841147864296,True,True,True,False,mantido
250,106.0,194.0,64.0,66.19999999999999,65.14598989960932,True,True,True,False,mantido
251,105.0,195.0,63.0,65.19999999999999,63.89053137985315,True,True,True,False,mantido
252,105.0,196.0,62.0,64.19999999999999,62.93647591023825,True,True,True,False,mantido
253,104.0,197.0,61.0,63.19999999999999,61.68468205316454,True,True,True,False,mantido
254,104.0,198.0,60.0,62.19999999999999,60.728905802755904,True,True,True,False,mantido
255,103.0,199.0,59.0,61.19999999999999,59.481089431852205,True,True,True,False,mantido
256,103.0,200.0,58.0,60.19999999999999,58.52349955359813,True,True,True,False,mantido
257,103.0,201.0,57.0,59.19999999999999,57.56735185849702,True,True,True,False,mantido
258,102.0,202.0,56.0,58.19999999999999,56.32051136131489,True,True,True,False,mantido
259,102.0,203.0,55.0,57.19999999999999,55.362442142665635,True,True,True,False,mantido
260,102.0,204.0,54.0,56.19999999999999,54.405882034941776,True,True,True,False,mantido
261,101.0,205.0,53.0,55.19999999999999,53.16013544000805,True,True,True,False,mantido
262,101.0,206.0,52.0,54.19999999999999,52.20153254455275,True,True,True,False,mantido
263,100.0,207.0,51.0,53.19999999999999,50.96076922496363,True,True,True,False,mantido
264,100.0,208.0,50.0,52.19999999999999,50.0,True,True,True,False,mantido
265,100.0,209.0,49.0,51.19999999999999,49.040799340956916,True,True,True,False,mantido
266,99.0,210.0,48.0,50.19999999999999,47.80167361086848,True,True,True,False,mantido
267,99.0,211.0,47.0,49.19999999999999,46.84015371452148,True,True,True,False,mantido
268,99.0,212.0,46.0,48.19999999999999,45.880278987817846,True,True,True,False,mantido
269,98.0,213.0,45.0,47.19999999999999,44.64302857109943,True,True,True,False,mantido
270,98.0,214.0,44.0,46.19999999999999,43.68065933568311,True,True,True,False,mantido
271,97.0,215.0,43.0,45.19999999999999,42.44997055358225,True,True,True,False,mantido
272,97.0,216.0,42.0,44.19999999999999,41.48493702538308,True,True,True,False,mantido
273,97.0,217.0,41.0,43.19999999999999,40.52159917870962,True,True,True,False,mantido
274,96.0,218.0,40.0,42.19999999999999,39.293765408777,True,True,True,False,mantido
275,96.0,219.0,39.0,41.19999999999999,38.3275357934736,True,True,True,False,mantido
276,96.0,220.0,38.0,40.19999999999999,37.36308338453881,True,True,True,False,mantido
277,95.0,221.0,37.0,39.19999999999999,36.138621999185304,True,True,True,False,mantido
278,95.0,222.0,36.0,38.19999999999999,35.17101079013795,True,True,True,False,mantido
279,95.0,223.0,35.0,37.19999999999999,34.20526275297414,True,True,True,False,mantido
280,94.0,224.0,34.0,36.19999999999999,32.984845004941285,True,True,True,False,mantido
281,94.0,225.0,33.0,35.19999999999999,32.01562118716424,True,True,True,False,mantido
282,94.0,226.0,32.0,34.19999999999999,31.04834939252005,True,True,True,False,mantido
283,94.0,227.0,31.0,33.19999999999999,30.083217912982647,True,True,True,False,mantido
284,93.0,228.0,30.0,32.19999999999999,28.861739379323623,True,True,True,False,mantido
285,93.0,229.0,29.0,31.19999999999999,27.892651361962706,True,True,True,False,mantido
286,93.0,230.0,28.0,30.19999999999999,26.92582403567252,True,True,True,False,mantido
287,92.0,231.0,27.0,29.19999999999999,25.709920264364882,True,True,True,False,mantido
288,92.0,232.0,26.0,28.19999999999999,24.73863375370596,True,True,True,False,mantido
289,92.0,233.0,25.0,27.19999999999999,23.769728648009426,True,True,True,False,mantido
290,91.0,234.0,24.0,26.19999999999999,22.561028345356956,True,True,True,False,mantido
291,91.0,235.0,23.0,25.19999999999999,21.587033144922902,True,True,True,False,mantido
292,91.0,236.0,22.0,24.19999999999999,20.615528128088304,True,True,True,False,mantido
293,91.0,237.0,21.0,23.19999999999999,19.6468827043885,True,True,True,False,mantido
294,90.0,238.0,20.0,22.19999999999999,18.439088914585774,True,True,True,False,mantido
295,90.0,239.0,19.0,21.19999999999999,17.46424919657298,True,True,True,False,mantido
296,90.0,240.0,18.0,20.19999999999999,16.492422502470642,True,True,True,False,mantido
297,90.0,241.0,17.0,19.19999999999999,15.524174696260024,True,True,True,False,mantido
298,89.0,242.0,16.0,18.19999999999999,14.317821063276353,True,True,True,False,mantido
299,89.0,243.0,15.0,17.19999999999999,13.341664064126334,True,True,True,False,mantido
300,89.0,244.0,14.0,16.19999999999999,12.36931687685298,True,True,True,False,mantido
301,89.0,245.0,13.0,15.199999999999989,11.40175425099138,True,True,True,False,mantido
302,88.0,246.0,12.0,14.199999999999989,10.198039027185569,True,True,True,False,mantido
303,88.0,247.0,11.0,13.199999999999989,9.219544457292887,True,True,True,False,mantido
304,88.0,248.0,10.0,12.199999999999989,8.246211251235321,True,True,True,False,mantido
305,88.0,249.0,9.0,11.199999999999989,7.280109889280518,True,True,True,False,mantido
306,88.0,250.0,8.0,10.199999999999989,6.324555320336759,True,True,True,False,mantido
307,87.0,251.0,7.0,9.199999999999989,5.0990195135927845,True,True,True,False,mantido
308,87.0,252.0,6.0,8.199999999999989,4.123105625617661,True,True,True,False,mantido
309,87.0,253.0,5.0,7.199999999999989,3.1622776601683795,True,True,True,False,mantido
310,87.0,254.0,4.0,6.199999999999989,2.23606797749979,True,True,True,False,mantido
311,87.0,255.0,3.0,5.199999999999989,1.4142135623730951,True,True,True,False,mantido
312,86.0,256.0,2.0,4.199999999999989,0.0,True,True,True,False,mantido
313,87.0,256.0,2.0,4.199999999999989,1.0,True,True,True,False,mantido
314,88.0,256.0,2.0,4.199999999999989,2.0,True,True,True,False,mantido
315,89.0,256.0,2.0,4.199999999999989,3.0,True,True,True,False,mantido
316,90.0,256.0,2.0,4.199999999999989,4.0,True,True,True,False,mantido
317,91.0,256.0,2.0,4.199999999999989,5.0,True,True,True,False,mantido
318,92.0,256.0,2.0,4.199999999999989,6.0,True,True,True,False,mantido
319,93.0,256.0,2.0,4.199999999999989,7.0,True,True,True,False,mantido
320,94.0,256.0,2.0,4.199999999999989,8.0,True,True,True,False,mantido
321,95.0,256.0,2.0,4.199999999999989,9.0,True,True,True,False,mantido
322,96.0,256.0,2.0,4.199999999999989,10.0,True,True,True,False,mantido
323,97.0,256.0,2.0,4.199999999999989,11.0,True,True,True,False,mantido
324,98.0,256.0,2.0,4.199999999999989,12.0,True,True,True,False,mantido
325,99.0,256.0,2.0,4.199999999999989,13.0,True,True,True,False,mantido
326,100.0,256.0,2.0,4.199999999999989,14.0,True,True,True,False,mantido
327,101.0,256.0,2.0,4.199999999999989,15.0,True,True,True,False,mantido
328,102.0,256.0,2.0,4.199999999999989,16.0,True,True,True,False,mantido
329,103.0,256.0,2.0,4.199999999999989,17.0,True,True,True,False,mantido
330,104.0,256.0,2.0,4.199999999999989,18.0,True,True,True,False,mantido
331,105.0,256.0,2.0,4.199999999999989,19.0,True,True,True,False,mantido
332,106.0,256.0,2.0,4.199999999999989,20.0,True,True,True,False,mantido
333,107.0,256.0,2.0,4.199999999999989,21.0,True,True,True,False,mantido
334,108.0,256.0,2.0,4.199999999999989,22.0,True,True,True,False,mantido
335,109.0,256.0,2.0,4.199999999999989,23.0,True,True,True,False,mantido
336,110.0,256.0,2.0,4.199999999999989,24.0,True,True,True,False,mantido
337,111.0,256.0,2.0,4.199999999999989,25.0,True,True,True,False,mantido
338,112.0,256.0,2.0,4.199999999999989,26.0,True,True,True,False,mantido
339,113.0,256.0,2.0,4.199999999999989,27.0,True,True,True,False,mantido
340,114.0,256.0,2.0,4.199999999999989,28.0,True,True,True,False,mantido
341,115.0,256.0,2.0,4.199999999999989,29.0,True,True,True,False,mantido
342,116.0,256.0,2.0,4.199999999999989,30.0,True,True,True,False,mantido
343,117.0,256.0,2.0,4.199999999999989,31.0,True,True,True,False,mantido
344,118.0,256.0,2.0,4.199999999999989,32.0,True,True,True,False,mantido
345,119.0,256.0,2.0,4.199999999999989,33.0,True,True,True,False,mantido
346,120.0,256.0,2.0,4.199999999999989,34.0,True,True,True,False,mantido
347,121.0,256.0,2.0,4.199999999999989,35.0,True,True,True,False,mantido
348,122.0,256.0,2.0,4.199999999999989,36.0,True,True,True,False,mantido
349,123.0,256.0,2.0,4.199999999999989,37.0,True,True,True,False,mantido
350,124.0,256.0,2.0,4.199999999999989,38.0,True,True,True,False,mantido
351,125.0,256.0,2.0,4.199999999999989,39.0,True,True,True,False,mantido
352,126.0,256.0,2.0,4.199999999999989,40.0,True,True,True,False,mantido
353,127.0,256.0,2.0,4.199999999999989,41.0,True,True,True,False,mantido
354,128.0,256.0,2.0,4.199999999999989,42.0,True,True,True,False,mantido
355,129.0,256.0,2.0,4.199999999999989,43.0,True,True,True,False,mantido
356,130.0,256.0,2.0,4.199999999999989,44.0,True,True,True,False,mantido
357,131.0,256.0,2.0,4.199999999999989,45.0,True,True,True,False,mantido
358,132.0,256.0,2.0,4.199999999999989,46.0,True,True,True,False,mantido
359,133.0,256.0,2.0,4.199999999999989,47.0,True,True,True,False,mantido
360,134.0,256.0,2.0,4.199999999999989,48.0,True,True,True,False,mantido
361,135.0,256.0,2.0,4.199999999999989,49.0,True,True,True,False,mantido
362,136.0,256.0,2.0,4.199999999999989,50.0,True,True,True,False,mantido
363,137.0,256.0,2.0,4.199999999999989,51.0,True,True,True,False,mantido
364,138.0,256.0,2.0,4.199999999999989,52.0,True,True,True,False,mantido
365,139.0,256.0,2.0,4.199999999999989,53.0,True,True,True,False,mantido
366,140.0,256.0,2.0,4.199999999999989,54.0,True,True,True,False,mantido
367,141.0,256.0,2.0,4.199999999999989,55.0,True,True,True,False,mantido
368,142.0,256.0,2.0,4.199999999999989,56.0,True,True,True,False,mantido
369,143.0,256.0,2.0,4.199999999999989,57.0,True,True,True,False,mantido
370,144.0,256.0,2.0,4.199999999999989,58.0,True,True,True,False,mantido
371,145.0,256.0,2.0,4.199999999999989,59.0,True,True,True,False,mantido
372,146.0,256.0,2.0,4.199999999999989,60.0,True,True,True,False,mantido
373,147.0,256.0,2.0,4.199999999999989,61.0,True,True,True,False,mantido
374,148.0,256.0,2.0,4.199999999999989,62.0,True,True,True,False,mantido
375,149.0,256.0,2.0,4.199999999999989,63.0,True,True,True,False,mantido
376,150.0,256.0,2.0,4.199999999999989,64.0,True,True,True,False,mantido
377,151.0,256.0,2.0,4.199999999999989,65.0,True,True,True,False,mantido
378,152.0,256.0,2.0,4.199999999999989,66.0,True,True,True,False,mantido
379,153.0,256.0,2.0,4.199999999999989,67.0,True,True,True,False,mantido
380,154.0,256.0,2.0,4.199999999999989,68.0,True,True,True,False,mantido
381,155.0,256.0,2.0,4.199999999999989,69.0,True,True,True,False,mantido
382,156.0,256.0,2.0,4.199999999999989,70.0,True,True,True,False,mantido
383,157.0,256.0,2.0,4.199999999999989,71.0,True,True,True,False,mantido
384,158.0,256.0,2.0,4.199999999999989,72.0,True,True,True,False,mantido
385,159.0,256.0,2.0,4.199999999999989,73.0,True,True,True,False,mantido
386,160.0,256.0,2.0,4.199999999999989,74.0,True,True,True,False,mantido
387,161.0,256.0,2.0,4.199999999999989,75.0,True,True,True,False,mantido
388,162.0,256.0,2.0,4.199999999999989,76.0,True,True,True,False,mantido
389,163.0,256.0,2.0,4.199999999999989,77.0,True,True,True,False,mantido
390,164.0,256.0,2.0,4.199999999999989,78.0,True,True,True,False,mantido
391,165.0,256.0,2.0,4.199999999999989,79.0,True,True,True,False,mantido
392,166.0,256.0,2.0,4.199999999999989,80.0,True,True,True,False,mantido
393,167.0,256.0,2.0,4.199999999999989,81.0,True,True,True,False,mantido
394,168.0,256.0,2.0,4.199999999999989,82.0,True,True,True,False,mantido
395,169.0,256.0,2.0,4.199999999999989,83.0,True,True,True,False,mantido
396,170.0,256.0,2.0,4.199999999999989,84.0,True,True,True,False,mantido
397,171.0,256.0,2.0,4.199999999999989,85.0,True,True,True,False,mantido
398,172.0,256.0,2.0,4.199999999999989,86.0,True,True,True,False,mantido
399,173.0,256.0,2.0,4.199999999999989,87.0,True,True,True,False,mantido
400,174.0,256.0,2.0,4.199999999999989,88.0,True,True,True,False,mantido
401,175.0,256.0,2.0,4.199999999999989,89.0,True,True,True,False,mantido
402,176.0,256.0,2.0,4.199999999999989,90.0,True,True,True,False,mantido
403,177.0,256.0,2.0,4.199999999999989,91.0,True,True,True,False,mantido
404,178.0,256.0,2.0,4.199999999999989,92.0,True,True,True,False,mantido
405,179.0,256.0,2.0,4.199999999999989,93.0,True,True,True,False,mantido
406,180.0,256.0,2.0,4.199999999999989,94.0,True,True,True,False,mantido
407,181.0,256.0,2.0,4.199999999999989,95.0,True,True,True,False,mantido
408,182.0,256.0,2.0,4.199999999999989,96.0,True,True,True,False,mantido
409,183.0,256.0,2.0,4.199999999999989,97.0,True,True,True,False,mantido
410,184.0,256.0,2.0,4.199999999999989,98.0,True,True,True,False,mantido
411,185.0,256.0,2.0,4.199999999999989,99.0,True,True,True,False,mantido
412,186.0,256.0,2.0,4.199999999999989,100.0,True,True,True,False,mantido
413,187.0,256.0,2.0,4.199999999999989,101.0,True,True,True,False,mantido
414,188.0,256.0,2.0,4.199999999999989,102.0,True,True,True,False,mantido
415,189.0,256.0,2.0,4.199999999999989,103.0,True,True,True,False,mantido
416,190.0,256.0,2.0,4.199999999999989,104.0,True,True,True,False,mantido
417,191.0,256.0,2.0,4.199999999999989,105.0,True,True,True,False,mantido
418,192.0,256.0,2.0,4.199999999999989,106.0,True,True,True,False,mantido
419,193.0,256.0,2.0,4.199999999999989,107.0,True,True,True,False,mantido
420,194.0,256.0,2.0,4.199999999999989,108.0,True,True,True,False,mantido
421,195.0,256.0,2.0,4.199999999999989,109.0,True,True,True,False,mantido
422,196.0,256.0,2.0,4.199999999999989,110.0,True,True,True,False,mantido
423,197.0,256.0,2.0,4.199999999999989,111.0,True,True,True,False,mantido
424,198.0,256.0,2.0,4.199999999999989,112.0,True,True,True,False,mantido
425,199.0,256.0,2.0,4.199999999999989,113.0,True,True,True,False,mantido
426,200.0,256.0,2.0,4.199999999999989,114.0,True,True,True,False,mantido
427,201.0,256.0,2.0,4.199999999999989,115.0,True,True,True,False,mantido
428,202.0,256.0,2.0,4.199999999999989,116.0,True,True,True,False,mantido
429,203.0,256.0,2.0,4.199999999999989,117.0,True,True,True,False,mantido
430,204.0,256.0,2.0,4.199999999999989,118.0,True,True,True,False,mantido
431,205.0,256.0,2.0,4.199999999999989,119.0,True,True,True,False,mantido
432,206.0,256.0,2.0,4.199999999999989,120.0,True,True,True,False,mantido
433,207.0,256.0,2.0,4.199999999999989,121.0,True,True,True,False,mantido
434,208.0,256.0,2.0,4.199999999999989,122.0,True,True,True,False,mantido
435,209.0,256.0,2.0,4.199999999999989,123.0,True,True,True,False,mantido
436,210.0,256.0,2.0,4.199999999999989,124.0,True,True,True,False,mantido
437,211.0,256.0,2.0,4.199999999999989,125.0,True,True,True,False,mantido
438,212.0,256.0,2.0,4.199999999999989,126.0,True,True,True,False,mantido
439,213.0,256.0,2.0,4.199999999999989,127.0,True,True,True,False,mantido
440,214.0,256.0,2.0,4.199999999999989,128.0,True,True,True,False,mantido
441,215.0,256.0,2.0,4.199999999999989,129.0,True,True,True,False,mantido
442,216.0,256.0,2.0,4.199999999999989,130.0,True,True,True,False,mantido
443,217.0,256.0,2.0,4.199999999999989,131.0,True,True,True,False,mantido
444,218.0,256.0,2.0,4.199999999999989,132.0,True,True,True,False,mantido
445,219.0,256.0,2.0,4.199999999999989,133.0,True,True,True,False,mantido
446,220.0,256.0,2.0,4.199999999999989,134.0,True,True,True,False,mantido
447,221.0,256.0,2.0,4.199999999999989,135.0,True,True,True,False,mantido
448,222.0,256.0,2.0,4.199999999999989,136.0,True,True,True,False,mantido
449,223.0,256.0,2.0,4.199999999999989,137.0,True,True,True,False,mantido
450,224.0,256.0,2.0,4.199999999999989,138.0,True,True,True,False,mantido
451,225.0,256.0,2.0,4.199999999999989,139.0,True,True,True,False,mantido
452,226.0,256.0,2.0,4.199999999999989,140.0,True,True,True,False,mantido
453,227.0,256.0,2.0,4.199999999999989,141.0,True,True,True,False,mantido
454,228.0,256.0,2.0,4.199999999999989,142.0,True,True,True,False,mantido
455,229.0,256.0,2.0,4.199999999999989,143.0,True,True,True,False,mantido
456,230.0,256.0,2.0,4.199999999999989,144.0,True,True,True,False,mantido
457,231.0,256.0,2.0,4.199999999999989,145.0,True,True,True,False,mantido
458,232.0,256.0,2.0,4.199999999999989,146.0,True,True,True,False,mantido
459,233.0,256.0,2.0,4.199999999999989,147.0,True,True,True,False,mantido
460,234.0,256.0,2.0,4.199999999999989,148.0,True,True,True,False,mantido
461,235.0,256.0,2.0,4.199999999999989,149.0,True,True,True,False,mantido
462,236.0,256.0,2.0,4.199999999999989,150.0,True,True,True,False,mantido
463,237.0,256.0,2.0,4.199999999999989,151.0,True,True,True,False,mantido
464,238.0,256.0,2.0,4.199999999999989,152.0,True,True,True,False,mantido
465,239.0,256.0,2.0,4.199999999999989,153.0,True,True,True,False,mantido
466,240.0,256.0,2.0,4.199999999999989,154.0,True,True,True,False,mantido
467,241.0,256.0,2.0,4.199999999999989,155.0,True,True,True,False,mantido
468,242.0,256.0,2.0,4.199999999999989,156.0,True,True,True,False,mantido
469,243.0,256.0,2.0,4.199999999999989,157.0,True,True,True,False,mantido
470,244.0,256.0,2.0,4.199999999999989,158.0,True,True,True,False,mantido
471,245.0,256.0,2.0,4.199999999999989,159.0,True,True,True,False,mantido
472,246.0,256.0,2.0,4.199999999999989,160.0,True,True,True,False,mantido
473,247.0,256.0,2.0,4.199999999999989,161.0,True,True,True,False,mantido
474,248.0,256.0,2.0,4.199999999999989,162.0,True,True,True,False,mantido
475,249.0,256.0,2.0,4.199999999999989,163.0,True,True,True,False,mantido
476,250.0,256.0,2.0,4.199999999999989,164.0,True,True,True,False,mantido
477,251.0,256.0,2.0,4.199999999999989,165.0,True,True,True,False,mantido
478,252.0,256.0,2.0,4.199999999999989,166.0,True,True,True,False,mantido
479,253.0,256.0,2.0,4.199999999999989,167.0,True,True,True,False,mantido
480,254.0,256.0,2.0,4.199999999999989,168.0,True,True,True,False,mantido
481,255.0,256.0,2.0,4.199999999999989,169.0,True,True,True,False,mantido
482,256.0,256.0,2.0,4.199999999999989,170.0,True,True,True,False,mantido
483,257.0,256.0,2.0,4.199999999999989,171.0,True,True,True,False,mantido
484,258.0,256.0,2.0,4.199999999999989,172.0,True,True,True,False,mantido
485,259.0,256.0,2.0,4.199999999999989,173.0,True,True,True,False,mantido
486,260.0,256.0,2.0,4.199999999999989,174.0,True,True,True,False,mantido
487,261.0,256.0,2.0,4.199999999999989,175.0,True,True,True,False,mantido
488,262.0,256.0,2.0,4.199999999999989,176.0,True,True,True,False,mantido
489,263.0,256.0,2.0,4.199999999999989,177.0,True,True,True,False,mantido
490,264.0,256.0,2.0,4.199999999999989,178.0,True,True,True,False,mantido
491,265.0,256.0,2.0,4.199999999999989,179.0,True,True,True,False,mantido
492,266.0,256.0,2.0,4.199999999999989,180.0,True,True,True,False,mantido
493,267.0,256.0,2.0,4.199999999999989,181.0,True,True,True,False,mantido
494,268.0,256.0,2.0,4.199999999999989,182.0,True,True,True,False,mantido
495,269.0,256.0,2.0,4.199999999999989,183.0,True,True,True,False,mantido
496,270.0,256.0,2.0,4.199999999999989,184.0,True,True,True,False,mantido
497,271.0,256.0,2.0,4.199999999999989,185.0,True,True,True,False,mantido
498,272.0,256.0,2.0,4.199999999999989,186.0,True,True,True,False,mantido
499,273.0,256.0,2.0,4.199999999999989,187.0,True,True,True,False,mantido
500,274.0,256.0,2.0,4.199999999999989,188.0,True,True,True,False,mantido
501,275.0,256.0,2.0,4.199999999999989,189.0,True,True,True,False,mantido
502,276.0,256.0,2.0,4.199999999999989,190.0,True,True,True,False,mantido
503,277.0,256.0,2.0,4.199999999999989,191.0,True,True,True,False,mantido
504,278.0,256.0,2.0,4.199999999999989,192.0,True,True,True,False,mantido
505,279.0,256.0,2.0,4.199999999999989,193.0,True,True,True,False,mantido
506,280.0,256.0,2.0,4.199999999999989,194.0,True,True,True,False,mantido
507,281.0,256.0,2.0,4.199999999999989,195.0,True,True,True,False,mantido
508,282.0,256.0,2.0,4.199999999999989,196.0,True,True,True,False,mantido
509,283.0,256.0,2.0,4.199999999999989,197.0,True,True,True,False,mantido
510,284.0,256.0,2.0,4.199999999999989,198.0,True,True,True,False,mantido
511,285.0,256.0,2.0,4.199999999999989,199.0,True,True,True,False,mantido
512,286.0,256.0,2.0,4.199999999999989,200.0,True,True,True,False,mantido
513,287.0,256.0,2.0,4.199999999999989,201.0,True,True,True,False,mantido
514,288.0,256.0,2.0,4.199999999999989,202.0,True,True,True,False,mantido
515,289.0,256.0,2.0,4.199999999999989,203.0,True,True,True,False,mantido
516,290.0,256.0,2.0,4.199999999999989,204.0,True,True,True,False,mantido
517,291.0,256.0,2.0,4.199999999999989,205.0,True,True,True,False,mantido
518,292.0,256.0,2.0,4.199999999999989,206.0,True,True,True,False,mantido
519,293.0,256.0,2.0,4.199999999999989,207.0,True,True,True,False,mantido
520,294.0,256.0,2.0,4.199999999999989,208.0,True,True,True,False,mantido
521,295.0,256.0,2.0,4.199999999999989,209.0,True,True,True,False,mantido
522,296.0,256.0,2.0,4.199999999999989,210.0,True,True,True,False,mantido
523,297.0,256.0,2.0,4.199999999999989,211.0,True,True,True,False,mantido
524,298.0,256.0,2.0,4.199999999999989,212.0,True,True,True,False,mantido
525,299.0,256.0,2.0,4.199999999999989,213.0,True,True,True,False,mantido
526,300.0,256.0,2.0,4.199999999999989,214.0,True,True,True,False,mantido
527,301.0,256.0,2.0,4.199999999999989,215.0,True,True,True,False,mantido
528,302.0,256.0,2.0,4.199999999999989,216.0,True,True,True,False,mantido
529,303.0,256.0,2.0,4.199999999999989,217.0,True,True,True,False,mantido
530,304.0,256.0,2.0,4.199999999999989,218.0,True,True,True,False,mantido
531,305.0,256.0,2.0,4.199999999999989,219.0,True,True,True,False,mantido
532,306.0,256.0,2.0,4.199999999999989,220.0,True,True,True,False,mantido
533,307.0,256.0,2.0,4.199999999999989,221.0,True,True,True,False,mantido
534,308.0,256.0,2.0,4.199999999999989,222.0,True,True,True,False,mantido
535,309.0,256.0,2.0,4.199999999999989,223.0,True,True,True,False,mantido
536,310.0,256.0,2.0,4.199999999999989,224.0,True,True,True,False,mantido
537,311.0,256.0,2.0,4.199999999999989,225.0,True,True,True,False,mantido
538,312.0,256.0,2.0,4.199999999999989,226.0,True,True,True,False,mantido
539,313.0,256.0,2.0,4.199999999999989,227.0,True,True,True,False,mantido
540,314.0,256.0,2.0,4.199999999999989,228.0,True,True,True,False,mantido
541,315.0,256.0,2.0,4.199999999999989,229.0,True,True,True,False,mantido
542,316.0,256.0,2.0,4.199999999999989,230.0,True,True,True,False,mantido
543,317.0,256.0,2.0,4.199999999999989,231.0,True,True,True,False,mantido
544,318.0,256.0,2.0,4.199999999999989,232.0,True,True,True,False,mantido
545,319.0,256.0,2.0,4.199999999999989,233.0,True,True,True,False,mantido
546,320.0,256.0,2.0,4.199999999999989,234.0,True,True,True,False,mantido
547,321.0,256.0,2.0,4.199999999999989,235.0,True,True,True,False,mantido
548,322.0,256.0,2.0,4.199999999999989,236.0,True,True,True,False,mantido
549,323.0,256.0,2.0,4.199999999999989,237.0,True,True,True,False,mantido
550,324.0,256.0,2.0,4.199999999999989,238.0,True,True,True,False,mantido
551,325.0,256.0,2.0,4.199999999999989,239.0,True,True,True,False,mantido
552,326.0,256.0,2.0,4.199999999999989,240.0,True,True,True,False,mantido
553,327.0,256.0,2.0,4.199999999999989,241.0,True,True,True,False,mantido
554,328.0,256.0,2.0,4.199999999999989,242.0,True,True,True,False,mantido
555,329.0,256.0,2.0,4.199999999999989,243.0,True,True,True,False,mantido
556,330.0,256.0,2.0,4.199999999999989,244.0,True,True,True,False,mantido
557,331.0,256.0,2.0,4.199999999999989,245.0,True,True,True,False,mantido
558,332.0,256.0,2.0,4.199999999999989,246.0,True,True,True,False,mantido
559,333.0,256.0,2.0,4.199999999999989,247.0,True,True,True,False,mantido
560,334.0,256.0,2.0,4.199999999999989,248.0,True,True,True,False,mantido
561,335.0,256.0,2.0,4.199999999999989,249.0,True,True,True,False,mantido
562,336.0,256.0,2.0,4.199999999999989,250.0,True,True,True,False,mantido
563,337.0,256.0,2.0,4.199999999999989,251.0,True,True,True,False,mantido
564,338.0,256.0,2.0,4.199999999999989,252.0,True,True,True,False,mantido
565,339.0,256.0,2.0,4.199999999999989,253.0,True,True,True,False,mantido
566,340.0,256.0,2.0,4.199999999999989,254.0,True,True,True,False,mantido
567,341.0,256.0,2.0,4.199999999999989,255.0,True,True,True,False,mantido
568,342.0,256.0,2.0,4.199999999999989,256.0,True,True,True,False,mantido
569,343.0,256.0,2.0,4.199999999999989,257.0,True,True,True,False,mantido
570,344.0,256.0,2.0,4.199999999999989,258.0,True,True,True,False,mantido
571,345.0,256.0,2.0,4.199999999999989,259.0,True,True,True,False,mantido
572,346.0,256.0,2.0,4.199999999999989,260.0,True,True,True,False,mantido
573,347.0,256.0,2.0,4.199999999999989,261.0,True,True,True,False,mantido
574,348.0,256.0,2.0,4.199999999999989,262.0,True,True,True,False,mantido
575,349.0,256.0,2.0,4.199999999999989,263.0,True,True,True,False,mantido
576,350.0,256.0,2.0,4.199999999999989,264.0,True,True,True,False,mantido
577,351.0,256.0,2.0,4.199999999999989,265.0,True,True,True,False,mantido
578,352.0,256.0,2.0,4.199999999999989,266.0,False,True,False,True,lado_errado
579,353.0,256.0,2.0,4.199999999999989,267.0,False,True,False,True,lado_errado
580,354.0,256.0,2.0,4.199999999999989,268.0,False,True,False,True,lado_errado
581,355.0,256.0,2.0,4.199999999999989,269.0,False,True,False,True,lado_errado
582,356.0,256.0,2.0,4.199999999999989,270.0,False,True,False,True,lado_errado
583,357.0,256.0,2.0,4.199999999999989,271.0,False,True,False,True,lado_errado
584,358.0,256.0,2.0,4.199999999999989,272.0,False,True,False,True,lado_errado
585,359.0,256.0,2.0,4.199999999999989,273.0,False,True,False,True,lado_errado
586,360.0,256.0,2.0,4.199999999999989,274.0,False,True,False,True,lado_errado
587,361.0,256.0,2.0,4.199999999999989,275.0,False,True,False,True,lado_errado
588,362.0,256.0,2.0,4.199999999999989,276.0,False,True,False,True,lado_errado
589,363.0,256.0,2.0,4.199999999999989,277.0,False,True,False,True,lado_errado
590,364.0,256.0,2.0,4.199999999999989,278.0,False,True,False,True,lado_errado
591,365.0,256.0,2.0,4.199999999999989,279.0,False,True,False,True,lado_errado
592,366.0,256.0,2.0,4.199999999999989,280.0,False,True,False,True,lado_errado
593,367.0,256.0,2.0,4.199999999999989,281.0,False,True,False,True,lado_errado
594,368.0,256.0,2.0,4.199999999999989,282.0,False,True,False,True,lado_errado
595,369.0,256.0,2.0,4.199999999999989,283.0,False,True,False,True,lado_errado
596,370.0,256.0,2.0,4.199999999999989,284.0,False,True,False,True,lado_errado
597,371.0,256.0,2.0,4.199999999999989,285.0,False,True,False,True,lado_errado
598,372.0,256.0,2.0,4.199999999999989,286.0,False,True,False,True,lado_errado
599,373.0,256.0,2.0,4.199999999999989,287.0,False,True,False,True,lado_errado
600,374.0,256.0,2.0,4.199999999999989,288.0,False,True,False,True,lado_errado
601,375.0,256.0,2.0,4.199999999999989,289.0,False,True,False,True,lado_errado
602,376.0,256.0,2.0,4.199999999999989,290.0,False,True,False,True,lado_errado
603,377.0,256.0,2.0,4.199999999999989,291.0,False,True,False,True,lado_errado
604,378.0,256.0,2.0,4.199999999999989,292.0,False,True,False,True,lado_errado
605,379.0,256.0,2.0,4.199999999999989,293.0,False,True,False,True,lado_errado
606,380.0,256.0,2.0,4.199999999999989,294.0,False,True,False,True,lado_errado
607,381.0,256.0,2.0,4.199999999999989,295.0,False,True,False,True,lado_errado
608,382.0,256.0,2.0,4.199999999999989,296.0,False,True,False,True,lado_errado
609,383.0,256.0,2.0,4.199999999999989,297.0,False,True,False,True,lado_errado
610,384.0,256.0,2.0,4.199999999999989,298.0,False,True,False,True,lado_errado
611,385.0,256.0,2.0,4.199999999999989,299.0,False,True,False,True,lado_errado
612,386.0,256.0,2.0,4.199999999999989,300.0,False,True,False,True,lado_errado
613,387.0,256.0,2.0,4.199999999999989,301.0,False,True,False,True,lado_errado
614,388.0,256.0,2.0,4.199999999999989,302.0,False,True,False,True,lado_errado
615,389.0,256.0,2.0,4.199999999999989,303.0,False,True,False,True,lado_errado
616,390.0,256.0,2.0,4.199999999999989,304.0,False,True,False,True,lado_errado
617,391.0,256.0,2.0,4.199999999999989,305.0,False,True,False,True,lado_errado
618,392.0,256.0,2.0,4.199999999999989,306.0,False,True,False,True,lado_errado
619,393.0,256.0,2.0,4.199999999999989,307.0,False,True,False,True,lado_errado
620,394.0,256.0,2.0,4.199999999999989,308.0,False,True,False,True,lado_errado
621,395.0,256.0,2.0,4.199999999999989,309.0,False,True,False,True,lado_errado
622,396.0,256.0,2.0,4.199999999999989,310.0,False,True,False,True,lado_errado
623,397.0,256.0,2.0,4.199999999999989,311.0,False,True,False,True,lado_errado
624,398.0,256.0,2.0,4.199999999999989,312.0,False,True,False,True,lado_errado
625,399.0,256.0,2.0,4.199999999999989,313.0,False,True,False,True,lado_errado
626,400.0,256.0,2.0,4.199999999999989,314.0,False,True,False,True,lado_errado
627,401.0,256.0,2.0,4.199999999999989,315.0,False,True,False,True,lado_errado
628,402.0,256.0,2.0,4.199999999999989,316.0,False,True,False,True,lado_errado
629,403.0,256.0,2.0,4.199999999999989,317.0,False,True,False,True,lado_errado
630,404.0,256.0,2.0,4.199999999999989,318.0,False,True,False,True,lado_errado
631,405.0,256.0,2.0,4.199999999999989,319.0,False,True,False,True,lado_errado
632,406.0,256.0,2.0,4.199999999999989,320.0,False,True,False,True,lado_errado
633,407.0,256.0,2.0,4.199999999999989,321.0,False,True,False,True,lado_errado
634,408.0,256.0,2.0,4.199999999999989,322.0,False,True,False,True,lado_errado
635,409.0,256.0,2.0,4.199999999999989,323.0,False,True,False,True,lado_errado
636,410.0,256.0,2.0,4.199999999999989,324.0,False,True,False,True,lado_errado
637,411.0,256.0,2.0,4.199999999999989,325.0,False,True,False,True,lado_errado
638,412.0,256.0,2.0,4.199999999999989,326.0,False,True,False,True,lado_errado
639,413.0,256.0,2.0,4.199999999999989,327.0,False,True,False,True,lado_errado
640,414.0,256.0,2.0,4.199999999999989,328.0,False,True,False,True,lado_errado
641,415.0,256.0,2.0,4.199999999999989,329.0,False,True,False,True,lado_errado
642,416.0,256.0,2.0,4.199999999999989,330.0,False,True,False,True,lado_errado
643,417.0,256.0,2.0,4.199999999999989,331.0,False,True,False,True,lado_errado
644,418.0,256.0,2.0,4.199999999999989,332.0,False,True,False,True,lado_errado
645,419.0,256.0,2.0,4.199999999999989,333.0,False,True,False,True,lado_errado
646,420.0,256.0,2.0,4.199999999999989,334.0,False,True,False,True,lado_errado
647,421.0,256.0,2.0,4.199999999999989,335.0,False,True,False,True,lado_errado
648,422.0,256.0,2.0,4.199999999999989,336.0,False,True,False,True,lado_errado
649,423.0,256.0,2.0,4.199999999999989,337.0,False,True,False,True,lado_errado
650,424.0,256.0,2.0,4.199999999999989,338.0,False,True,False,True,lado_errado
651,425.0,256.0,2.0,4.199999999999989,339.0,False,True,False,True,lado_errado
652,426.0,256.0,2.0,4.199999999999989,340.0,False,True,False,True,lado_errado
653,427.0,256.0,2.0,4.199999999999989,341.0,False,True,False,True,lado_errado
654,428.0,256.0,2.0,4.199999999999989,342.0,False,True,False,True,lado_errado
655,429.0,256.0,2.0,4.199999999999989,343.0,False,True,False,True,lado_errado
656,430.0,256.0,2.0,4.199999999999989,344.0,False,True,False,True,lado_errado
657,431.0,256.0,2.0,4.199999999999989,345.0,False,True,False,True,lado_errado
658,432.0,256.0,2.0,4.199999999999989,346.0,False,True,False,True,lado_errado
659,433.0,256.0,2.0,4.199999999999989,347.0,False,True,False,True,lado_errado
660,434.0,256.0,2.0,4.199999999999989,348.0,False,True,False,True,lado_errado
661,435.0,256.0,2.0,4.199999999999989,349.0,False,True,False,True,lado_errado
662,436.0,256.0,2.0,4.199999999999989,350.0,False,True,False,True,lado_errado
663,437.0,256.0,2.0,4.199999999999989,351.0,False,True,False,True,lado_errado
664,438.0,256.0,2.0,4.199999999999989,352.0,False,True,False,True,lado_errado
665,439.0,256.0,2.0,4.199999999999989,353.0,False,True,False,True,lado_errado
666,440.0,256.0,2.0,4.199999999999989,354.0,False,True,False,True,lado_errado
667,441.0,256.0,2.0,4.199999999999989,355.0,False,True,False,True,lado_errado
668,442.0,256.0,2.0,4.199999999999989,356.0,False,True,False,True,lado_errado
669,443.0,256.0,2.0,4.199999999999989,357.0,False,True,False,True,lado_errado
670,444.0,256.0,2.0,4.199999999999989,358.0,False,True,False,True,lado_errado
671,445.0,256.0,2.0,4.199999999999989,359.0,False,True,False,True,lado_errado
672,446.0,256.0,2.0,4.199999999999989,360.0,False,True,False,True,lado_errado
673,447.0,256.0,2.0,4.199999999999989,361.0,False,True,False,True,lado_errado
674,448.0,256.0,2.0,4.199999999999989,362.0,False,True,False,True,lado_errado
675,449.0,256.0,2.0,4.199999999999989,363.0,False,True,False,True,lado_errado
676,450.0,256.0,2.0,4.199999999999989,364.0,False,True,False,True,lado_errado
677,451.0,256.0,2.0,4.199999999999989,365.0,False,True,False,True,lado_errado
678,452.0,256.0,2.0,4.199999999999989,366.0,False,True,False,True,lado_errado
679,453.0,256.0,2.0,4.199999999999989,367.0,False,True,False,True,lado_errado
680,454.0,256.0,2.0,4.199999999999989,368.0,False,True,False,True,lado_errado
681,455.0,256.0,2.0,4.199999999999989,369.0,False,True,False,True,lado_errado
682,456.0,256.0,2.0,4.199999999999989,370.0,False,True,False,True,lado_errado
683,457.0,256.0,2.0,4.199999999999989,371.0,False,True,False,True,lado_errado
684,458.0,256.0,2.0,4.199999999999989,372.0,False,True,False,True,lado_errado
685,459.0,256.0,2.0,4.199999999999989,373.0,False,True,False,True,lado_errado
686,460.0,256.0,2.0,4.199999999999989,374.0,False,True,False,True,lado_errado
687,461.0,256.0,2.0,4.199999999999989,375.0,False,True,False,True,lado_errado
688,462.0,256.0,2.0,4.199999999999989,376.0,False,True,False,True,lado_errado
689,463.0,256.0,2.0,4.199999999999989,377.0,False,True,False,True,lado_errado
690,464.0,256.0,2.0,4.199999999999989,378.0,False,True,False,True,lado_errado
691,465.0,256.0,2.0,4.199999999999989,379.0,False,True,False,True,lado_errado
692,466.0,256.0,2.0,4.199999999999989,380.0,False,True,False,True,lado_errado
693,467.0,256.0,2.0,4.199999999999989,381.0,False,True,False,True,lado_errado
694,468.0,256.0,2.0,4.199999999999989,382.0,False,True,False,True,lado_errado
695,469.0,256.0,2.0,4.199999999999989,383.0,False,True,False,True,lado_errado
696,470.0,256.0,2.0,4.199999999999989,384.0,False,True,False,True,lado_errado
697,471.0,256.0,2.0,4.199999999999989,385.0,False,True,False,True,lado_errado
698,472.0,256.0,2.0,4.199999999999989,386.0,False,True,False,True,lado_errado
699,473.0,256.0,2.0,4.199999999999989,387.0,False,True,False,True,lado_errado
700,474.0,256.0,2.0,4.199999999999989,388.0,False,True,False,True,lado_errado
701,475.0,256.0,2.0,4.199999999999989,389.0,False,True,False,True,lado_errado
702,476.0,256.0,2.0,4.199999999999989,390.0,False,True,False,True,lado_errado
703,477.0,256.0,2.0,4.199999999999989,391.0,False,True,False,True,lado_errado
704,478.0,256.0,2.0,4.199999999999989,392.0,False,True,False,True,lado_errado
705,479.0,256.0,2.0,4.199999999999989,393.0,False,True,False,True,lado_errado
706,480.0,256.0,2.0,4.199999999999989,394.0,False,True,False,True,lado_errado
707,481.0,256.0,2.0,4.199999999999989,395.0,False,True,False,True,lado_errado
708,482.0,256.0,2.0,4.199999999999989,396.0,False,True,False,True,lado_errado
709,483.0,256.0,2.0,4.199999999999989,397.0,False,True,False,True,lado_errado
710,484.0,256.0,2.0,4.199999999999989,398.0,False,True,False,True,lado_errado
711,485.0,256.0,2.0,4.199999999999989,399.0,False,True,False,True,lado_errado
712,486.0,256.0,2.0,4.199999999999989,400.0,False,True,False,True,lado_errado
713,487.0,256.0,2.0,4.199999999999989,401.0,False,True,False,True,lado_errado
714,488.0,256.0,2.0,4.199999999999989,402.0,False,True,False,True,lado_errado
715,489.0,256.0,2.0,4.199999999999989,403.0,False,True,False,True,lado_errado
716,490.0,256.0,2.0,4.199999999999989,404.0,False,True,False,True,lado_errado
717,491.0,256.0,2.0,4.199999999999989,405.0,False,True,False,True,lado_errado
718,492.0,256.0,2.0,4.199999999999989,406.0,False,True,False,True,lado_errado
719,493.0,256.0,2.0,4.199999999999989,407.0,False,True,False,True,lado_errado
720,494.0,256.0,2.0,4.199999999999989,408.0,False,True,False,True,lado_errado
721,495.0,256.0,2.0,4.199999999999989,409.0,False,True,False,True,lado_errado
722,496.0,256.0,2.0,4.199999999999989,410.0,False,True,False,True,lado_errado
723,497.0,256.0,2.0,4.199999999999989,411.0,False,True,False,True,lado_errado
724,498.0,256.0,2.0,4.199999999999989,412.0,False,True,False,True,lado_errado
725,499.0,256.0,2.0,4.199999999999989,413.0,False,True,False,True,lado_errado
726,500.0,256.0,2.0,4.199999999999989,414.0,False,True,False,True,lado_errado
727,501.0,256.0,2.0,4.199999999999989,415.0,False,True,False,True,lado_errado
728,502.0,256.0,2.0,4.199999999999989,416.0,False,True,False,True,lado_errado
729,503.0,256.0,2.0,4.199999999999989,417.0,False,True,False,True,lado_errado
730,504.0,256.0,2.0,4.199999999999989,418.0,False,True,False,True,lado_errado
731,505.0,256.0,2.0,4.199999999999989,419.0,False,True,False,True,lado_errado
732,506.0,256.0,2.0,4.199999999999989,420.0,False,True,False,True,lado_errado
733,507.0,256.0,2.0,4.199999999999989,421.0,False,True,False,True,lado_errado
734,508.0,256.0,2.0,4.199999999999989,422.0,False,True,False,True,lado_errado
735,509.0,256.0,2.0,4.199999999999989,423.0,False,True,False,True,lado_errado
736,510.0,256.0,2.0,4.199999999999989,424.0,False,True,False,True,lado_errado
737,511.0,256.0,2.0,4.199999999999989,425.0,False,True,False,True,lado_errado
738,512.0,256.0,2.0,4.199999999999989,426.0,False,True,False,True,lado_errado
739,513.0,256.0,2.0,4.199999999999989,427.0,False,True,False,True,lado_errado
740,514.0,256.0,2.0,4.199999999999989,428.0,False,True,False,True,lado_errado
741,515.0,256.0,2.0,4.199999999999989,429.0,False,True,False,True,lado_errado
742,516.0,256.0,2.0,4.199999999999989,430.0,False,True,False,True,lado_errado
743,517.0,256.0,2.0,4.199999999999989,431.0,False,True,False,True,lado_errado
744,518.0,256.0,2.0,4.199999999999989,432.0,False,True,False,True,lado_errado
745,519.0,256.0,2.0,4.199999999999989,433.0,False,True,False,True,lado_errado
746,520.0,256.0,2.0,4.199999999999989,434.0,False,True,False,True,lado_errado
747,521.0,256.0,2.0,4.199999999999989,435.0,False,True,False,True,lado_errado
748,522.0,256.0,2.0,4.199999999999989,436.0,False,True,False,True,lado_errado
749,523.0,256.0,2.0,4.199999999999989,437.0,False,True,False,True,lado_errado
750,524.0,256.0,2.0,4.199999999999989,438.0,False,True,False,True,lado_errado
751,525.0,256.0,2.0,4.199999999999989,439.0,False,True,False,True,lado_errado
752,526.0,256.0,2.0,4.199999999999989,440.0,False,True,False,True,lado_errado
753,527.0,256.0,2.0,4.199999999999989,441.0,False,True,False,True,lado_errado
754,528.0,256.0,2.0,4.199999999999989,442.0,False,True,False,True,lado_errado
755,529.0,256.0,2.0,4.199999999999989,443.0,False,True,False,True,lado_errado
756,530.0,256.0,2.0,4.199999999999989,444.0,False,True,False,True,lado_errado
757,531.0,256.0,2.0,4.199999999999989,445.0,False,True,False,True,lado_errado
758,532.0,256.0,2.0,4.199999999999989,446.0,False,True,False,True,lado_errado
759,533.0,256.0,2.0,4.199999999999989,447.0,False,True,False,True,lado_errado
760,534.0,256.0,2.0,4.199999999999989,448.0,False,True,False,True,lado_errado
761,535.0,256.0,2.0,4.199999999999989,449.0,False,True,False,True,lado_errado
762,536.0,256.0,2.0,4.199999999999989,450.0,False,True,False,True,lado_errado
763,537.0,256.0,2.0,4.199999999999989,451.0,False,True,False,True,lado_errado
764,538.0,256.0,2.0,4.199999999999989,452.0,False,True,False,True,lado_errado
765,539.0,256.0,2.0,4.199999999999989,453.0,False,True,False,True,lado_errado
766,540.0,256.0,2.0,4.199999999999989,454.0,False,True,False,True,lado_errado
767,541.0,256.0,2.0,4.199999999999989,455.0,False,True,False,True,lado_errado
768,542.0,256.0,2.0,4.199999999999989,456.0,False,True,False,True,lado_errado
769,543.0,256.0,2.0,4.199999999999989,457.0,False,True,False,True,lado_errado
770,544.0,256.0,2.0,4.199999999999989,458.0,False,True,False,True,lado_errado
771,545.0,256.0,2.0,4.199999999999989,459.0,False,True,False,True,lado_errado
772,546.0,256.0,2.0,4.199999999999989,460.0,False,True,False,True,lado_errado
773,547.0,256.0,2.0,4.199999999999989,461.0,False,True,False,True,lado_errado
774,548.0,256.0,2.0,4.199999999999989,462.0,False,True,False,True,lado_errado
775,549.0,256.0,2.0,4.199999999999989,463.0,False,True,False,True,lado_errado
776,550.0,256.0,2.0,4.199999999999989,464.0,False,True,False,True,lado_errado
777,551.0,256.0,2.0,4.199999999999989,465.0,False,True,False,True,lado_errado
778,552.0,256.0,2.0,4.199999999999989,466.0,False,True,False,True,lado_errado
779,553.0,256.0,2.0,4.199999999999989,467.0,False,True,False,True,lado_errado
780,554.0,256.0,2.0,4.199999999999989,468.0,False,True,False,True,lado_errado
781,555.0,256.0,2.0,4.199999999999989,469.0,False,True,False,True,lado_errado
782,556.0,256.0,2.0,4.199999999999989,470.0,False,True,False,True,lado_errado
783,557.0,256.0,2.0,4.199999999999989,471.0,False,True,False,True,lado_errado
784,558.0,256.0,2.0,4.199999999999989,472.0,False,True,False,True,lado_errado
785,559.0,256.0,2.0,4.199999999999989,473.0,False,True,False,True,lado_errado
786,560.0,256.0,2.0,4.199999999999989,474.0,False,True,False,True,lado_errado
787,561.0,256.0,2.0,4.199999999999989,475.0,False,True,False,True,lado_errado
788,562.0,256.0,2.0,4.199999999999989,476.0,False,True,False,True,lado_errado
789,563.0,256.0,2.0,4.199999999999989,477.0,False,True,False,True,lado_errado
790,564.0,256.0,2.0,4.199999999999989,478.0,False,True,False,True,lado_errado
791,565.0,256.0,2.0,4.199999999999989,479.0,False,True,False,True,lado_errado
792,566.0,256.0,2.0,4.199999999999989,480.0,False,True,False,True,lado_errado
793,567.0,256.0,2.0,4.199999999999989,481.0,False,True,False,True,lado_errado
794,568.0,256.0,2.0,4.199999999999989,482.0,False,True,False,True,lado_errado
795,569.0,256.0,2.0,4.199999999999989,483.0,False,True,False,True,lado_errado
796,570.0,256.0,2.0,4.199999999999989,484.0,False,True,False,True,lado_errado
797,571.0,256.0,2.0,4.199999999999989,485.0,False,True,False,True,lado_errado
798,572.0,256.0,2.0,4.199999999999989,486.0,False,True,False,True,lado_errado
799,573.0,256.0,2.0,4.199999999999989,487.0,False,True,False,True,lado_errado
800,574.0,256.0,2.0,4.199999999999989,488.0,False,True,False,True,lado_errado
801,575.0,256.0,2.0,4.199999999999989,489.0,False,True,False,True,lado_errado
802,576.0,256.0,2.0,4.199999999999989,490.0,False,True,False,True,lado_errado
803,577.0,256.0,2.0,4.199999999999989,491.0,False,True,False,True,lado_errado
804,578.0,256.0,2.0,4.199999999999989,492.0,False,True,False,True,lado_errado
805,579.0,256.0,2.0,4.199999999999989,493.0,False,True,False,True,lado_errado
806,580.0,256.0,2.0,4.199999999999989,494.0,False,True,False,True,lado_errado
807,581.0,256.0,2.0,4.199999999999989,495.0,False,True,False,True,lado_errado
808,582.0,256.0,2.0,4.199999999999989,496.0,False,True,False,True,lado_errado
809,583.0,256.0,2.0,4.199999999999989,497.0,False,True,False,True,lado_errado
810,584.0,256.0,2.0,4.199999999999989,498.0,False,True,False,True,lado_errado
811,585.0,256.0,2.0,4.199999999999989,499.0,False,True,False,True,lado_errado
812,586.0,256.0,2.0,4.199999999999989,500.0,False,True,False,True,lado_errado
813,587.0,256.0,2.0,4.199999999999989,501.0,False,True,False,True,lado_errado
814,588.0,256.0,2.0,4.199999999999989,502.0,False,True,False,True,lado_errado
815,589.0,256.0,2.0,4.199999999999989,503.0,False,True,False,True,lado_errado
816,590.0,256.0,2.0,4.199999999999989,504.0,False,True,False,True,lado_errado
817,591.0,256.0,2.0,4.199999999999989,505.0,False,True,False,True,lado_errado
818,592.0,256.0,2.0,4.199999999999989,506.0,False,True,False,True,lado_errado
819,593.0,256.0,2.0,4.199999999999989,507.0,False,True,False,True,lado_errado
820,594.0,256.0,2.0,4.199999999999989,508.0,False,True,False,True,lado_errado
821,595.0,256.0,2.0,4.199999999999989,509.0,False,True,False,True,lado_errado
822,596.0,256.0,2.0,4.199999999999989,510.0,False,True,False,True,lado_errado
823,597.0,256.0,2.0,4.199999999999989,511.0,False,True,False,True,lado_errado
824,598.0,256.0,2.0,4.199999999999989,512.0,False,True,False,True,lado_errado
825,599.0,256.0,2.0,4.199999999999989,513.0,False,True,False,True,lado_errado
826,600.0,256.0,2.0,4.199999999999989,514.0,False,True,False,True,lado_errado
827,601.0,256.0,2.0,4.199999999999989,515.0,False,True,False,True,lado_errado
828,602.0,256.0,2.0,4.199999999999989,516.0,False,True,False,True,lado_errado
829,603.0,256.0,2.0,4.199999999999989,517.0,False,True,False,True,lado_errado
830,604.0,256.0,2.0,4.199999999999989,518.0,False,True,False,True,lado_errado
831,605.0,256.0,2.0,4.199999999999989,519.0,False,True,False,True,lado_errado
832,606.0,256.0,2.0,4.199999999999989,520.0,False,True,False,True,lado_errado
833,607.0,256.0,2.0,4.199999999999989,521.0,False,True,False,True,lado_errado
834,608.0,256.0,2.0,4.199999999999989,522.0,False,True,False,True,lado_errado
835,609.0,256.0,2.0,4.199999999999989,523.0,False,True,False,True,lado_errado
836,610.0,256.0,2.0,4.199999999999989,524.0,False,True,False,True,lado_errado
837,611.0,256.0,2.0,4.199999999999989,525.0,False,True,False,True,lado_errado
838,612.0,256.0,2.0,4.199999999999989,526.0,False,True,False,True,lado_errado
839,613.0,256.0,2.0,4.199999999999989,527.0,False,True,False,True,lado_errado
840,614.0,256.0,2.0,4.199999999999989,528.0,False,True,False,True,lado_errado
841,615.0,256.0,2.0,4.199999999999989,529.0,False,True,False,True,lado_errado
842,616.0,256.0,2.0,4.199999999999989,530.0,False,True,False,True,lado_errado
843,617.0,256.0,2.0,4.199999999999989,531.0,False,True,False,True,lado_errado
844,616.0,255.0,3.0,5.199999999999989,530.0009433953868,False,True,False,True,lado_errado
845,616.0,254.0,4.0,6.199999999999989,530.0037735714718,False,True,False,True,lado_errado
846,616.0,253.0,5.0,7.199999999999989,530.0084904980297,False,True,False,True,lado_errado
847,616.0,252.0,6.0,8.199999999999989,530.0150941246862,False,True,False,True,lado_errado
848,616.0,251.0,7.0,9.199999999999989,530.0235843809216,False,True,False,True,lado_errado
849,615.0,250.0,8.0,10.199999999999989,529.0340253707695,False,True,False,True,lado_errado
850,615.0,249.0,9.0,11.199999999999989,529.0463117724194,False,True,False,True,lado_errado
851,615.0,248.0,10.0,12.199999999999989,529.0604880351584,False,True,False,True,lado_errado
852,615.0,247.0,11.0,13.199999999999989,529.0765540070737,False,True,False,True,lado_errado
853,615.0,246.0,12.0,14.199999999999989,529.0945095160221,False,True,False,True,lado_errado
854,614.0,245.0,13.0,15.199999999999989,528.1145709029433,False,True,False,True,lado_errado
855,614.0,244.0,14.0,16.19999999999999,528.1363460319693,False,True,False,True,lado_errado
856,614.0,243.0,15.0,17.19999999999999,528.1600136322324,False,True,False,True,lado_errado
857,614.0,242.0,16.0,18.19999999999999,528.1855734493323,False,True,False,True,lado_errado
858,613.0,241.0,17.0,19.19999999999999,527.2134292675026,False,True,False,True,lado_errado
859,613.0,240.0,18.0,20.19999999999999,527.2428283058955,False,True,False,True,lado_errado
860,613.0,239.0,19.0,21.19999999999999,527.274122255208,False,True,False,True,lado_errado
861,613.0,238.0,20.0,22.19999999999999,527.3073107780699,False,True,False,True,lado_errado
862,612.0,237.0,21.0,23.19999999999999,526.3430440311718,False,True,False,True,lado_errado
863,612.0,236.0,22.0,24.19999999999999,526.3800908089135,False,True,False,True,lado_errado
864,612.0,235.0,23.0,25.19999999999999,526.4190346102617,False,True,False,True,lado_errado
865,612.0,234.0,24.0,26.19999999999999,526.4598750142312,False,True,False,True,lado_errado
866,611.0,233.0,25.0,27.19999999999999,525.5035680183342,False,True,False,True,lado_errado
867,611.0,232.0,26.0,28.19999999999999,525.5482851270662,False,True,False,True,lado_errado
868,611.0,231.0,27.0,29.19999999999999,525.594901040716,False,True,False,True,lado_errado
869,610.0,230.0,28.0,30.19999999999999,524.6446416385095,False,True,False,True,lado_errado
870,610.0,229.0,29.0,31.19999999999999,524.6951495868816,False,True,False,True,lado_errado
871,610.0,228.0,30.0,32.19999999999999,524.7475583554439,False,True,False,True,lado_errado
872,609.0,227.0,31.0,33.19999999999999,523.8033982325811,False,True,False,True,lado_errado
873,609.0,226.0,32.0,34.19999999999999,523.8597140456594,False,True,False,True,lado_errado
874,609.0,225.0,33.0,35.19999999999999,523.9179325047006,False,True,False,True,lado_errado
875,609.0,224.0,34.0,36.19999999999999,523.9780529755039,False,True,False,True,lado_errado
876,608.0,223.0,35.0,37.19999999999999,523.0420633180471,False,True,False,True,lado_errado
877,608.0,222.0,36.0,38.19999999999999,523.106107783115,False,True,False,True,lado_errado
878,608.0,221.0,37.0,39.19999999999999,523.1720558286729,False,True,False,True,lado_errado
879,607.0,220.0,38.0,40.19999999999999,522.2422809386463,False,True,False,True,lado_errado
880,607.0,219.0,39.0,41.19999999999999,522.3121671950597,False,True,False,True,lado_errado
881,607.0,218.0,40.0,42.19999999999999,522.3839584060751,False,True,False,True,lado_errado
882,606.0,217.0,41.0,43.19999999999999,521.4604491234211,False,True,False,True,lado_errado
883,606.0,216.0,42.0,44.19999999999999,521.5361924162119,False,True,False,True,lado_errado
884,606.0,215.0,43.0,45.19999999999999,521.6138418408775,False,True,False,True,lado_errado
885,605.0,214.0,44.0,46.19999999999999,520.6966487312934,False,True,False,True,lado_errado
886,605.0,213.0,45.0,47.19999999999999,520.7782637553146,False,True,False,True,lado_errado
887,604.0,212.0,46.0,48.19999999999999,519.8653671865438,False,True,False,True,lado_errado
888,604.0,211.0,47.0,49.19999999999999,519.950959225964,False,True,False,True,lado_errado
889,604.0,210.0,48.0,50.19999999999999,520.0384601161726,False,True,False,True,lado_errado
890,603.0,209.0,49.0,51.19999999999999,519.1319678078013,False,True,False,True,lado_errado
891,603.0,208.0,50.0,52.19999999999999,519.2234586379933,False,True,False,True,lado_errado
892,602.0,207.0,51.0,53.19999999999999,518.3213289070786,False,True,False,True,lado_errado
893,602.0,206.0,52.0,54.19999999999999,518.4168207147603,False,True,False,True,lado_errado
894,602.0,205.0,53.0,55.19999999999999,518.5142235271854,False,True,False,True,lado_errado
895,601.0,204.0,54.0,56.19999999999999,517.618585446852,False,True,False,True,lado_errado
896,601.0,203.0,55.0,57.19999999999999,517.7200015452368,False,True,False,True,lado_errado
897,601.0,202.0,56.0,58.19999999999999,517.8233289453074,False,True,False,True,lado_errado
898,600.0,201.0,57.0,59.19999999999999,516.9342317935619,False,True,False,True,lado_errado
899,600.0,200.0,58.0,60.19999999999999,517.0415844011002,False,True,False,True,lado_errado
900,599.0,199.0,59.0,61.19999999999999,516.1569528738328,False,True,False,True,lado_errado
901,599.0,198.0,60.0,62.19999999999999,516.2683410785519,False,True,False,True,lado_errado
902,598.0,197.0,61.0,63.19999999999999,515.3882032022076,False,True,False,True,lado_errado
903,598.0,196.0,62.0,64.19999999999999,515.5036372325611,False,True,False,True,lado_errado
904,597.0,195.0,63.0,65.19999999999999,514.6280210015774,False,True,False,True,lado_errado
905,597.0,194.0,64.0,66.19999999999999,514.7475109216168,False,True,False,True,lado_errado
906,597.0,193.0,65.0,67.19999999999999,514.8689153561322,False,True,False,True,lado_errado
907,596.0,192.0,66.0,68.19999999999999,514.0,False,True,False,True,lado_errado
908,596.0,191.0,67.0,69.19999999999999,514.1254710671316,False,True,False,True,lado_errado
909,595.0,190.0,68.0,70.19999999999999,513.26114210994,False,True,False,True,lado_errado
910,595.0,189.0,69.0,71.19999999999999,513.3906894364175,False,True,False,True,lado_errado
911,594.0,188.0,70.0,72.19999999999999,512.5309746737264,False,True,False,True,lado_errado
912,594.0,187.0,71.0,73.19999999999999,512.6646077115134,False,True,False,True,lado_errado
913,593.0,186.0,72.0,74.19999999999999,511.8095348857815,False,True,False,True,lado_errado
914,593.0,185.0,73.0,75.19999999999999,511.94726290898365,False,True,False,True,lado_errado
915,592.0,184.0,74.0,76.19999999999999,511.09685970469434,False,True,False,True,lado_errado
916,592.0,183.0,75.0,77.19999999999999,511.238691806479,False,True,False,True,lado_errado
917,591.0,182.0,76.0,78.19999999999999,510.39298584522106,False,True,False,True,lado_errado
918,591.0,181.0,77.0,79.19999999999999,510.5389309347525,False,True,False,True,lado_errado
919,590.0,180.0,78.0,80.19999999999999,509.6979497702536,False,True,False,True,lado_errado
920,590.0,179.0,79.0,81.19999999999999,509.848016569644,False,True,False,True,lado_errado
921,589.0,178.0,80.0,82.19999999999999,509.0117876827608,False,True,False,True,lado_errado
922,589.0,177.0,81.0,83.19999999999999,509.1659847240387,False,True,False,True,lado_errado
923,588.0,176.0,82.0,84.19999999999999,508.3345355177041,False,True,False,True,lado_errado
924,588.0,175.0,83.0,85.19999999999999,508.49287113980273,False,True,False,True,lado_errado
925,587.0,174.0,84.0,86.19999999999999,507.66622893393253,False,True,False,True,lado_errado
926,586.0,173.0,85.0,87.19999999999999,506.8421845111159,False,True,False,True,lado_errado
927,586.0,172.0,86.0,88.19999999999999,507.00690330605954,False,True,False,True,lado_errado
928,585.0,171.0,87.0,89.19999999999999,506.18771221751325,False,True,False,True,lado_errado
929,585.0,170.0,88.0,90.19999999999999,506.35659371632556,False,True,False,True,lado_errado
930,584.0,169.0,89.0,91.19999999999999,505.5422830980609,False,True,False,True,lado_errado
931,584.0,168.0,90.0,92.19999999999999,505.7153349464499,False,True,False,True,lado_errado
932,583.0,167.0,91.0,93.19999999999999,504.9059318328514,False,True,False,True,lado_errado
933,582.0,166.0,92.0,94.19999999999999,504.0991965873383,False,True,False,True,lado_errado
934,582.0,165.0,93.0,95.19999999999999,504.2786927880257,False,True,False,True,lado_errado
935,581.0,164.0,94.0,96.19999999999999,503.4769110892773,False,True,False,True,lado_errado
936,581.0,163.0,95.0,97.19999999999999,503.6606000075845,False,True,False,True,lado_errado
937,580.0,162.0,96.0,98.19999999999999,502.86379865725075,False,True,False,True,lado_errado
938,579.0,161.0,97.0,99.19999999999999,502.0697162745429,False,True,False,True,lado_errado
939,579.0,160.0,98.0,100.19999999999999,502.2598928841522,False,True,False,True,lado_errado
940,578.0,159.0,99.0,101.19999999999999,501.47083663957966,False,True,False,True,lado_errado
941,577.0,158.0,100.0,102.19999999999999,500.6845314167395,False,True,False,True,lado_errado
942,577.0,157.0,101.0,103.19999999999999,500.8812234452396,False,True,False,True,lado_errado
943,576.0,156.0,102.0,104.19999999999999,500.0999900019995,False,True,False,True,lado_errado
944,575.0,155.0,103.0,105.19999999999999,499.3215396916099,False,True,False,True,lado_errado
945,575.0,154.0,104.0,106.19999999999999,499.52477416040136,False,True,False,True,lado_errado
946,574.0,153.0,105.0,107.19999999999999,498.7514411006749,False,True,False,True,lado_errado
947,573.0,152.0,106.0,108.19999999999999,497.98092332939825,False,True,False,True,lado_errado
948,573.0,151.0,107.0,109.19999999999999,498.190726529509,False,True,False,True,lado_errado
949,572.0,150.0,108.0,110.19999999999999,497.4253712869901,False,True,False,True,lado_errado
950,571.0,149.0,109.0,111.19999999999999,496.6628635201146,False,True,False,True,lado_errado
951,571.0,148.0,110.0,112.19999999999999,496.8792609880191,False,True,False,True,lado_errado
952,570.0,147.0,111.0,113.19999999999999,496.1219608120568,False,True,False,True,lado_errado
953,569.0,146.0,112.0,114.19999999999999,495.36754031728805,False,True,False,True,lado_errado
954,568.0,145.0,113.0,115.19999999999999,494.6160126805439,False,True,False,True,lado_errado
955,568.0,144.0,114.0,116.19999999999999,494.84138872976257,False,True,False,True,lado_errado
956,567.0,143.0,115.0,117.19999999999999,494.0951325402832,False,True,False,True,lado_errado
957,566.0,142.0,116.0,118.19999999999999,493.35180145612117,False,True,False,True,lado_errado
958,565.0,141.0,117.0,119.19999999999999,492.61140871888057,False,True,False,True,lado_errado
959,565.0,140.0,118.0,120.19999999999999,492.8458176752644,False,True,False,True,lado_errado
960,564.0,139.0,119.0,121.19999999999999,492.1107598904946,False,False,False,True,acima_janela_permitida;lado_errado
961,563.0,138.0,120.0,122.19999999999999,491.37867271585975,False,False,False,True,acima_janela_permitida;lado_errado
962,562.0,137.0,121.0,123.19999999999999,490.6495694485016,False,False,False,True,acima_janela_permitida;lado_errado
963,561.0,136.0,122.0,124.19999999999999,489.9234634103576,False,False,False,True,acima_janela_permitida;lado_errado
964,561.0,135.0,123.0,125.19999999999999,490.16935848745175,False,False,False,True,acima_janela_permitida;lado_errado
965,560.0,134.0,124.0,126.19999999999999,489.44866942305606,False,False,False,True,acima_janela_permitida;lado_errado
966,559.0,133.0,125.0,127.19999999999999,488.7310098612528,False,False,False,True,acima_janela_permitida;lado_errado
967,558.0,132.0,126.0,128.2,488.01639316727875,False,False,False,True,acima_janela_permitida;lado_errado
968,557.0,131.0,127.0,129.2,487.3048327279343,False,False,False,True,acima_janela_permitida;lado_errado
969,557.0,130.0,128.0,130.2,487.56230371102316,False,False,False,True,acima_janela_permitida;lado_errado
970,556.0,129.0,129.0,131.2,486.8562416155307,False,False,False,True,acima_janela_permitida;lado_errado
971,555.0,128.0,130.0,132.2,486.1532680132882,False,False,False,True,acima_janela_permitida;lado_errado
972,554.0,127.0,131.0,133.2,485.45339632141827,False,False,False,True,acima_janela_permitida;lado_errado
973,553.0,126.0,132.0,134.2,484.7566399751529,False,False,False,True,acima_janela_permitida;lado_errado
974,552.0,125.0,133.0,135.2,484.0630124271013,False,False,False,True,acima_janela_permitida;lado_errado
975,551.0,124.0,134.0,136.2,483.37252714650634,False,False,False,True,acima_janela_permitida;lado_errado
976,550.0,123.0,135.0,137.2,482.6851976184892,False,False,False,True,acima_janela_permitida;lado_errado
977,549.0,122.0,136.0,138.2,482.00103734328206,False,False,False,True,acima_janela_permitida;lado_errado
978,548.0,121.0,137.0,139.2,481.3200598354488,False,False,False,True,acima_janela_permitida;lado_errado
979,547.0,120.0,138.0,140.2,480.64227862309406,False,False,False,True,acima_janela_permitida;lado_errado
980,546.0,119.0,139.0,141.2,479.9677072470605,False,False,False,True,acima_janela_permitida;lado_errado
981,545.0,118.0,140.0,142.2,479.2963592601137,False,False,False,True,acima_janela_permitida;lado_errado
982,545.0,117.0,141.0,143.2,479.58523747087963,False,False,False,True,acima_janela_permitida;lado_errado
983,544.0,116.0,142.0,144.2,478.919617472494,False,False,False,True,acima_janela_permitida;lado_errado
984,543.0,115.0,143.0,145.2,478.25725295075245,False,False,False,True,acima_janela_permitida;lado_errado
985,542.0,114.0,144.0,146.2,477.59815745038213,False,False,False,True,acima_janela_permitida;lado_errado
986,541.0,113.0,145.0,147.2,476.94234452394767,False,False,False,True,acima_janela_permitida;lado_errado
987,540.0,112.0,146.0,148.2,476.28982773097306,False,False,False,True,acima_janela_permitida;lado_errado
988,539.0,111.0,147.0,149.2,475.640620637052,False,False,False,True,acima_janela_permitida;lado_errado
989,538.0,111.0,147.0,149.2,474.6883187945539,False,False,False,True,acima_janela_permitida;lado_errado
990,537.0,110.0,148.0,150.2,474.0432469722567,False,False,False,True,acima_janela_permitida;lado_errado
991,536.0,109.0,149.0,151.2,473.4015209101044,False,False,False,True,acima_janela_permitida;lado_errado
992,535.0,108.0,150.0,152.2,472.7631542326453,False,False,False,True,acima_janela_permitida;lado_errado
993,534.0,107.0,151.0,153.2,472.1281605665987,False,False,False,True,acima_janela_permitida;lado_errado
994,533.0,106.0,152.0,154.2,471.49655353989596,False,False,False,True,acima_janela_permitida;lado_errado
995,532.0,105.0,153.0,155.2,470.8683467807111,False,False,False,True,acima_janela_permitida;lado_errado
996,531.0,104.0,154.0,156.2,470.2435539164785,False,False,False,True,acima_janela_permitida;lado_errado
997,530.0,103.0,155.0,157.2,469.6221885728995,False,False,False,True,acima_janela_permitida;lado_errado
998,529.0,102.0,156.0,158.2,469.00426437293726,False,False,False,True,acima_janela_permitida;lado_errado
999,528.0,101.0,157.0,159.2,468.38979493579916,False,False,False,True,acima_janela_permitida;lado_errado
1000,527.0,101.0,157.0,159.2,467.4462535949989,False,False,False,True,acima_janela_permitida;lado_errado
1001,526.0,100.0,158.0,160.2,466.8361596963114,False,False,False,True,acima_janela_permitida;lado_errado
1002,525.0,99.0,159.0,161.2,466.2295571925915,False,False,False,True,acima_janela_permitida;lado_errado
1003,524.0,98.0,160.0,162.2,465.6264597292555,False,False,False,True,acima_janela_permitida;lado_errado
1004,523.0,97.0,161.0,163.2,465.02688094345683,False,False,False,True,acima_janela_permitida;lado_errado
1005,522.0,96.0,162.0,164.2,464.4308344630016,False,False,False,True,acima_janela_permitida;lado_errado
1006,521.0,96.0,162.0,164.2,463.49217900629134,False,False,False,True,acima_janela_permitida;lado_errado
1007,520.0,95.0,163.0,165.2,462.9006372862323,False,False,False,True,acima_janela_permitida;lado_errado
1008,519.0,94.0,164.0,166.2,462.3126647627123,False,False,False,True,acima_janela_permitida;lado_errado
1009,518.0,93.0,165.0,167.2,461.72827507095553,False,False,False,True,acima_janela_permitida;lado_errado
1010,517.0,92.0,166.0,168.2,461.14748183200567,False,False,False,True,acima_janela_permitida;lado_errado
1011,516.0,92.0,166.0,168.2,460.21299416683144,False,False,False,True,acima_janela_permitida;lado_errado
1012,515.0,91.0,167.0,169.2,459.63681314707594,False,False,False,True,acima_janela_permitida;lado_errado
1013,514.0,90.0,168.0,170.2,459.0642656535139,False,False,False,True,acima_janela_permitida;lado_errado
1014,513.0,89.0,169.0,171.2,458.4953652982765,False,False,False,True,acima_janela_permitida;lado_errado
1015,512.0,88.0,170.0,172.2,457.93012567421243,False,False,False,True,acima_janela_permitida;lado_errado
1016,511.0,88.0,170.0,172.2,457.0,False,False,False,True,acima_janela_permitida;lado_errado
1017,510.0,87.0,171.0,173.2,456.4394812020538,False,False,False,True,acima_janela_permitida;lado_errado
1018,509.0,86.0,172.0,174.2,455.8826603414523,False,False,False,True,acima_janela_permitida;lado_errado
1019,508.0,86.0,172.0,174.2,454.954942824012,False,False,False,True,acima_janela_permitida;lado_errado
1020,507.0,85.0,173.0,175.2,454.4029049202921,False,False,False,True,acima_janela_permitida;lado_errado
1021,506.0,84.0,174.0,176.2,453.85460226817133,False,False,False,True,acima_janela_permitida;lado_errado
1022,505.0,84.0,174.0,176.2,452.9293543147761,False,False,False,True,acima_janela_permitida;lado_errado
1023,504.0,83.0,175.0,177.2,452.3858972160825,False,False,False,True,acima_janela_permitida;lado_errado
1024,503.0,82.0,176.0,178.2,451.8462127759842,False,False,False,True,acima_janela_permitida;lado_errado
1025,502.0,82.0,176.0,178.2,450.92349683732385,False,False,False,True,acima_janela_permitida;lado_errado
1026,501.0,81.0,177.0,179.2,450.3887209955418,False,False,False,True,acima_janela_permitida;lado_errado
1027,500.0,80.0,178.0,180.2,449.8577552960491,False,False,False,True,acima_janela_permitida;lado_errado
1028,499.0,80.0,178.0,180.2,448.93763486702693,False,False,False,True,acima_janela_permitida;lado_errado
1029,498.0,79.0,179.0,181.2,448.41164124050124,False,False,False,True,acima_janela_permitida;lado_errado
1030,497.0,78.0,180.0,182.2,447.88949529990094,False,False,False,True,acima_janela_permitida;lado_errado
1031,496.0,78.0,180.0,182.2,446.97203491941195,False,False,False,True,acima_janela_permitida;lado_errado
1032,495.0,77.0,181.0,183.2,446.45492493643746,False,False,False,True,acima_janela_permitida;lado_errado
1033,494.0,76.0,182.0,184.2,445.9417002254891,False,False,False,True,acima_janela_permitida;lado_errado
1034,493.0,76.0,182.0,184.2,445.02696547512716,False,False,False,True,acima_janela_permitida;lado_errado
1035,492.0,75.0,183.0,185.2,444.51884099551955,False,False,False,True,acima_janela_permitida;lado_errado
1036,491.0,75.0,183.0,185.2,443.60568075713365,False,False,False,True,acima_janela_permitida;lado_errado
1037,490.0,74.0,184.0,186.2,443.1026968999399,False,False,False,True,acima_janela_permitida;lado_errado
1038,489.0,73.0,185.0,187.2,442.6036601746533,False,False,False,True,acima_janela_permitida;lado_errado
1039,488.0,73.0,185.0,187.2,441.6933325283505,False,False,False,True,acima_janela_permitida;lado_errado
1040,487.0,72.0,186.0,188.2,441.1995013596457,False,False,False,True,acima_janela_permitida;lado_errado
1041,486.0,72.0,186.0,188.2,440.29081298614443,False,False,False,True,acima_janela_permitida;lado_errado
1042,485.0,71.0,187.0,189.2,439.80222827993947,False,False,False,True,acima_janela_permitida;lado_errado
1043,484.0,71.0,187.0,189.2,438.89520389268324,False,False,False,True,acima_janela_permitida;lado_errado
1044,483.0,70.0,188.0,190.2,438.41190677261494,False,False,False,True,acima_janela_permitida;lado_errado
1045,482.0,69.0,189.0,191.2,437.9326432226764,False,False,False,True,acima_janela_permitida;lado_errado
1046,481.0,69.0,189.0,191.2,437.0286031829038,False,False,False,True,acima_janela_permitida;lado_errado
1047,480.0,68.0,190.0,192.2,436.5546930225353,False,False,False,True,acima_janela_permitida;lado_errado
1048,479.0,68.0,190.0,192.2,435.65238436166055,False,False,False,True,acima_janela_permitida;lado_errado
1049,478.0,67.0,191.0,193.2,435.18386918634747,False,False,False,True,acima_janela_permitida;lado_errado
1050,477.0,67.0,191.0,193.2,434.28331766256,False,False,False,True,acima_janela_permitida;lado_errado
1051,476.0,66.0,192.0,194.2,433.82023926967724,False,False,False,True,acima_janela_permitida;lado_errado
1052,475.0,66.0,192.0,194.2,432.9214709390145,False,False,False,True,acima_janela_permitida;lado_errado
1053,474.0,65.0,193.0,195.2,432.46387132337424,False,False,False,True,acima_janela_permitida;lado_errado
1054,473.0,65.0,193.0,195.2,431.5669125408017,False,False,False,True,acima_janela_permitida;lado_errado
1055,472.0,64.0,194.0,196.2,431.1148338899973,False,False,False,True,acima_janela_permitida;lado_errado
1056,471.0,64.0,194.0,196.2,430.21971131039544,False,False,False,True,acima_janela_permitida;lado_errado
1057,470.0,63.0,195.0,197.2,429.7731959999367,False,False,False,True,acima_janela_permitida;lado_errado
1058,469.0,63.0,195.0,197.2,428.87993657899176,False,False,False,True,acima_janela_permitida;lado_errado
1059,468.0,62.0,196.0,198.2,428.43902716722715,False,False,False,True,acima_janela_permitida;lado_errado
1060,467.0,62.0,196.0,198.2,427.54765816222175,False,False,False,True,acima_janela_permitida;lado_errado
1061,466.0,61.0,197.0,199.2,427.1123973850443,False,False,False,True,acima_janela_permitida;lado_errado
1062,465.0,61.0,197.0,199.2,426.2229463555429,False,False,False,True,acima_janela_permitida;lado_errado
1063,464.0,60.0,198.0,200.2,425.7933771208754,False,False,False,True,acima_janela_permitida;lado_errado
1064,463.0,60.0,198.0,200.2,424.90587192930155,False,False,False,True,acima_janela_permitida;lado_errado
1065,462.0,59.0,199.0,201.2,424.4820373113567,False,False,False,True,acima_janela_permitida;lado_errado
1066,461.0,59.0,199.0,201.2,423.59650612345706,False,False,False,True,acima_janela_permitida;lado_errado
1067,460.0,58.0,200.0,202.2,423.1784493567696,False,False,False,True,acima_janela_permitida;lado_errado
1068,459.0,58.0,200.0,202.2,422.29492064196086,False,False,False,True,acima_janela_permitida;lado_errado
1069,458.0,57.0,201.0,203.2,421.882685115187,False,False,False,True,acima_janela_permitida;lado_errado
1070,457.0,57.0,201.0,203.2,421.00118764678086,False,False,False,True,acima_janela_permitida;lado_errado
1071,456.0,57.0,201.0,203.2,420.1202208892117,False,False,False,True,acima_janela_permitida;lado_errado
1072,455.0,56.0,202.0,204.2,419.7153797515645,False,False,False,True,acima_janela_permitida;lado_errado
1073,454.0,56.0,202.0,204.2,418.83648360666956,False,False,False,True,acima_janela_permitida;lado_errado
1074,453.0,55.0,203.0,205.2,418.43757001493066,False,False,False,True,acima_janela_permitida;lado_errado
1075,452.0,55.0,203.0,205.2,417.5607740197827,False,False,False,True,acima_janela_permitida;lado_errado
1076,451.0,55.0,203.0,205.2,416.6845329502884,False,False,False,True,acima_janela_permitida;lado_errado
1077,450.0,54.0,204.0,206.2,416.293165929973,False,False,False,True,acima_janela_permitida;lado_errado
1078,449.0,54.0,204.0,206.2,415.4190655229969,False,False,False,True,acima_janela_permitida;lado_errado
1079,448.0,54.0,204.0,206.2,414.54553429026345,False,False,False,True,acima_janela_permitida;lado_errado
1080,447.0,53.0,205.0,207.2,414.16180412973864,False,False,False,True,acima_janela_permitida;lado_errado
1081,446.0,53.0,205.0,207.2,413.29045476516876,False,False,False,True,acima_janela_permitida;lado_errado
1082,445.0,52.0,206.0,208.2,412.9128237291741,False,False,False,True,acima_janela_permitida;lado_errado
1083,444.0,52.0,206.0,208.2,412.0436870041816,False,False,False,True,acima_janela_permitida;lado_errado
1084,443.0,52.0,206.0,208.2,411.17514516322603,False,False,False,True,acima_janela_permitida;lado_errado
1085,442.0,51.0,207.0,209.2,410.8053066843222,False,False,False,True,acima_janela_permitida;lado_errado
1086,441.0,51.0,207.0,209.2,409.93901985539264,False,False,False,True,acima_janela_permitida;lado_errado
1087,440.0,51.0,207.0,209.2,409.07334305720775,False,False,False,True,acima_janela_permitida;lado_errado
1088,439.0,50.0,208.0,210.2,408.71138961374686,False,False,False,True,acima_janela_permitida;lado_errado
1089,438.0,50.0,208.0,210.2,407.84801090602366,False,False,False,True,acima_janela_permitida;lado_errado
1090,437.0,50.0,208.0,210.2,406.98525771826183,False,False,False,True,acima_janela_permitida;lado_errado
1091,436.0,49.0,209.0,211.2,406.63128261362283,False,False,False,True,acima_janela_permitida;lado_errado
1092,435.0,49.0,209.0,211.2,405.77087130546965,False,False,False,True,acima_janela_permitida;lado_errado
1093,434.0,49.0,209.0,211.2,404.911101354359,False,False,False,True,acima_janela_permitida;lado_errado
1094,433.0,48.0,210.0,212.2,404.5651987010252,False,False,False,True,acima_janela_permitida;lado_errado
1095,432.0,48.0,210.0,212.2,403.7078151336682,False,False,False,True,acima_janela_permitida;lado_errado
1096,431.0,48.0,210.0,212.2,402.851089113583,False,False,False,True,acima_janela_permitida;lado_errado
1097,430.0,47.0,211.0,213.2,402.5133538157461,False,False,False,True,acima_janela_permitida;lado_errado
1098,429.0,47.0,211.0,213.2,401.6590594023742,False,False,False,True,acima_janela_permitida;lado_errado
1099,428.0,47.0,211.0,213.2,400.8054390848507,False,False,False,True,acima_janela_permitida;lado_errado
1100,427.0,47.0,211.0,213.2,399.9524971793525,False,False,False,True,acima_janela_permitida;lado_errado
1101,426.0,46.0,212.0,214.2,399.6248240537617,False,False,False,True,acima_janela_permitida;lado_errado
1102,425.0,46.0,212.0,214.2,398.77437229591374,False,False,False,True,acima_janela_permitida;lado_errado
1103,424.0,46.0,212.0,214.2,397.9246159764435,False,False,False,True,acima_janela_permitida;lado_errado
1104,423.0,45.0,213.0,215.2,397.6053319562,False,False,False,True,acima_janela_permitida;lado_errado
1105,422.0,45.0,213.0,215.2,396.7581127084864,False,False,False,True,acima_janela_permitida;lado_errado
1106,421.0,45.0,213.0,215.2,395.9116062961529,False,False,False,True,acima_janela_permitida;lado_errado
1107,420.0,44.0,214.0,216.2,395.60080889704966,False,False,False,True,acima_janela_permitida;lado_errado
1108,419.0,44.0,214.0,216.2,394.7568872103437,False,False,False,True,acima_janela_permitida;lado_errado
1109,418.0,44.0,214.0,216.2,393.91369613152574,False,False,False,True,acima_janela_permitida;lado_errado
1110,417.0,44.0,214.0,216.2,393.0712403623547,False,False,False,True,acima_janela_permitida;lado_errado
1111,416.0,43.0,215.0,217.2,392.77092560422545,False,False,False,True,acima_janela_permitida;lado_errado
1112,415.0,43.0,215.0,217.2,391.9311163967464,False,False,False,True,acima_janela_permitida;lado_errado
1113,414.0,43.0,215.0,217.2,391.09206077341946,False,False,False,True,acima_janela_permitida;lado_errado
1114,413.0,43.0,215.0,217.2,390.2537635949204,False,False,False,True,acima_janela_permitida;lado_errado
1115,412.0,42.0,216.0,218.2,389.964100911866,False,False,False,True,acima_janela_permitida;lado_errado
1116,411.0,42.0,216.0,218.2,389.12851347594665,False,False,False,True,acima_janela_permitida;lado_errado
1117,410.0,42.0,216.0,218.2,388.2937032711192,False,False,False,True,acima_janela_permitida;lado_errado
1118,409.0,42.0,216.0,218.2,387.45967532118743,False,False,False,True,acima_janela_permitida;lado_errado
1119,408.0,42.0,216.0,218.2,386.62643468857635,False,False,False,True,acima_janela_permitida;lado_errado
1120,407.0,41.0,217.0,219.2,386.34958263210274,False,False,False,True,acima_janela_permitida;lado_errado
1121,406.0,41.0,217.0,219.2,385.5191305240247,False,False,False,True,acima_janela_permitida;lado_errado
1122,405.0,41.0,217.0,219.2,384.68948516953253,False,False,False,True,acima_janela_permitida;lado_errado
1123,404.0,41.0,217.0,219.2,383.86065179958206,False,False,False,True,acima_janela_permitida;lado_errado
1124,403.0,41.0,217.0,219.2,383.03263568526376,False,False,False,True,acima_janela_permitida;lado_errado
1125,402.0,40.0,218.0,220.2,382.76885975742596,False,False,False,True,acima_janela_permitida;lado_errado
1126,401.0,40.0,218.0,220.2,381.943713130613,False,False,False,True,acima_janela_permitida;lado_errado
1127,400.0,40.0,218.0,220.2,381.11940386183437,False,False,False,True,acima_janela_permitida;lado_errado
1128,399.0,40.0,218.0,220.2,380.2959373961284,False,False,False,True,acima_janela_permitida;lado_errado
1129,398.0,40.0,218.0,220.2,379.4733192202055,False,False,False,True,acima_janela_permitida;lado_errado
1130,397.0,39.0,219.0,221.2,379.22288960451743,False,False,False,True,acima_janela_permitida;lado_errado
1131,396.0,39.0,219.0,221.2,378.4032240877448,False,False,False,True,acima_janela_permitida;lado_errado
1132,395.0,39.0,219.0,221.2,377.58442764499705,False,False,False,True,acima_janela_permitida;lado_errado
1133,394.0,39.0,219.0,221.2,376.76650594234087,False,False,False,True,acima_janela_permitida;lado_errado
1134,393.0,39.0,219.0,221.2,375.9494646890723,False,False,False,True,acima_janela_permitida;lado_errado
1135,392.0,39.0,219.0,221.2,375.13330963805384,False,False,False,True,acima_janela_permitida;lado_errado
1136,391.0,39.0,219.0,221.2,374.31804658605495,False,False,False,True,acima_janela_permitida;lado_errado
1137,390.0,38.0,220.0,222.2,374.08555171243916,False,False,False,True,acima_janela_permitida;lado_errado
1138,389.0,38.0,220.0,222.2,373.27335827781764,False,False,False,True,acima_janela_permitida;lado_errado
1139,388.0,38.0,220.0,222.2,372.46207860666834,False,False,False,True,acima_janela_permitida;lado_errado
1140,387.0,38.0,220.0,222.2,371.6517186829626,False,False,False,True,acima_janela_permitida;lado_errado
1141,386.0,38.0,220.0,222.2,370.84228453616237,False,False,False,True,acima_janela_permitida;lado_errado
1142,385.0,38.0,220.0,222.2,370.0337822415678,False,False,False,True,acima_janela_permitida;lado_errado
1143,384.0,38.0,220.0,222.2,369.2262179206672,False,False,False,True,acima_janela_permitida;lado_errado
1144,383.0,38.0,220.0,222.2,368.41959774148825,False,False,False,True,acima_janela_permitida;lado_errado
1145,382.0,38.0,220.0,222.2,367.6139279189514,False,False,False,True,acima_janela_permitida;lado_errado
1146,381.0,37.0,221.0,223.2,367.40440933663274,False,False,False,True,acima_janela_permitida;lado_errado
1147,380.0,37.0,221.0,223.2,366.6019639881925,False,False,False,True,acima_janela_permitida;lado_errado
1148,379.0,37.0,221.0,223.2,365.80049207183964,False,False,False,True,acima_janela_permitida;lado_errado
1149,378.0,37.0,221.0,223.2,365.0,False,False,False,True,acima_janela_permitida;lado_errado
1150,377.0,37.0,221.0,223.2,364.20049423360206,False,False,False,True,acima_janela_permitida;lado_errado
1151,376.0,37.0,221.0,223.2,363.40198128243605,False,False,False,True,acima_janela_permitida;lado_errado
1152,375.0,37.0,221.0,223.2,362.60446770551516,False,False,False,True,acima_janela_permitida;lado_errado
1153,374.0,37.0,221.0,223.2,361.80796011143815,False,False,False,True,acima_janela_permitida;lado_errado
1154,373.0,37.0,221.0,223.2,361.01246515875323,False,False,False,True,acima_janela_permitida;lado_errado
1155,372.0,36.0,222.0,224.2,360.82682827084795,False,False,False,True,acima_janela_permitida;lado_errado
1156,371.0,36.0,222.0,224.2,360.0347205478938,False,False,False,True,acima_janela_permitida;lado_errado
1157,370.0,36.0,222.0,224.2,359.2436499090833,False,False,False,True,acima_janela_permitida;lado_errado
1158,369.0,36.0,222.0,224.2,358.4536232206337,False,False,False,True,acima_janela_permitida;lado_errado
1159,368.0,36.0,222.0,224.2,357.66464740032666,False,False,False,True,acima_janela_permitida;lado_errado
1160,367.0,36.0,222.0,224.2,356.87672941787616,False,False,False,True,acima_janela_permitida;lado_errado
1161,366.0,36.0,222.0,224.2,356.08987629529713,False,False,False,True,acima_janela_permitida;lado_errado
1162,365.0,36.0,222.0,224.2,355.30409510727566,False,False,False,True,acima_janela_permitida;lado_errado
1163,364.0,36.0,222.0,224.2,354.5193929815406,False,False,False,True,acima_janela_permitida;lado_errado
1164,363.0,36.0,222.0,224.2,353.73577709923546,False,False,False,True,acima_janela_permitida;lado_errado
1165,362.0,36.0,222.0,224.2,352.95325469529246,False,False,False,True,acima_janela_permitida;lado_errado
1166,361.0,36.0,222.0,224.2,352.17183305880667,False,False,False,True,acima_janela_permitida;lado_errado
1167,360.0,36.0,222.0,224.2,351.3915195334116,False,False,False,True,acima_janela_permitida;lado_errado
1168,359.0,36.0,222.0,224.2,350.61232151765574,False,False,False,True,acima_janela_permitida;lado_errado
1169,358.0,36.0,222.0,224.2,349.83424646537964,False,False,False,True,acima_janela_permitida;lado_errado
1170,357.0,36.0,222.0,224.2,349.05730188609436,False,False,False,True,acima_janela_permitida;lado_errado
1171,356.0,36.0,222.0,224.2,348.28149534536,False,False,False,True,acima_janela_permitida;lado_errado
1172,355.0,36.0,222.0,224.2,347.5068344651656,False,False,False,True,acima_janela_permitida;lado_errado
1173,354.0,36.0,222.0,224.2,346.7333269243094,False,False,False,True,acima_janela_permitida;lado_errado
1174,353.0,36.0,222.0,224.2,345.9609804587795,False,False,False,True,acima_janela_permitida;lado_errado
1175,352.0,36.0,222.0,224.2,345.18980286213554,False,False,False,True,acima_janela_permitida;lado_errado
1176,351.0,36.0,222.0,224.2,344.41980198589044,True,False,False,True,acima_janela_permitida
1177,350.0,36.0,222.0,224.2,343.6509857398928,True,False,False,True,acima_janela_permitida
1178,349.0,36.0,222.0,224.2,342.8833620927093,True,False,False,True,acima_janela_permitida
1179,348.0,36.0,222.0,224.2,342.11693907200794,True,False,False,True,acima_janela_permitida
1180,347.0,36.0,222.0,224.2,341.35172476494097,True,False,False,True,acima_janela_permitida
1181,346.0,36.0,222.0,224.2,340.58772731852804,True,False,False,True,acima_janela_permitida
1182,345.0,36.0,222.0,224.2,339.8249549400397,True,False,False,True,acima_janela_permitida
1183,344.0,36.0,222.0,224.2,339.0634158973805,True,False,False,True,acima_janela_permitida
1184,343.0,36.0,222.0,224.2,338.3031185194721,True,False,False,True,acima_janela_permitida
1185,342.0,36.0,222.0,224.2,337.5440711966365,True,False,False,True,acima_janela_permitida
1186,341.0,36.0,222.0,224.2,336.7862823809782,True,False,False,True,acima_janela_permitida
1187,340.0,36.0,222.0,224.2,336.02976058676705,True,False,False,True,acima_janela_permitida
1188,339.0,36.0,222.0,224.2,335.2745143908198,True,False,False,True,acima_janela_permitida
1189,338.0,36.0,222.0,224.2,334.5205524328812,True,False,False,True,acima_janela_permitida
1190,337.0,36.0,222.0,224.2,333.76788341600513,True,False,False,True,acima_janela_permitida
1191,336.0,36.0,222.0,224.2,333.01651610693426,True,False,False,True,acima_janela_permitida
1192,335.0,36.0,222.0,224.2,332.26645933647893,True,False,False,True,acima_janela_permitida
1193,334.0,36.0,222.0,224.2,331.5177219998955,True,False,False,True,acima_janela_permitida
1194,333.0,36.0,222.0,224.2,330.77031305726337,True,False,False,True,acima_janela_permitida
1195,332.0,36.0,222.0,224.2,330.0242415338607,True,False,False,True,acima_janela_permitida
