indice,x,y,dist_baseline,dist_baseline_ajustada,dist_ponto_contato,lado_correto,candidato_janela,permaneceu,descartado,motivo_descarte
0,317.0,13.0,377.0,380.73,393.38784932938637,False,False,False,True,acima_janela_permitida;lado_errado
1,316.0,14.0,376.0,379.73,392.7594683772754,False,False,False,True,acima_janela_permitida;lado_errado
2,315.0,14.0,376.0,379.73,393.0814165029937,False,False,False,True,acima_janela_permitida;lado_errado
3,314.0,14.0,376.0,379.73,393.40564307086396,False,False,False,True,acima_janela_permitida;lado_errado
4,313.0,14.0,376.0,379.73,393.7321424522006,False,False,False,True,acima_janela_permitida;lado_errado
5,312.0,14.0,376.0,379.73,394.06090899758124,False,False,False,True,acima_janela_permitida;lado_errado
6,311.0,14.0,376.0,379.73,394.3919370372574,False,False,False,True,acima_janela_permitida;lado_errado
7,310.0,14.0,376.0,379.73,394.72522088156467,False,False,False,True,acima_janela_permitida;lado_errado
8,309.0,14.0,376.0,379.73,395.0607548213313,False,False,False,True,acima_janela_permitida;lado_errado
9,308.0,14.0,376.0,379.73,395.39853312828564,False,False,False,True,acima_janela_permitida;lado_errado
10,307.0,14.0,376.0,379.73,395.7385500554628,False,False,False,True,acima_janela_permitida;lado_errado
11,306.0,15.0,375.0,378.73,395.1417467188199,False,False,False,True,acima_janela_permitida;lado_errado
12,305.0,15.0,375.0,378.73,395.4870415070512,False,False,False,True,acima_janela_permitida;lado_errado
13,304.0,15.0,375.0,378.73,395.83456140160376,False,False,False,True,acima_janela_permitida;lado_errado
14,303.0,15.0,375.0,378.73,396.1843005471065,False,False,False,True,acima_janela_permitida;lado_errado
15,302.0,15.0,375.0,378.73,396.5362530715193,False,False,False,True,acima_janela_permitida;lado_errado
16,301.0,15.0,375.0,378.73,396.8904130865345,False,False,False,True,acima_janela_permitida;lado_errado
17,300.0,15.0,375.0,378.73,397.24677468797654,False,False,False,True,acima_janela_permitida;lado_errado
18,299.0,15.0,375.0,378.73,397.6053319562,False,False,False,True,acima_janela_permitida;lado_errado
19,298.0,16.0,374.0,377.73,397.0340035815572,False,False,False,True,acima_janela_permitida;lado_errado
20,297.0,16.0,374.0,377.73,397.3977856002723,False,False,False,True,acima_janela_permitida;lado_errado
21,296.0,16.0,374.0,377.73,397.763748976701,False,False,False,True,acima_janela_permitida;lado_errado
22,295.0,16.0,374.0,377.73,398.1318876955223,False,False,False,True,acima_janela_permitida;lado_errado
23,294.0,16.0,374.0,377.73,398.5021957279533,False,False,False,True,acima_janela_permitida;lado_errado
24,293.0,17.0,373.0,376.73,397.94723268292745,False,False,False,True,acima_janela_permitida;lado_errado
25,292.0,17.0,373.0,376.73,398.32273347123936,False,False,False,True,acima_janela_permitida;lado_errado
26,291.0,17.0,373.0,376.73,398.70038876329176,False,False,False,True,acima_janela_permitida;lado_errado
27,290.0,17.0,373.0,376.73,399.0801924425716,False,False,False,True,acima_janela_permitida;lado_errado
28,289.0,18.0,372.0,375.73,398.53858031563266,False,False,False,True,acima_janela_permitida;lado_errado
29,288.0,18.0,372.0,375.73,398.9235515734813,False,False,False,True,acima_janela_permitida;lado_errado
30,287.0,18.0,372.0,375.73,399.3106560060725,False,False,False,True,acima_janela_permitida;lado_errado
31,286.0,18.0,372.0,375.73,399.6998874155458,False,False,False,True,acima_janela_permitida;lado_errado
32,285.0,18.0,372.0,375.73,400.0912395941706,False,False,False,True,acima_janela_permitida;lado_errado
33,284.0,19.0,371.0,374.73,399.56601457080905,False,False,False,True,acima_janela_permitida;lado_errado
34,283.0,19.0,371.0,374.73,399.96249824202266,False,False,False,True,acima_janela_permitida;lado_errado
35,282.0,19.0,371.0,374.73,400.3610870202048,False,False,False,True,acima_janela_permitida;lado_errado
36,281.0,19.0,371.0,374.73,400.7617746242773,False,False,False,True,acima_janela_permitida;lado_errado
37,280.0,20.0,370.0,373.73,400.24992192379,False,False,False,True,acima_janela_permitida;lado_errado
38,279.0,20.0,370.0,373.73,400.65571255131255,False,False,False,True,acima_janela_permitida;lado_errado
39,278.0,20.0,370.0,373.73,401.0635859810761,False,False,False,True,acima_janela_permitida;lado_errado
40,277.0,21.0,369.0,372.73,400.5621050473946,False,False,False,True,acima_janela_permitida;lado_errado
41,276.0,21.0,369.0,372.73,400.9750615686716,False,False,False,True,acima_janela_permitida;lado_errado
42,275.0,21.0,369.0,372.73,401.39008458107185,False,False,False,True,acima_janela_permitida;lado_errado
43,274.0,21.0,369.0,372.73,401.807167681215,False,False,False,True,acima_janela_permitida;lado_errado
44,273.0,22.0,368.0,371.73,401.31907505126145,False,False,False,True,acima_janela_permitida;lado_errado
45,272.0,22.0,368.0,371.73,401.7412102336528,False,False,False,True,acima_janela_permitida;lado_errado
46,271.0,22.0,368.0,371.73,402.16538886383546,False,False,False,True,acima_janela_permitida;lado_errado
47,270.0,23.0,367.0,370.73,401.6876896296425,False,False,False,True,acima_janela_permitida;lado_errado
48,269.0,23.0,367.0,370.73,402.1168984263158,False,False,False,True,acima_janela_permitida;lado_errado
49,268.0,23.0,367.0,370.73,402.54813376787627,False,False,False,True,acima_janela_permitida;lado_errado
50,267.0,24.0,366.0,369.73,402.0808376433774,False,False,False,True,acima_janela_permitida;lado_errado
51,266.0,24.0,366.0,369.73,402.5170803829323,False,False,False,True,acima_janela_permitida;lado_errado
52,265.0,24.0,366.0,369.73,402.9553325121781,False,False,False,True,acima_janela_permitida;lado_errado
53,264.0,25.0,365.0,368.73,402.4984472019737,False,False,False,True,acima_janela_permitida;lado_errado
54,263.0,25.0,365.0,368.73,402.9416831254865,False,False,False,True,acima_janela_permitida;lado_errado
55,262.0,26.0,364.0,367.73,402.49223594996215,False,False,False,True,acima_janela_permitida;lado_errado
56,261.0,26.0,364.0,367.73,402.94044224922374,False,False,False,True,acima_janela_permitida;lado_errado
57,260.0,26.0,364.0,367.73,403.3906295391602,False,False,False,True,acima_janela_permitida;lado_errado
58,259.0,27.0,363.0,366.73,402.9516099980245,False,False,False,True,acima_janela_permitida;lado_errado
59,258.0,27.0,363.0,366.73,403.4067426308093,False,False,False,True,acima_janela_permitida;lado_errado
60,257.0,27.0,363.0,366.73,403.8638384406309,False,False,False,True,acima_janela_permitida;lado_errado
61,256.0,28.0,362.0,365.73,403.43524883182926,False,False,False,True,acima_janela_permitida;lado_errado
62,255.0,28.0,362.0,365.73,403.8972641650349,False,False,False,True,acima_janela_permitida;lado_errado
63,254.0,29.0,361.0,364.73,403.47614551544433,False,False,False,True,acima_janela_permitida;lado_errado
64,253.0,29.0,361.0,364.73,403.9430652950982,False,False,False,True,acima_janela_permitida;lado_errado
65,252.0,29.0,361.0,364.73,404.4119187165482,False,False,False,True,acima_janela_permitida;lado_errado
66,251.0,30.0,360.0,363.73,404.0012376218667,False,False,False,True,acima_janela_permitida;lado_errado
67,250.0,30.0,360.0,363.73,404.4749683231337,False,False,False,True,acima_janela_permitida;lado_errado
68,249.0,31.0,359.0,362.73,404.07177580227005,False,False,False,True,acima_janela_permitida;lado_errado
69,248.0,31.0,359.0,362.73,404.5503676923307,False,False,False,True,acima_janela_permitida;lado_errado
70,247.0,32.0,358.0,361.73,404.1546733615733,False,False,False,True,acima_janela_permitida;lado_errado
71,246.0,32.0,358.0,361.73,404.63810992045717,False,False,False,True,acima_janela_permitida;lado_errado
72,245.0,33.0,357.0,360.73,404.2499226963439,False,False,False,True,acima_janela_permitida;lado_errado
73,244.0,33.0,357.0,360.73,404.7381869801761,False,False,False,True,acima_janela_permitida;lado_errado
74,243.0,34.0,356.0,359.73,404.357515077932,False,False,False,True,acima_janela_permitida;lado_errado
75,242.0,34.0,356.0,359.73,404.8505897241598,False,False,False,True,acima_janela_permitida;lado_errado
76,241.0,35.0,355.0,358.73,404.47744065645986,False,False,False,True,acima_janela_permitida;lado_errado
77,240.0,35.0,355.0,358.73,404.97530788925883,False,False,False,True,acima_janela_permitida;lado_errado
78,239.0,36.0,354.0,357.73,404.6096884653159,False,False,False,True,acima_janela_permitida;lado_errado
79,238.0,36.0,354.0,357.73,405.1123301011708,False,False,False,True,acima_janela_permitida;lado_errado
80,237.0,37.0,353.0,356.73,404.75424642614934,False,False,False,True,acima_janela_permitida;lado_errado
81,236.0,37.0,353.0,356.73,405.2616438796053,False,False,False,True,acima_janela_permitida;lado_errado
82,235.0,38.0,352.0,355.73,404.911101354359,False,False,False,True,acima_janela_permitida;lado_errado
83,234.0,38.0,352.0,355.73,405.4232356439379,False,False,False,True,acima_janela_permitida;lado_errado
84,233.0,39.0,351.0,354.73,405.0802389650722,False,False,False,True,acima_janela_permitida;lado_errado
85,232.0,40.0,350.0,353.73,404.74189306272706,False,False,False,True,acima_janela_permitida;lado_errado
86,231.0,40.0,350.0,353.73,405.2616438796053,False,False,False,True,acima_janela_permitida;lado_errado
87,230.0,41.0,349.0,352.73,404.93085829558606,False,False,False,True,acima_janela_permitida;lado_errado
88,229.0,41.0,349.0,352.73,405.4552996324009,False,False,False,True,acima_janela_permitida;lado_errado
89,228.0,42.0,348.0,351.73,405.1320772291426,False,False,False,True,acima_janela_permitida;lado_errado
90,227.0,43.0,347.0,350.73,404.8135373230495,False,False,False,True,acima_janela_permitida;lado_errado
91,226.0,43.0,347.0,350.73,405.34553161469535,False,False,False,True,acima_janela_permitida;lado_errado
92,225.0,44.0,346.0,349.73,405.03456642612616,False,False,False,True,acima_janela_permitida;lado_errado
93,224.0,44.0,346.0,349.73,405.5712021334848,False,False,False,True,acima_janela_permitida;lado_errado
94,223.0,45.0,345.0,348.73,405.26781268687006,False,False,False,True,acima_janela_permitida;lado_errado
95,222.0,46.0,344.0,347.73,404.96913462633177,False,False,False,True,acima_janela_permitida;lado_errado
96,221.0,46.0,344.0,347.73,405.51325502380314,False,False,False,True,acima_janela_permitida;lado_errado
97,220.0,47.0,343.0,346.73,405.2221612893352,False,False,False,True,acima_janela_permitida;lado_errado
98,219.0,48.0,342.0,345.73,404.9357973802761,False,False,False,True,acima_janela_permitida;lado_errado
99,218.0,48.0,342.0,345.73,405.48736108539805,False,False,False,True,acima_janela_permitida;lado_errado
100,217.0,49.0,341.0,344.73,405.20858826041683,False,False,False,True,acima_janela_permitida;lado_errado
101,216.0,50.0,340.0,343.73,404.93456261475137,False,False,False,True,acima_janela_permitida;lado_errado
102,215.0,50.0,340.0,343.73,405.493526458808,False,False,False,True,acima_janela_permitida;lado_errado
103,214.0,51.0,339.0,342.73,405.2270968234972,False,False,False,True,acima_janela_permitida;lado_errado
104,213.0,52.0,338.0,341.73,404.9654306234052,False,False,False,True,acima_janela_permitida;lado_errado
105,212.0,53.0,337.0,340.73,404.708537097996,False,False,False,True,acima_janela_permitida;lado_errado
106,211.0,53.0,337.0,340.73,405.2776825831889,False,False,False,True,acima_janela_permitida;lado_errado
107,210.0,54.0,336.0,339.73,405.02839406639134,False,False,False,True,acima_janela_permitida;lado_errado
108,209.0,55.0,335.0,338.73,404.7838929601819,False,False,False,True,acima_janela_permitida;lado_errado
109,208.0,56.0,334.0,337.73,404.54418794490175,False,False,False,True,acima_janela_permitida;lado_errado
110,207.0,56.0,334.0,337.73,405.123437979093,False,False,False,True,acima_janela_permitida;lado_errado
111,206.0,57.0,333.0,336.73,404.89134344907893,False,False,False,True,acima_janela_permitida;lado_errado
112,205.0,58.0,332.0,335.73,404.6640582013678,False,False,False,True,acima_janela_permitida;lado_errado
113,204.0,59.0,331.0,334.73,404.4415903440199,False,False,False,True,acima_janela_permitida;lado_errado
114,203.0,59.0,331.0,334.73,405.0308630215727,False,False,False,True,acima_janela_permitida;lado_errado
115,202.0,60.0,330.0,333.73,404.8160075886328,False,False,False,True,acima_janela_permitida;lado_errado
116,201.0,61.0,329.0,332.73,404.6059811718062,False,False,False,True,acima_janela_permitida;lado_errado
117,200.0,62.0,328.0,331.73,404.40079129497263,False,False,False,True,acima_janela_permitida;lado_errado
118,199.0,63.0,327.0,330.73,404.2004453238517,False,False,False,True,acima_janela_permitida;lado_errado
119,198.0,64.0,326.0,329.73,404.00495046471895,False,False,False,True,acima_janela_permitida;lado_errado
120,197.0,65.0,325.0,328.73,403.8143137631454,False,False,False,True,acima_janela_permitida;lado_errado
121,196.0,66.0,324.0,327.73,403.6285421027606,False,False,False,True,acima_janela_permitida;lado_errado
122,195.0,67.0,323.0,326.73,403.44764220404113,False,False,False,True,acima_janela_permitida;lado_errado
123,194.0,68.0,322.0,325.73,403.27162062312294,False,False,False,True,acima_janela_permitida;lado_errado
124,193.0,69.0,321.0,324.73,403.10048375064,False,False,False,True,acima_janela_permitida;lado_errado
125,192.0,69.0,321.0,324.73,403.7189616552584,False,False,False,True,acima_janela_permitida;lado_errado
126,191.0,70.0,320.0,323.73,403.5554484826094,False,False,False,True,acima_janela_permitida;lado_errado
127,190.0,71.0,319.0,322.73,403.39682695826946,False,False,False,True,acima_janela_permitida;lado_errado
128,189.0,72.0,318.0,321.73,403.24310285484114,False,False,False,True,acima_janela_permitida;lado_errado
129,188.0,73.0,317.0,320.73,403.0942817753683,False,False,False,True,acima_janela_permitida;lado_errado
130,188.0,74.0,316.0,319.73,402.318281960937,False,False,False,True,acima_janela_permitida;lado_errado
131,187.0,75.0,315.0,318.73,402.17657813453036,False,False,False,True,acima_janela_permitida;lado_errado
132,186.0,76.0,314.0,317.73,402.0397990249224,False,False,False,True,acima_janela_permitida;lado_errado
133,185.0,77.0,313.0,316.73,401.90794966011805,False,False,False,True,acima_janela_permitida;lado_errado
134,184.0,78.0,312.0,315.73,401.78103489338565,False,False,False,True,acima_janela_permitida;lado_errado
135,183.0,79.0,311.0,314.73,401.6590594023742,False,False,False,True,acima_janela_permitida;lado_errado
136,182.0,80.0,310.0,313.73,401.5420276882608,False,False,False,True,acima_janela_permitida;lado_errado
137,181.0,81.0,309.0,312.73,401.42994407492824,False,False,False,True,acima_janela_permitida;lado_errado
138,180.0,82.0,308.0,311.73,401.32281270817384,False,False,False,True,acima_janela_permitida;lado_errado
139,179.0,83.0,307.0,310.73,401.2206375549493,False,False,False,True,acima_janela_permitida;lado_errado
140,179.0,84.0,306.0,309.73,400.4659785799538,False,False,False,True,acima_janela_permitida;lado_errado
141,178.0,85.0,305.0,308.73,400.37107787651195,False,False,False,True,acima_janela_permitida;lado_errado
142,177.0,86.0,304.0,307.73,400.2811511925087,False,False,False,True,acima_janela_permitida;lado_errado
143,176.0,87.0,303.0,306.73,400.1962018810274,False,False,False,True,acima_janela_permitida;lado_errado
144,175.0,88.0,302.0,305.73,400.1162331123295,False,False,False,True,acima_janela_permitida;lado_errado
145,174.0,89.0,301.0,304.73,400.0412478732662,False,False,False,True,acima_janela_permitida;lado_errado
146,174.0,90.0,300.0,303.73,399.2993864257745,False,False,False,True,acima_janela_permitida;lado_errado
147,173.0,91.0,299.0,302.73,399.2317622634752,False,False,False,True,acima_janela_permitida;lado_errado
148,172.0,92.0,298.0,301.73,399.1691370835175,False,False,False,True,acima_janela_permitida;lado_errado
149,171.0,93.0,297.0,300.73,399.1115132390946,False,False,False,True,acima_janela_permitida;lado_errado
150,171.0,94.0,296.0,299.73,398.3779612378175,False,False,False,True,acima_janela_permitida;lado_errado
151,170.0,95.0,295.0,298.73,398.32775449370837,False,False,False,True,acima_janela_permitida;lado_errado
152,169.0,96.0,294.0,297.73,398.2825630127435,False,False,False,True,acima_janela_permitida;lado_errado
153,168.0,97.0,293.0,296.73,398.24238850227886,False,False,False,True,acima_janela_permitida;lado_errado
154,168.0,98.0,292.0,295.73,397.51729522122685,False,False,False,True,acima_janela_permitida;lado_errado
155,167.0,99.0,291.0,294.73,397.4845908963013,False,False,False,True,acima_janela_permitida;lado_errado
156,166.0,100.0,290.0,293.73,397.4569159041015,False,False,False,True,acima_janela_permitida;lado_errado
157,165.0,101.0,289.0,292.73,397.43427129526714,False,False,False,True,acima_janela_permitida;lado_errado
158,165.0,102.0,288.0,291.73,396.7177838211945,False,False,False,True,acima_janela_permitida;lado_errado
159,164.0,103.0,287.0,290.73,396.7026594314689,False,False,False,True,acima_janela_permitida;lado_errado
160,163.0,104.0,286.0,289.73,396.69257618463195,False,False,False,True,acima_janela_permitida;lado_errado
161,163.0,105.0,285.0,288.73,395.98232283777514,False,False,False,True,acima_janela_permitida;lado_errado
162,162.0,106.0,284.0,287.73,395.9797974644666,False,False,False,True,acima_janela_permitida;lado_errado
163,161.0,107.0,283.0,286.73,395.98232283777514,False,False,False,True,acima_janela_permitida;lado_errado
164,161.0,108.0,282.0,285.73,395.27838291512984,False,False,False,True,acima_janela_permitida;lado_errado
165,160.0,109.0,281.0,284.73,395.28850223602507,False,False,False,True,acima_janela_permitida;lado_errado
166,160.0,110.0,280.0,283.73,394.58839313897715,False,False,False,True,acima_janela_permitida;lado_errado
167,159.0,111.0,279.0,282.73,394.60613274504493,False,False,False,True,acima_janela_permitida;lado_errado
168,158.0,112.0,278.0,281.73,394.6289396382379,False,False,False,True,acima_janela_permitida;lado_errado
169,158.0,113.0,277.0,280.73,393.93527387122873,False,False,False,True,acima_janela_permitida;lado_errado
170,157.0,114.0,276.0,279.73,393.96573455060786,False,False,False,True,acima_janela_permitida;lado_errado
171,157.0,115.0,275.0,278.73,393.2759845197772,False,False,False,True,acima_janela_permitida;lado_errado
172,156.0,116.0,274.0,277.73,393.31412382471086,False,False,False,True,acima_janela_permitida;lado_errado
173,155.0,117.0,273.0,276.73,393.35734389992007,False,False,False,True,acima_janela_permitida;lado_errado
174,155.0,118.0,272.0,275.73,392.674165180242,False,False,False,True,acima_janela_permitida;lado_errado
175,154.0,119.0,271.0,274.73,392.72509469093006,False,False,False,True,acima_janela_permitida;lado_errado
176,154.0,120.0,270.0,273.73,392.04591567825315,False,False,False,True,acima_janela_permitida;lado_errado
177,153.0,121.0,269.0,272.73,392.1045778870734,False,False,False,True,acima_janela_permitida;lado_errado
178,153.0,122.0,268.0,271.73,391.42943169874184,False,False,False,True,acima_janela_permitida;lado_errado
179,152.0,123.0,267.0,270.73,391.4958492755702,False,False,False,True,acima_janela_permitida;lado_errado
180,152.0,124.0,266.0,269.73,390.8247689182455,False,False,False,True,acima_janela_permitida;lado_errado
181,151.0,125.0,265.0,268.73,390.8989639280207,False,False,False,True,acima_janela_permitida;lado_errado
182,151.0,126.0,264.0,267.73,390.23198228745935,False,False,False,True,acima_janela_permitida;lado_errado
183,150.0,127.0,263.0,266.73,390.31397617815327,False,False,False,True,acima_janela_permitida;lado_errado
184,150.0,128.0,262.0,265.73,389.6511260088953,False,False,False,True,acima_janela_permitida;lado_errado
185,149.0,129.0,261.0,264.73,389.74093959962687,False,False,False,True,acima_janela_permitida;lado_errado
186,149.0,130.0,260.0,263.73,389.08225351460067,False,False,False,True,acima_janela_permitida;lado_errado
187,148.0,131.0,259.0,262.73,389.1799069839038,False,False,False,True,acima_janela_permitida;lado_errado
188,148.0,132.0,258.0,261.73,388.52541744395563,False,False,False,True,acima_janela_permitida;lado_errado
189,147.0,133.0,257.0,260.73,388.63093031821336,False,False,False,True,acima_janela_permitida;lado_errado
190,147.0,134.0,256.0,259.73,387.98066962156764,False,False,False,True,acima_janela_permitida;lado_errado
191,146.0,135.0,255.0,258.73,388.09406076362467,False,False,False,True,acima_janela_permitida;lado_errado
192,146.0,136.0,254.0,257.73,387.44806103528254,False,False,False,True,acima_janela_permitida;lado_errado
193,146.0,137.0,253.0,256.73,386.80356771881,False,False,False,True,acima_janela_permitida;lado_errado
194,145.0,138.0,252.0,255.73000000000002,386.927641814332,False,False,False,True,acima_janela_permitida;lado_errado
195,145.0,139.0,251.0,254.73000000000002,386.2874577306387,False,False,False,True,acima_janela_permitida;lado_errado
196,144.0,140.0,250.0,253.73000000000002,386.4194612076364,False,False,False,True,acima_janela_permitida;lado_errado
197,144.0,141.0,249.0,252.73000000000002,385.78361810735305,False,False,False,True,acima_janela_permitida;lado_errado
198,144.0,142.0,248.0,251.73000000000002,385.14932169224966,False,False,False,True,acima_janela_permitida;lado_errado
199,143.0,143.0,247.0,250.73000000000002,385.2920969861697,False,False,False,True,acima_janela_permitida;lado_errado
200,143.0,144.0,246.0,249.73000000000002,384.6621894597908,False,False,False,True,acima_janela_permitida;lado_errado
201,143.0,145.0,245.0,248.73000000000002,384.03385267447453,False,False,False,True,acima_janela_permitida;lado_errado
202,142.0,146.0,244.0,247.73000000000002,384.1874542459709,False,False,False,True,acima_janela_permitida;lado_errado
203,142.0,147.0,243.0,246.73000000000002,383.5635540559087,False,False,False,True,acima_janela_permitida;lado_errado
204,141.0,148.0,242.0,245.73000000000002,383.7251620626409,False,False,False,True,acima_janela_permitida;lado_errado
205,141.0,149.0,241.0,244.73000000000002,383.105729531679,False,False,False,True,acima_janela_permitida;lado_errado
206,141.0,150.0,240.0,243.73000000000002,382.48790830560904,False,False,False,True,acima_janela_permitida;lado_errado
207,140.0,151.0,239.0,242.73000000000002,382.6604238747456,False,False,False,True,acima_janela_permitida;lado_errado
208,140.0,152.0,238.0,241.73000000000002,382.04711751301045,False,False,False,True,acima_janela_permitida;lado_errado
209,140.0,153.0,237.0,240.73000000000002,381.43544670101124,False,False,False,True,acima_janela_permitida;lado_errado
210,139.0,154.0,236.0,239.73000000000002,381.61891986640285,False,False,False,True,acima_janela_permitida;lado_errado
211,139.0,155.0,235.0,238.73000000000002,381.0118108405565,False,False,False,True,acima_janela_permitida;lado_errado
212,139.0,156.0,234.0,237.73000000000002,380.4063616713054,False,False,False,True,acima_janela_permitida;lado_errado
213,139.0,157.0,233.0,236.73000000000002,379.80258029665885,False,False,False,True,acima_janela_permitida;lado_errado
214,138.0,158.0,232.0,235.73000000000002,380.0,False,False,False,True,acima_janela_permitida;lado_errado
215,138.0,159.0,231.0,234.73000000000002,379.40084343606827,False,False,False,True,acima_janela_permitida;lado_errado
216,138.0,160.0,230.0,233.73000000000002,378.80337907679757,False,False,False,True,acima_janela_permitida;lado_errado
217,137.0,161.0,229.0,232.73000000000002,379.0118731649445,False,False,False,True,acima_janela_permitida;lado_errado
218,137.0,162.0,228.0,231.73000000000002,378.41907985723975,False,False,False,True,acima_janela_permitida;lado_errado
219,137.0,163.0,227.0,230.73000000000002,377.828003197222,False,False,False,True,acima_janela_permitida;lado_errado
220,137.0,164.0,226.0,229.73000000000002,377.23865125408344,False,False,False,True,acima_janela_permitida;lado_errado
221,136.0,165.0,225.0,228.73000000000002,377.4612562899668,False,False,False,True,acima_janela_permitida;lado_errado
222,136.0,166.0,224.0,227.73000000000002,376.87663764154973,False,False,False,True,acima_janela_permitida;lado_errado
223,136.0,167.0,223.0,226.73000000000002,376.2937682183961,False,False,False,True,acima_janela_permitida;lado_errado
224,136.0,168.0,222.0,225.73000000000002,375.71265616159377,False,False,False,True,acima_janela_permitida;lado_errado
225,135.0,169.0,221.0,224.73000000000002,375.9494646890723,False,False,False,True,acima_janela_permitida;lado_errado
226,135.0,170.0,220.0,223.73000000000002,375.37314768107746,False,False,False,True,acima_janela_permitida;lado_errado
227,135.0,171.0,219.0,222.73000000000002,374.79861259081525,False,False,False,True,acima_janela_permitida;lado_errado
228,135.0,172.0,218.0,221.73000000000002,374.22586762542215,False,False,False,True,acima_janela_permitida;lado_errado
229,135.0,173.0,217.0,220.73000000000002,373.6549210167049,False,False,False,True,acima_janela_permitida;lado_errado
230,134.0,174.0,216.0,219.73000000000002,373.9090798576574,False,False,False,True,acima_janela_permitida;lado_errado
231,134.0,175.0,215.0,218.73000000000002,373.34300582708124,False,False,False,True,acima_janela_permitida;lado_errado
232,134.0,176.0,214.0,217.73000000000002,372.7787547594417,False,False,False,True,acima_janela_permitida;lado_errado
233,134.0,177.0,213.0,216.73000000000002,372.21633494514987,False,False,False,True,acima_janela_permitida;lado_errado
234,134.0,178.0,212.0,215.73000000000002,371.65575469781174,False,False,False,True,acima_janela_permitida;lado_errado
235,133.0,179.0,211.0,214.73000000000002,371.9274122728789,False,False,False,True,acima_janela_permitida;lado_errado
236,133.0,180.0,210.0,213.73000000000002,371.3717813727909,False,False,False,True,acima_janela_permitida;lado_errado
237,133.0,181.0,209.0,212.73000000000002,370.81801466487576,False,False,False,True,acima_janela_permitida;lado_errado
238,133.0,182.0,208.0,211.73000000000002,370.26612051334104,False,False,False,True,acima_janela_permitida;lado_errado
239,133.0,183.0,207.0,210.73000000000002,369.7161073039691,False,False,False,True,acima_janela_permitida;lado_errado
240,132.0,184.0,206.0,209.73000000000002,370.00540536592166,False,False,False,True,acima_janela_permitida;lado_errado
241,132.0,185.0,205.0,208.73000000000002,369.4604173656496,False,False,False,True,acima_janela_permitida;lado_errado
242,132.0,186.0,204.0,207.73000000000002,368.9173349139343,False,False,False,True,acima_janela_permitida;lado_errado
243,132.0,187.0,203.0,206.73000000000002,368.37616643860116,False,False,False,True,acima_janela_permitida;lado_errado
244,132.0,188.0,202.0,205.73000000000002,367.8369203872825,False,False,False,True,acima_janela_permitida;lado_errado
245,132.0,189.0,201.0,204.73000000000002,367.29960522712247,False,True,False,True,lado_errado
246,132.0,190.0,200.0,203.73000000000002,366.7642294444757,False,True,False,True,lado_errado
247,132.0,191.0,199.0,202.73000000000002,366.23080154459973,False,True,False,True,lado_errado
248,131.0,192.0,198.0,201.73000000000002,366.5474048469038,False,True,False,True,lado_errado
249,131.0,193.0,197.0,200.73000000000002,366.0191251833707,False,True,False,True,lado_errado
250,131.0,194.0,196.0,199.73000000000002,365.4928179868929,False,True,False,True,lado_errado
251,131.0,195.0,195.0,198.73000000000002,364.9684917907298,False,True,False,True,lado_errado
252,131.0,196.0,194.0,197.73000000000002,364.44615514503647,False,True,False,True,lado_errado
253,131.0,197.0,193.0,196.73000000000002,363.9258166165187,False,True,False,True,lado_errado
254,131.0,198.0,192.0,195.73000000000002,363.40748478808194,False,True,False,True,lado_errado
255,131.0,199.0,191.0,194.73000000000002,362.8911682584739,False,True,False,True,lado_errado
256,130.0,200.0,190.0,193.73000000000002,363.23546082396746,False,True,False,True,lado_errado
257,130.0,201.0,189.0,192.73000000000002,362.7244132947216,False,True,False,True,lado_errado
258,130.0,202.0,188.0,191.73000000000002,362.2154055254967,False,True,False,True,lado_errado
259,130.0,203.0,187.0,190.73000000000002,361.7084461275407,False,True,False,True,lado_errado
260,130.0,204.0,186.0,189.73000000000002,361.20354372569494,False,True,False,True,lado_errado
261,130.0,205.0,185.0,188.73000000000002,360.70070695799865,False,True,False,True,lado_errado
262,130.0,206.0,184.0,187.73000000000002,360.1999444752872,False,True,False,True,lado_errado
263,130.0,207.0,183.0,186.73000000000002,359.70126494078386,False,True,False,True,lado_errado
264,130.0,208.0,182.0,185.73000000000002,359.20467702968455,False,True,False,True,lado_errado
265,130.0,209.0,181.0,184.73000000000002,358.71018942873644,False,True,False,True,lado_errado
266,130.0,210.0,180.0,183.73000000000002,358.21781083580976,False,True,False,True,lado_errado
267,130.0,211.0,179.0,182.73000000000002,357.72754995946286,False,True,False,True,lado_errado
268,130.0,212.0,178.0,181.73000000000002,357.2394155185007,False,True,False,True,lado_errado
269,130.0,213.0,177.0,180.73000000000002,356.7534162415267,False,True,False,True,lado_errado
270,130.0,214.0,176.0,179.73000000000002,356.2695608664877,False,True,False,True,lado_errado
271,130.0,215.0,175.0,178.73000000000002,355.78785814021256,False,True,False,True,lado_errado
272,130.0,216.0,174.0,177.73000000000002,355.30831681794336,False,True,False,True,lado_errado
273,130.0,217.0,173.0,176.73000000000002,354.8309456628607,False,True,False,True,lado_errado
274,130.0,218.0,172.0,175.73000000000002,354.35575344560164,False,True,False,True,lado_errado
275,130.0,219.0,171.0,174.73000000000002,353.88274894377093,False,True,False,True,lado_errado
276,130.0,220.0,170.0,173.73000000000002,353.41194094144583,False,True,False,True,lado_errado
277,130.0,221.0,169.0,172.73000000000002,352.9433382286738,False,True,False,True,lado_errado
278,130.0,222.0,168.0,171.73000000000002,352.4769496009633,False,True,False,True,lado_errado
279,130.0,223.0,167.0,170.73000000000002,352.0127838587684,False,True,False,True,lado_errado
280,130.0,224.0,166.0,169.73000000000002,351.550849806966,False,True,False,True,lado_errado
281,130.0,225.0,165.0,168.73000000000002,351.0911562543266,False,True,False,True,lado_errado
282,130.0,226.0,164.0,167.73000000000002,350.63371201297804,False,True,False,True,lado_errado
283,130.0,227.0,163.0,166.73000000000002,350.1785258978626,False,True,False,True,lado_errado
284,130.0,228.0,162.0,165.73000000000002,349.72560672618755,False,True,False,True,lado_errado
285,130.0,229.0,161.0,164.73000000000002,349.2749633168687,False,True,False,True,lado_errado
286,130.0,230.0,160.0,163.73000000000002,348.82660448996717,False,True,False,True,lado_errado
287,130.0,231.0,159.0,162.73000000000002,348.38053906611947,False,True,False,True,lado_errado
288,131.0,232.0,158.0,161.73000000000002,347.0403434760864,False,True,False,True,lado_errado
289,131.0,233.0,157.0,160.73000000000002,346.5977495599185,False,True,False,True,lado_errado
290,131.0,234.0,156.0,159.73000000000002,346.1574786134195,False,True,False,True,lado_errado
291,131.0,235.0,155.0,158.73000000000002,345.71953951143695,False,True,False,True,lado_errado
292,131.0,236.0,154.0,157.73000000000002,345.28394112671964,False,True,False,True,lado_errado
293,131.0,237.0,153.0,156.73000000000002,344.85069232930357,False,True,False,True,lado_errado
294,131.0,238.0,152.0,155.73000000000002,344.41980198589044,False,True,False,True,lado_errado
295,131.0,239.0,151.0,154.73000000000002,343.99127895922015,False,True,False,True,lado_errado
296,131.0,240.0,150.0,153.73000000000002,343.56513210743606,False,True,False,True,lado_errado
297,132.0,241.0,149.0,152.73000000000002,342.23529917295207,False,True,False,True,lado_errado
298,132.0,242.0,148.0,151.73000000000002,341.81281427120314,False,True,False,True,lado_errado
299,132.0,243.0,147.0,150.73000000000002,341.39273571650585,False,True,False,True,lado_errado
300,132.0,244.0,146.0,149.73000000000002,340.9750724026611,False,True,False,True,lado_errado
301,132.0,245.0,145.0,148.73000000000002,340.55983321583886,False,True,False,True,lado_errado
302,132.0,246.0,144.0,147.73000000000002,340.14702703389895,False,True,False,True,lado_errado
303,132.0,247.0,143.0,146.73000000000002,339.73666272570586,False,True,False,True,lado_errado
304,133.0,248.0,142.0,145.73000000000002,338.4154251803543,False,True,False,True,lado_errado
305,133.0,249.0,141.0,144.73000000000002,338.0088756231114,False,True,False,True,lado_errado
306,133.0,250.0,140.0,143.73000000000002,337.6047985440965,False,True,False,True,lado_errado
307,133.0,251.0,139.0,142.73000000000002,337.2032028317643,False,True,False,True,lado_errado
308,133.0,252.0,138.0,141.73000000000002,336.80409736225005,False,True,False,True,lado_errado
309,134.0,253.0,137.0,140.73000000000002,335.4891950570092,False,True,False,True,lado_errado
310,134.0,254.0,136.0,139.73000000000002,335.094016658012,False,True,False,True,lado_errado
311,134.0,255.0,135.0,138.73000000000002,334.7013594235912,False,True,False,True,lado_errado
312,134.0,256.0,134.0,137.73000000000002,334.3112322372672,False,True,False,True,lado_errado
313,134.0,257.0,133.0,136.73000000000002,333.92364396670087,False,True,False,True,lado_errado
314,135.0,258.0,132.0,135.73000000000002,332.6153935102824,False,True,False,True,lado_errado
315,135.0,259.0,131.0,134.73000000000002,332.2318467576521,False,True,False,True,lado_errado
316,135.0,260.0,130.0,133.73000000000002,331.85087012090236,False,True,False,True,lado_errado
317,135.0,261.0,129.0,132.73000000000002,331.4724724618924,False,True,False,True,lado_errado
318,135.0,262.0,128.0,131.73000000000002,331.09666262286606,False,True,False,True,lado_errado
319,136.0,263.0,127.0,130.73000000000002,329.7953911139451,False,True,False,True,lado_errado
320,136.0,264.0,126.0,129.73000000000002,329.4237392781522,False,True,False,True,lado_errado
321,136.0,265.0,125.0,128.73000000000002,329.05470669783773,False,True,False,True,lado_errado
322,136.0,266.0,124.0,127.73000000000002,328.6883021952561,False,True,False,True,lado_errado
323,137.0,267.0,123.0,126.73000000000002,327.39273052406037,False,True,False,True,lado_errado
324,137.0,268.0,122.0,125.73000000000002,327.03057960991964,False,True,False,True,lado_errado
325,137.0,269.0,121.0,124.73000000000002,326.67108840544796,False,True,False,True,lado_errado
326,137.0,270.0,120.0,123.73000000000002,326.31426570102633,False,True,False,True,lado_errado
327,138.0,271.0,119.0,122.73000000000002,325.0246144525057,False,True,False,True,lado_errado
328,138.0,272.0,118.0,121.73000000000002,324.6721423220662,False,True,False,True,lado_errado
329,138.0,273.0,117.0,120.73000000000002,324.32237048961025,False,True,False,True,lado_errado
330,139.0,274.0,116.0,119.73000000000002,323.0371495664237,False,True,False,True,lado_errado
331,139.0,275.0,115.0,118.73000000000002,322.69180342859653,False,True,False,True,lado_errado
332,139.0,276.0,114.0,117.73000000000002,322.3491895445062,False,True,False,True,lado_errado
333,139.0,277.0,113.0,116.73000000000002,322.0093166354042,False,True,False,True,lado_errado
334,140.0,278.0,112.0,115.73000000000002,320.7304163935812,False,True,False,True,lado_errado
335,140.0,279.0,111.0,114.73000000000002,320.39506862621965,False,True,False,True,lado_errado
336,140.0,280.0,110.0,113.73000000000002,320.0624938976762,False,True,False,True,lado_errado
337,141.0,281.0,109.0,112.73000000000002,318.7883310285996,False,True,False,True,lado_errado
338,141.0,282.0,108.0,111.73000000000002,318.4603586005643,False,True,False,True,lado_errado
339,141.0,283.0,107.0,110.73000000000002,318.1351913888182,False,True,False,True,lado_errado
340,142.0,284.0,106.0,109.73000000000002,316.86590223626143,False,True,False,True,lado_errado
341,142.0,285.0,105.0,108.73000000000002,316.5454153830063,False,True,False,True,lado_errado
342,142.0,286.0,104.0,107.73000000000002,316.22776601683796,False,True,False,True,lado_errado
343,143.0,287.0,103.0,106.73000000000002,314.9634899476446,False,True,False,True,lado_errado
344,143.0,288.0,102.0,105.73000000000002,314.6505998723028,False,True,False,True,lado_errado
345,144.0,289.0,101.0,104.73000000000002,313.3895339669147,False,True,False,True,lado_errado
346,144.0,290.0,100.0,103.73000000000002,313.0814590485997,False,True,False,True,lado_errado
347,144.0,291.0,99.0,102.73000000000002,312.77627787285917,False,True,False,True,lado_errado
348,145.0,292.0,98.0,101.73000000000002,311.52046481732145,False,True,False,True,lado_errado
349,145.0,293.0,97.0,100.73000000000002,311.22017929433815,False,True,False,True,lado_errado
350,145.0,294.0,96.0,99.73000000000002,310.9228200052225,False,True,False,True,lado_errado
351,146.0,295.0,95.0,98.73000000000002,309.67240755353066,False,True,False,True,lado_errado
352,146.0,296.0,94.0,97.73000000000002,309.38002521171273,False,True,False,True,lado_errado
353,147.0,297.0,93.0,96.73000000000002,308.1330881291394,False,True,False,True,lado_errado
354,147.0,298.0,92.0,95.73000000000002,307.8457405909655,False,True,False,True,lado_errado
355,148.0,299.0,91.0,94.73000000000002,306.6023483276017,False,True,False,True,lado_errado
356,148.0,300.0,90.0,93.73000000000002,306.32009401931174,False,True,False,True,lado_errado
357,149.0,301.0,89.0,92.73000000000002,305.08031729365956,False,True,False,True,lado_errado
358,149.0,302.0,88.0,91.73000000000002,304.8032152061392,False,True,False,True,lado_errado
359,150.0,303.0,87.0,90.73000000000002,303.5671260199299,False,True,False,True,lado_errado
360,150.0,304.0,86.0,89.73000000000002,303.29523570277195,False,True,False,True,lado_errado
361,151.0,305.0,85.0,88.73000000000002,302.062907355405,False,True,False,True,lado_errado
362,151.0,306.0,84.0,87.73000000000002,301.7962889102515,False,True,False,True,lado_errado
363,152.0,307.0,83.0,86.73000000000002,300.56779601281306,False,True,False,True,lado_errado
364,152.0,308.0,82.0,85.73000000000002,300.3065100859454,False,True,False,True,lado_errado
365,153.0,309.0,81.0,84.73000000000002,299.0819285747636,False,True,False,True,lado_errado
366,153.0,310.0,80.0,83.73000000000002,298.82603634890984,False,True,False,True,lado_errado
367,154.0,311.0,79.0,82.73000000000002,297.6054434986027,False,True,False,True,lado_errado
368,154.0,312.0,78.0,81.73000000000002,297.3550066839299,False,True,False,True,lado_errado
369,155.0,313.0,77.0,80.73000000000002,296.1384811198977,False,True,False,True,lado_errado
370,155.0,314.0,76.0,79.73000000000002,295.89356194415586,False,True,False,True,lado_errado
371,156.0,315.0,75.0,78.73000000000002,294.6811836544709,False,True,False,True,lado_errado
372,157.0,316.0,74.0,77.73000000000002,293.47061181658376,False,True,False,True,lado_errado
373,157.0,317.0,73.0,76.73000000000002,293.23369519889764,False,True,False,True,lado_errado
374,158.0,318.0,72.0,75.73000000000002,292.0273959751037,False,True,False,True,lado_errado
375,158.0,319.0,71.0,74.73000000000002,291.79616172938256,False,True,False,True,lado_errado
376,159.0,320.0,70.0,73.73000000000002,290.5942188000305,False,True,False,True,lado_errado
377,160.0,321.0,69.0,72.73000000000002,289.394194827747,False,True,False,True,lado_errado
378,160.0,322.0,68.0,71.73000000000002,289.1712295509358,False,True,False,True,lado_errado
379,161.0,323.0,67.0,70.73000000000002,287.9756934187328,False,True,False,True,lado_errado
380,161.0,324.0,66.0,69.73000000000002,287.75857936819193,False,True,False,True,lado_errado
381,162.0,325.0,65.0,68.73000000000002,286.56761854752534,False,True,False,True,lado_errado
382,163.0,326.0,64.0,67.73000000000002,285.3786957710754,False,True,False,True,lado_errado
383,163.0,327.0,63.0,66.73000000000002,285.1701246624548,False,True,False,True,lado_errado
384,164.0,328.0,62.0,65.73000000000002,283.9859151436916,False,True,False,True,lado_errado
385,165.0,329.0,61.0,64.73000000000002,282.80381892753854,False,True,False,True,lado_errado
386,165.0,330.0,60.0,63.73000000000002,282.60396317107796,False,True,False,True,lado_errado
387,166.0,331.0,59.0,62.73000000000002,281.42672225643395,False,True,False,True,lado_errado
388,167.0,332.0,58.0,61.73000000000002,280.25167260874645,False,True,False,True,lado_errado
389,167.0,333.0,57.0,60.73000000000002,280.0607077045975,False,True,False,True,lado_errado
390,168.0,334.0,56.0,59.73000000000002,278.89065957826557,False,True,False,True,lado_errado
391,169.0,335.0,55.0,58.73000000000002,277.7228834647948,False,True,False,True,lado_errado
392,170.0,336.0,54.0,57.73000000000002,276.55740814521675,False,True,False,True,lado_errado
393,170.0,337.0,53.0,56.73000000000002,276.3783638420345,False,True,False,True,lado_errado
394,171.0,338.0,52.0,55.73000000000002,275.2180953353177,False,True,False,True,lado_errado
395,172.0,339.0,51.0,54.73000000000002,274.0602123621742,False,True,False,True,lado_errado
396,173.0,340.0,50.0,53.73000000000002,272.90474528670256,False,True,False,True,lado_errado
397,173.0,341.0,49.0,52.73000000000002,272.7379694871985,False,True,False,True,lado_errado
398,174.0,342.0,48.0,51.73000000000002,271.5879231482873,False,True,False,True,lado_errado
399,175.0,343.0,47.0,50.73000000000002,270.44038160008574,False,True,False,True,lado_errado
400,176.0,344.0,46.0,49.73000000000002,269.2953768633988,False,True,False,True,lado_errado
401,177.0,345.0,45.0,48.73000000000002,268.15294143454776,False,True,False,True,lado_errado
402,177.0,346.0,44.0,47.73000000000002,268.00186566514793,False,True,False,True,lado_errado
403,178.0,347.0,43.0,46.73000000000002,266.865134478073,False,True,False,True,lado_errado
404,179.0,348.0,42.0,45.73000000000002,265.73106705840775,False,True,False,True,lado_errado
405,180.0,349.0,41.0,44.73000000000002,264.5996976566678,False,True,False,True,lado_errado
406,181.0,350.0,40.0,43.73000000000002,263.47106102948004,False,True,False,True,lado_errado
407,182.0,351.0,39.0,42.73000000000002,262.3451924468981,False,True,False,True,lado_errado
408,183.0,352.0,38.0,41.73000000000002,261.22212769977966,False,True,False,True,lado_errado
409,184.0,353.0,37.0,40.73000000000002,260.1019031072245,False,True,False,True,lado_errado
410,185.0,354.0,36.0,39.73000000000002,258.98455552406983,False,True,False,True,lado_errado
411,186.0,355.0,35.0,38.73000000000002,257.87012234844116,False,True,False,True,lado_errado
412,186.0,356.0,34.0,37.73000000000002,257.75181861628056,False,True,False,True,lado_errado
413,187.0,357.0,33.0,36.73000000000002,256.64372191814863,False,True,False,True,lado_errado
414,188.0,358.0,32.0,35.73000000000002,255.53864678361276,False,True,False,True,lado_errado
415,189.0,359.0,31.0,34.73000000000002,254.4366325826531,False,True,False,True,lado_errado
416,190.0,360.0,30.0,33.73000000000002,253.33771926027913,False,True,False,True,lado_errado
417,191.0,361.0,29.0,32.73000000000002,252.24194734421155,False,True,False,True,lado_errado
418,192.0,361.0,29.0,32.73000000000002,251.24689052802225,False,True,False,True,lado_errado
419,193.0,362.0,28.0,31.730000000000018,250.15395259719563,False,True,False,True,lado_errado
420,194.0,363.0,27.0,30.730000000000018,249.06424873915566,False,True,False,True,lado_errado
421,195.0,364.0,26.0,29.730000000000018,247.97782158894776,False,True,False,True,lado_errado
422,196.0,365.0,25.0,28.730000000000018,246.89471440271862,False,True,False,True,lado_errado
423,197.0,366.0,24.0,27.730000000000018,245.81497106563708,False,True,False,True,lado_errado
424,198.0,367.0,23.0,26.730000000000018,244.73863609981976,False,True,False,True,lado_errado
425,199.0,368.0,22.0,25.730000000000018,243.6657546722559,False,True,False,True,lado_errado
426,200.0,369.0,21.0,24.730000000000018,242.5963726027246,False,True,False,True,lado_errado
427,201.0,370.0,20.0,23.730000000000018,241.53053637169774,False,True,False,True,lado_errado
428,202.0,371.0,19.0,22.730000000000018,240.46829312822095,False,True,False,True,lado_errado
429,203.0,372.0,18.0,21.730000000000018,239.40969069776602,False,True,False,True,lado_errado
430,204.0,372.0,18.0,21.730000000000018,238.41140912296962,False,True,False,True,lado_errado
431,205.0,373.0,17.0,20.730000000000018,237.35627229968034,False,True,False,True,lado_errado
432,206.0,374.0,16.0,19.730000000000018,236.30488780387088,False,True,False,True,lado_errado
433,207.0,375.0,15.0,18.730000000000018,235.25730594393875,False,True,False,True,lado_errado
434,208.0,375.0,15.0,18.730000000000018,234.2584043316269,False,True,False,True,lado_errado
435,209.0,376.0,14.0,17.730000000000018,233.21449354617735,False,True,False,True,lado_errado
436,210.0,377.0,13.0,16.730000000000018,232.17450333746814,False,True,False,True,lado_errado
437,211.0,378.0,12.0,15.730000000000018,231.1384866265244,False,True,False,True,lado_errado
438,212.0,378.0,12.0,15.730000000000018,230.13908837917995,False,True,False,True,lado_errado
439,213.0,379.0,11.0,14.730000000000018,229.10696191953662,False,True,False,True,lado_errado
440,214.0,380.0,10.0,13.730000000000018,228.07893370497854,False,True,False,True,lado_errado
441,215.0,381.0,9.0,12.730000000000018,227.05505940189926,False,True,False,True,lado_errado
442,216.0,381.0,9.0,12.730000000000018,226.05530296810116,False,True,False,True,lado_errado
443,217.0,382.0,8.0,11.730000000000018,225.03555274667156,False,True,False,True,lado_errado
444,218.0,383.0,7.0,10.730000000000018,224.0200883849482,False,True,False,True,lado_errado
445,219.0,384.0,6.0,9.730000000000018,223.00896842952304,False,True,False,True,lado_errado
446,220.0,384.0,6.0,9.730000000000018,222.00900882621858,False,True,False,True,lado_errado
447,221.0,385.0,5.0,8.730000000000018,221.00226243185838,False,True,False,True,lado_errado
448,222.0,386.0,4.0,7.730000000000018,220.0,False,True,False,True,lado_errado
449,223.0,386.0,4.0,7.730000000000018,219.0,False,True,False,True,lado_errado
450,224.0,386.0,4.0,7.730000000000018,218.0,False,True,False,True,lado_errado
451,225.0,386.0,4.0,7.730000000000018,217.0,False,True,False,True,lado_errado
452,226.0,386.0,4.0,7.730000000000018,216.0,False,True,False,True,lado_errado
453,227.0,386.0,4.0,7.730000000000018,215.0,False,True,False,True,lado_errado
454,228.0,386.0,4.0,7.730000000000018,214.0,False,True,False,True,lado_errado
455,229.0,386.0,4.0,7.730000000000018,213.0,False,True,False,True,lado_errado
456,230.0,386.0,4.0,7.730000000000018,212.0,False,True,False,True,lado_errado
457,231.0,386.0,4.0,7.730000000000018,211.0,False,True,False,True,lado_errado
458,232.0,386.0,4.0,7.730000000000018,210.0,False,True,False,True,lado_errado
459,233.0,386.0,4.0,7.730000000000018,209.0,False,True,False,True,lado_errado
460,234.0,386.0,4.0,7.730000000000018,208.0,False,True,False,True,lado_errado
461,235.0,386.0,4.0,7.730000000000018,207.0,False,True,False,True,lado_errado
462,236.0,386.0,4.0,7.730000000000018,206.0,False,True,False,True,lado_errado
463,237.0,386.0,4.0,7.730000000000018,205.0,False,True,False,True,lado_errado
464,238.0,386.0,4.0,7.730000000000018,204.0,False,True,False,True,lado_errado
465,239.0,386.0,4.0,7.730000000000018,203.0,False,True,False,True,lado_errado
466,240.0,386.0,4.0,7.730000000000018,202.0,False,True,False,True,lado_errado
467,241.0,386.0,4.0,7.730000000000018,201.0,False,True,False,True,lado_errado
468,242.0,386.0,4.0,7.730000000000018,200.0,False,True,False,True,lado_errado
469,243.0,386.0,4.0,7.730000000000018,199.0,False,True,False,True,lado_errado
470,244.0,386.0,4.0,7.730000000000018,198.0,False,True,False,True,lado_errado
471,245.0,386.0,4.0,7.730000000000018,197.0,False,True,False,True,lado_errado
472,246.0,386.0,4.0,7.730000000000018,196.0,False,True,False,True,lado_errado
473,247.0,386.0,4.0,7.730000000000018,195.0,False,True,False,True,lado_errado
474,248.0,386.0,4.0,7.730000000000018,194.0,False,True,False,True,lado_errado
475,249.0,386.0,4.0,7.730000000000018,193.0,False,True,False,True,lado_errado
476,250.0,386.0,4.0,7.730000000000018,192.0,False,True,False,True,lado_errado
477,251.0,386.0,4.0,7.730000000000018,191.0,False,True,False,True,lado_errado
478,252.0,386.0,4.0,7.730000000000018,190.0,False,True,False,True,lado_errado
479,253.0,386.0,4.0,7.730000000000018,189.0,False,True,False,True,lado_errado
480,254.0,386.0,4.0,7.730000000000018,188.0,False,True,False,True,lado_errado
481,255.0,386.0,4.0,7.730000000000018,187.0,False,True,False,True,lado_errado
482,256.0,386.0,4.0,7.730000000000018,186.0,False,True,False,True,lado_errado
483,257.0,386.0,4.0,7.730000000000018,185.0,False,True,False,True,lado_errado
484,258.0,386.0,4.0,7.730000000000018,184.0,False,True,False,True,lado_errado
485,259.0,386.0,4.0,7.730000000000018,183.0,False,True,False,True,lado_errado
486,260.0,386.0,4.0,7.730000000000018,182.0,False,True,False,True,lado_errado
487,261.0,386.0,4.0,7.730000000000018,181.0,False,True,False,True,lado_errado
488,262.0,386.0,4.0,7.730000000000018,180.0,False,True,False,True,lado_errado
489,263.0,386.0,4.0,7.730000000000018,179.0,False,True,False,True,lado_errado
490,264.0,386.0,4.0,7.730000000000018,178.0,False,True,False,True,lado_errado
491,265.0,386.0,4.0,7.730000000000018,177.0,False,True,False,True,lado_errado
492,266.0,386.0,4.0,7.730000000000018,176.0,False,True,False,True,lado_errado
493,267.0,386.0,4.0,7.730000000000018,175.0,False,True,False,True,lado_errado
494,268.0,386.0,4.0,7.730000000000018,174.0,False,True,False,True,lado_errado
495,269.0,386.0,4.0,7.730000000000018,173.0,False,True,False,True,lado_errado
496,270.0,386.0,4.0,7.730000000000018,172.0,False,True,False,True,lado_errado
497,271.0,386.0,4.0,7.730000000000018,171.0,False,True,False,True,lado_errado
498,272.0,386.0,4.0,7.730000000000018,170.0,False,True,False,True,lado_errado
499,273.0,386.0,4.0,7.730000000000018,169.0,False,True,False,True,lado_errado
500,274.0,386.0,4.0,7.730000000000018,168.0,False,True,False,True,lado_errado
501,275.0,386.0,4.0,7.730000000000018,167.0,False,True,False,True,lado_errado
502,276.0,386.0,4.0,7.730000000000018,166.0,False,True,False,True,lado_errado
503,277.0,386.0,4.0,7.730000000000018,165.0,False,True,False,True,lado_errado
504,278.0,386.0,4.0,7.730000000000018,164.0,False,True,False,True,lado_errado
505,279.0,386.0,4.0,7.730000000000018,163.0,False,True,False,True,lado_errado
506,280.0,386.0,4.0,7.730000000000018,162.0,False,True,False,True,lado_errado
507,281.0,386.0,4.0,7.730000000000018,161.0,False,True,False,True,lado_errado
508,282.0,386.0,4.0,7.730000000000018,160.0,False,True,False,True,lado_errado
509,283.0,386.0,4.0,7.730000000000018,159.0,False,True,False,True,lado_errado
510,284.0,386.0,4.0,7.730000000000018,158.0,False,True,False,True,lado_errado
511,285.0,386.0,4.0,7.730000000000018,157.0,False,True,False,True,lado_errado
512,286.0,386.0,4.0,7.730000000000018,156.0,False,True,False,True,lado_errado
513,287.0,386.0,4.0,7.730000000000018,155.0,False,True,False,True,lado_errado
514,288.0,386.0,4.0,7.730000000000018,154.0,False,True,False,True,lado_errado
515,289.0,386.0,4.0,7.730000000000018,153.0,False,True,False,True,lado_errado
516,290.0,386.0,4.0,7.730000000000018,152.0,False,True,False,True,lado_errado
517,291.0,386.0,4.0,7.730000000000018,151.0,False,True,False,True,lado_errado
518,292.0,386.0,4.0,7.730000000000018,150.0,False,True,False,True,lado_errado
519,293.0,386.0,4.0,7.730000000000018,149.0,False,True,False,True,lado_errado
520,294.0,386.0,4.0,7.730000000000018,148.0,False,True,False,True,lado_errado
521,295.0,386.0,4.0,7.730000000000018,147.0,False,True,False,True,lado_errado
522,296.0,386.0,4.0,7.730000000000018,146.0,False,True,False,True,lado_errado
523,297.0,386.0,4.0,7.730000000000018,145.0,False,True,False,True,lado_errado
524,298.0,386.0,4.0,7.730000000000018,144.0,False,True,False,True,lado_errado
525,299.0,386.0,4.0,7.730000000000018,143.0,False,True,False,True,lado_errado
526,300.0,386.0,4.0,7.730000000000018,142.0,False,True,False,True,lado_errado
527,301.0,386.0,4.0,7.730000000000018,141.0,False,True,False,True,lado_errado
528,302.0,386.0,4.0,7.730000000000018,140.0,False,True,False,True,lado_errado
529,303.0,386.0,4.0,7.730000000000018,139.0,False,True,False,True,lado_errado
530,304.0,386.0,4.0,7.730000000000018,138.0,False,True,False,True,lado_errado
531,305.0,386.0,4.0,7.730000000000018,137.0,False,True,False,True,lado_errado
532,306.0,386.0,4.0,7.730000000000018,136.0,False,True,False,True,lado_errado
533,307.0,386.0,4.0,7.730000000000018,135.0,False,True,False,True,lado_errado
534,308.0,386.0,4.0,7.730000000000018,134.0,False,True,False,True,lado_errado
535,309.0,386.0,4.0,7.730000000000018,133.0,False,True,False,True,lado_errado
536,310.0,386.0,4.0,7.730000000000018,132.0,False,True,False,True,lado_errado
537,311.0,386.0,4.0,7.730000000000018,131.0,False,True,False,True,lado_errado
538,312.0,386.0,4.0,7.730000000000018,130.0,False,True,False,True,lado_errado
539,313.0,386.0,4.0,7.730000000000018,129.0,False,True,False,True,lado_errado
540,314.0,386.0,4.0,7.730000000000018,128.0,False,True,False,True,lado_errado
541,315.0,386.0,4.0,7.730000000000018,127.0,False,True,False,True,lado_errado
542,316.0,386.0,4.0,7.730000000000018,126.0,False,True,False,True,lado_errado
543,317.0,386.0,4.0,7.730000000000018,125.0,False,True,False,True,lado_errado
544,318.0,386.0,4.0,7.730000000000018,124.0,False,True,False,True,lado_errado
545,319.0,386.0,4.0,7.730000000000018,123.0,False,True,False,True,lado_errado
546,320.0,386.0,4.0,7.730000000000018,122.0,False,True,False,True,lado_errado
547,321.0,386.0,4.0,7.730000000000018,121.0,False,True,False,True,lado_errado
548,322.0,386.0,4.0,7.730000000000018,120.0,False,True,False,True,lado_errado
549,323.0,386.0,4.0,7.730000000000018,119.0,False,True,False,True,lado_errado
550,324.0,386.0,4.0,7.730000000000018,118.0,False,True,False,True,lado_errado
551,325.0,386.0,4.0,7.730000000000018,117.0,False,True,False,True,lado_errado
552,326.0,386.0,4.0,7.730000000000018,116.0,False,True,False,True,lado_errado
553,327.0,386.0,4.0,7.730000000000018,115.0,False,True,False,True,lado_errado
554,328.0,386.0,4.0,7.730000000000018,114.0,False,True,False,True,lado_errado
555,329.0,386.0,4.0,7.730000000000018,113.0,False,True,False,True,lado_errado
556,330.0,386.0,4.0,7.730000000000018,112.0,False,True,False,True,lado_errado
557,331.0,386.0,4.0,7.730000000000018,111.0,False,True,False,True,lado_errado
558,332.0,386.0,4.0,7.730000000000018,110.0,False,True,False,True,lado_errado
559,333.0,386.0,4.0,7.730000000000018,109.0,False,True,False,True,lado_errado
560,334.0,386.0,4.0,7.730000000000018,108.0,True,True,True,False,mantido
561,335.0,386.0,4.0,7.730000000000018,107.0,True,True,True,False,mantido
562,336.0,386.0,4.0,7.730000000000018,106.0,True,True,True,False,mantido
563,337.0,386.0,4.0,7.730000000000018,105.0,True,True,True,False,mantido
564,338.0,386.0,4.0,7.730000000000018,104.0,True,True,True,False,mantido
565,339.0,386.0,4.0,7.730000000000018,103.0,True,True,True,False,mantido
566,340.0,386.0,4.0,7.730000000000018,102.0,True,True,True,False,mantido
567,341.0,386.0,4.0,7.730000000000018,101.0,True,True,True,False,mantido
568,342.0,386.0,4.0,7.730000000000018,100.0,True,True,True,False,mantido
569,343.0,386.0,4.0,7.730000000000018,99.0,True,True,True,False,mantido
570,344.0,386.0,4.0,7.730000000000018,98.0,True,True,True,False,mantido
571,345.0,386.0,4.0,7.730000000000018,97.0,True,True,True,False,mantido
572,346.0,386.0,4.0,7.730000000000018,96.0,True,True,True,False,mantido
573,347.0,386.0,4.0,7.730000000000018,95.0,True,True,True,False,mantido
574,348.0,386.0,4.0,7.730000000000018,94.0,True,True,True,False,mantido
575,349.0,386.0,4.0,7.730000000000018,93.0,True,True,True,False,mantido
576,350.0,386.0,4.0,7.730000000000018,92.0,True,True,True,False,mantido
577,351.0,386.0,4.0,7.730000000000018,91.0,True,True,True,False,mantido
578,352.0,386.0,4.0,7.730000000000018,90.0,True,True,True,False,mantido
579,353.0,386.0,4.0,7.730000000000018,89.0,True,True,True,False,mantido
580,354.0,386.0,4.0,7.730000000000018,88.0,True,True,True,False,mantido
581,355.0,386.0,4.0,7.730000000000018,87.0,True,True,True,False,mantido
582,356.0,386.0,4.0,7.730000000000018,86.0,True,True,True,False,mantido
583,357.0,386.0,4.0,7.730000000000018,85.0,True,True,True,False,mantido
584,358.0,386.0,4.0,7.730000000000018,84.0,True,True,True,False,mantido
585,359.0,386.0,4.0,7.730000000000018,83.0,True,True,True,False,mantido
586,360.0,386.0,4.0,7.730000000000018,82.0,True,True,True,False,mantido
587,361.0,386.0,4.0,7.730000000000018,81.0,True,True,True,False,mantido
588,362.0,386.0,4.0,7.730000000000018,80.0,True,True,True,False,mantido
589,363.0,386.0,4.0,7.730000000000018,79.0,True,True,True,False,mantido
590,364.0,386.0,4.0,7.730000000000018,78.0,True,True,True,False,mantido
591,365.0,386.0,4.0,7.730000000000018,77.0,True,True,True,False,mantido
592,366.0,386.0,4.0,7.730000000000018,76.0,True,True,True,False,mantido
593,367.0,386.0,4.0,7.730000000000018,75.0,True,True,True,False,mantido
594,368.0,386.0,4.0,7.730000000000018,74.0,True,True,True,False,mantido
595,369.0,386.0,4.0,7.730000000000018,73.0,True,True,True,False,mantido
596,370.0,386.0,4.0,7.730000000000018,72.0,True,True,True,False,mantido
597,371.0,386.0,4.0,7.730000000000018,71.0,True,True,True,False,mantido
598,372.0,386.0,4.0,7.730000000000018,70.0,True,True,True,False,mantido
599,373.0,386.0,4.0,7.730000000000018,69.0,True,True,True,False,mantido
600,374.0,386.0,4.0,7.730000000000018,68.0,True,True,True,False,mantido
601,375.0,386.0,4.0,7.730000000000018,67.0,True,True,True,False,mantido
602,376.0,386.0,4.0,7.730000000000018,66.0,True,True,True,False,mantido
603,377.0,386.0,4.0,7.730000000000018,65.0,True,True,True,False,mantido
604,378.0,386.0,4.0,7.730000000000018,64.0,True,True,True,False,mantido
605,379.0,386.0,4.0,7.730000000000018,63.0,True,True,True,False,mantido
606,380.0,386.0,4.0,7.730000000000018,62.0,True,True,True,False,mantido
607,381.0,386.0,4.0,7.730000000000018,61.0,True,True,True,False,mantido
608,382.0,386.0,4.0,7.730000000000018,60.0,True,True,True,False,mantido
609,383.0,386.0,4.0,7.730000000000018,59.0,True,True,True,False,mantido
610,384.0,386.0,4.0,7.730000000000018,58.0,True,True,True,False,mantido
611,385.0,386.0,4.0,7.730000000000018,57.0,True,True,True,False,mantido
612,386.0,386.0,4.0,7.730000000000018,56.0,True,True,True,False,mantido
613,387.0,386.0,4.0,7.730000000000018,55.0,True,True,True,False,mantido
614,388.0,386.0,4.0,7.730000000000018,54.0,True,True,True,False,mantido
615,389.0,386.0,4.0,7.730000000000018,53.0,True,True,True,False,mantido
616,390.0,386.0,4.0,7.730000000000018,52.0,True,True,True,False,mantido
617,391.0,386.0,4.0,7.730000000000018,51.0,True,True,True,False,mantido
618,392.0,386.0,4.0,7.730000000000018,50.0,True,True,True,False,mantido
619,393.0,386.0,4.0,7.730000000000018,49.0,True,True,True,False,mantido
620,394.0,386.0,4.0,7.730000000000018,48.0,True,True,True,False,mantido
621,395.0,386.0,4.0,7.730000000000018,47.0,True,True,True,False,mantido
622,396.0,386.0,4.0,7.730000000000018,46.0,True,True,True,False,mantido
623,397.0,386.0,4.0,7.730000000000018,45.0,True,True,True,False,mantido
624,398.0,386.0,4.0,7.730000000000018,44.0,True,True,True,False,mantido
625,399.0,386.0,4.0,7.730000000000018,43.0,True,True,True,False,mantido
626,400.0,386.0,4.0,7.730000000000018,42.0,True,True,True,False,mantido
627,401.0,386.0,4.0,7.730000000000018,41.0,True,True,True,False,mantido
628,402.0,386.0,4.0,7.730000000000018,40.0,True,True,True,False,mantido
629,403.0,386.0,4.0,7.730000000000018,39.0,True,True,True,False,mantido
630,404.0,386.0,4.0,7.730000000000018,38.0,True,True,True,False,mantido
631,405.0,386.0,4.0,7.730000000000018,37.0,True,True,True,False,mantido
632,406.0,386.0,4.0,7.730000000000018,36.0,True,True,True,False,mantido
633,407.0,386.0,4.0,7.730000000000018,35.0,True,True,True,False,mantido
634,408.0,386.0,4.0,7.730000000000018,34.0,True,True,True,False,mantido
635,409.0,386.0,4.0,7.730000000000018,33.0,True,True,True,False,mantido
636,410.0,386.0,4.0,7.730000000000018,32.0,True,True,True,False,mantido
637,411.0,386.0,4.0,7.730000000000018,31.0,True,True,True,False,mantido
638,412.0,386.0,4.0,7.730000000000018,30.0,True,True,True,False,mantido
639,413.0,386.0,4.0,7.730000000000018,29.0,True,True,True,False,mantido
640,414.0,386.0,4.0,7.730000000000018,28.0,True,True,True,False,mantido
641,415.0,386.0,4.0,7.730000000000018,27.0,True,True,True,False,mantido
642,416.0,386.0,4.0,7.730000000000018,26.0,True,True,True,False,mantido
643,417.0,386.0,4.0,7.730000000000018,25.0,True,True,True,False,mantido
644,418.0,386.0,4.0,7.730000000000018,24.0,True,True,True,False,mantido
645,419.0,386.0,4.0,7.730000000000018,23.0,True,True,True,False,mantido
646,420.0,386.0,4.0,7.730000000000018,22.0,True,True,True,False,mantido
647,421.0,386.0,4.0,7.730000000000018,21.0,True,True,True,False,mantido
648,422.0,386.0,4.0,7.730000000000018,20.0,True,True,True,False,mantido
649,423.0,386.0,4.0,7.730000000000018,19.0,True,True,True,False,mantido
650,424.0,386.0,4.0,7.730000000000018,18.0,True,True,True,False,mantido
651,425.0,386.0,4.0,7.730000000000018,17.0,True,True,True,False,mantido
652,426.0,386.0,4.0,7.730000000000018,16.0,True,True,True,False,mantido
653,427.0,386.0,4.0,7.730000000000018,15.0,True,True,True,False,mantido
654,428.0,386.0,4.0,7.730000000000018,14.0,True,True,True,False,mantido
655,429.0,386.0,4.0,7.730000000000018,13.0,True,True,True,False,mantido
656,430.0,386.0,4.0,7.730000000000018,12.0,True,True,True,False,mantido
657,431.0,386.0,4.0,7.730000000000018,11.0,True,True,True,False,mantido
658,432.0,386.0,4.0,7.730000000000018,10.0,True,True,True,False,mantido
659,433.0,386.0,4.0,7.730000000000018,9.0,True,True,True,False,mantido
660,434.0,386.0,4.0,7.730000000000018,8.0,True,True,True,False,mantido
661,435.0,386.0,4.0,7.730000000000018,7.0,True,True,True,False,mantido
662,436.0,386.0,4.0,7.730000000000018,6.0,True,True,True,False,mantido
663,437.0,386.0,4.0,7.730000000000018,5.0,True,True,True,False,mantido
664,438.0,386.0,4.0,7.730000000000018,4.0,True,True,True,False,mantido
665,439.0,386.0,4.0,7.730000000000018,3.0,True,True,True,False,mantido
666,440.0,386.0,4.0,7.730000000000018,2.0,True,True,True,False,mantido
667,441.0,386.0,4.0,7.730000000000018,1.0,True,True,True,False,mantido
668,442.0,386.0,4.0,7.730000000000018,0.0,True,True,True,False,mantido
669,443.0,386.0,4.0,7.730000000000018,1.0,True,True,True,False,mantido
670,444.0,385.0,5.0,8.730000000000018,2.23606797749979,True,True,True,False,mantido
671,445.0,384.0,6.0,9.730000000000018,3.605551275463989,True,True,True,False,mantido
672,446.0,384.0,6.0,9.730000000000018,4.47213595499958,True,True,True,False,mantido
673,447.0,383.0,7.0,10.730000000000018,5.830951894845301,True,True,True,False,mantido
674,448.0,382.0,8.0,11.730000000000018,7.211102550927978,True,True,True,False,mantido
675,449.0,382.0,8.0,11.730000000000018,8.06225774829855,True,True,True,False,mantido
676,450.0,381.0,9.0,12.730000000000018,9.433981132056603,True,True,True,False,mantido
677,451.0,380.0,10.0,13.730000000000018,10.816653826391969,True,True,True,False,mantido
678,452.0,379.0,11.0,14.730000000000018,12.206555615733702,True,True,True,False,mantido
679,453.0,379.0,11.0,14.730000000000018,13.038404810405298,True,True,True,False,mantido
680,454.0,378.0,12.0,15.730000000000018,14.422205101855956,True,True,True,False,mantido
681,455.0,377.0,13.0,16.730000000000018,15.811388300841896,True,True,True,False,mantido
682,456.0,376.0,14.0,17.730000000000018,17.204650534085253,True,True,True,False,mantido
683,457.0,376.0,14.0,17.730000000000018,18.027756377319946,True,True,True,False,mantido
684,458.0,375.0,15.0,18.730000000000018,19.4164878389476,True,True,True,False,mantido
685,459.0,374.0,16.0,19.730000000000018,20.808652046684813,True,True,True,False,mantido
686,460.0,373.0,17.0,20.730000000000018,22.20360331117452,True,True,True,False,mantido
687,461.0,373.0,17.0,20.730000000000018,23.021728866442675,True,True,True,False,mantido
688,462.0,372.0,18.0,21.730000000000018,24.413111231467404,True,True,True,False,mantido
689,463.0,371.0,19.0,22.730000000000018,25.80697580112788,True,True,True,False,mantido
690,464.0,370.0,20.0,23.730000000000018,27.202941017470888,True,True,True,False,mantido
691,465.0,369.0,21.0,24.730000000000018,28.600699292150182,True,True,True,False,mantido
692,466.0,368.0,22.0,25.730000000000018,30.0,True,True,True,False,mantido
693,467.0,367.0,23.0,26.730000000000018,31.400636936215164,True,True,True,False,mantido
694,468.0,366.0,24.0,27.730000000000018,32.802438933713454,True,True,True,False,mantido
695,469.0,365.0,25.0,28.730000000000018,34.20526275297414,True,True,True,False,mantido
696,470.0,364.0,26.0,29.730000000000018,35.608987629529715,True,True,True,False,mantido
697,471.0,363.0,27.0,30.730000000000018,37.013511046643494,True,True,True,False,mantido
698,472.0,363.0,27.0,30.730000000000018,37.8021163428716,True,True,True,False,mantido
699,473.0,362.0,28.0,31.730000000000018,39.20459156782532,True,True,True,False,mantido
700,474.0,361.0,29.0,32.73000000000002,40.607881008493905,True,True,True,False,mantido
701,475.0,360.0,30.0,33.73000000000002,42.01190307520001,True,True,True,False,mantido
702,476.0,359.0,31.0,34.73000000000002,43.41658669218482,True,True,True,False,mantido
703,477.0,358.0,32.0,35.73000000000002,44.82186966202994,True,True,True,False,mantido
704,478.0,357.0,33.0,36.73000000000002,46.22769732530488,True,True,True,False,mantido
705,479.0,356.0,34.0,37.73000000000002,47.634021455258214,True,True,True,False,mantido
706,480.0,355.0,35.0,38.73000000000002,49.040799340956916,True,True,True,False,mantido
707,481.0,354.0,36.0,39.73000000000002,50.44799302251776,True,True,True,False,mantido
708,482.0,353.0,37.0,40.73000000000002,51.85556864985669,True,True,True,False,mantido
709,483.0,352.0,38.0,41.73000000000002,53.2634959423431,True,True,True,False,mantido
710,483.0,351.0,39.0,42.73000000000002,53.907327887774215,True,True,True,False,mantido
711,484.0,350.0,40.0,43.73000000000002,55.31726674375732,True,True,True,False,mantido
712,485.0,349.0,41.0,44.73000000000002,56.72741841473134,True,True,True,False,mantido
713,486.0,348.0,42.0,45.73000000000002,58.137767414994535,True,True,True,False,mantido
714,487.0,347.0,43.0,46.73000000000002,59.54829972383762,True,True,True,False,mantido
715,488.0,346.0,44.0,47.73000000000002,60.959002616512684,True,True,True,False,mantido
716,489.0,345.0,45.0,48.73000000000002,62.369864518050704,True,True,True,False,mantido
717,490.0,344.0,46.0,49.73000000000002,63.7808748764079,True,True,True,False,mantido
718,490.0,343.0,47.0,50.73000000000002,64.4437739428721,True,True,True,False,mantido
719,491.0,342.0,48.0,51.73000000000002,65.85590330410783,True,True,True,False,mantido
720,492.0,341.0,49.0,52.73000000000002,67.26812023536856,True,True,True,False,mantido
721,493.0,340.0,50.0,53.73000000000002,68.6804193347711,True,True,True,False,mantido
722,493.0,339.0,51.0,54.73000000000002,69.35416353759881,True,True,True,False,mantido
723,494.0,338.0,52.0,55.73000000000002,70.76722405181653,True,True,True,False,mantido
724,495.0,337.0,53.0,56.73000000000002,72.18032973047436,True,True,True,False,mantido
725,496.0,336.0,54.0,57.73000000000002,73.59347797189639,True,True,True,False,mantido
726,496.0,335.0,55.0,58.73000000000002,74.27651041883968,True,True,True,False,mantido
727,497.0,334.0,56.0,59.73000000000002,75.69015788066504,True,True,True,False,mantido
728,498.0,333.0,57.0,60.73000000000002,77.10382610480494,True,True,True,False,mantido
729,499.0,332.0,58.0,61.73000000000002,78.5175139698144,True,True,True,False,mantido
730,499.0,331.0,59.0,62.73000000000002,79.20858539325141,True,True,True,False,mantido
731,500.0,330.0,60.0,63.73000000000002,80.62257748298549,True,True,True,False,mantido
732,501.0,329.0,61.0,64.73000000000002,82.03657720797473,True,True,True,False,mantido
733,501.0,328.0,62.0,65.73000000000002,82.73451516749222,True,True,True,False,mantido
734,502.0,327.0,63.0,66.73000000000002,84.1486779456457,True,True,True,False,mantido
735,503.0,326.0,64.0,67.73000000000002,85.56284240252891,True,True,True,False,mantido
736,503.0,325.0,65.0,68.73000000000002,86.2670273047588,True,True,True,False,mantido
737,504.0,324.0,66.0,69.73000000000002,87.68124086713189,True,True,True,False,mantido
738,504.0,323.0,67.0,70.73000000000002,88.3911760301898,True,True,True,False,mantido
739,505.0,322.0,68.0,71.73000000000002,89.80534505250787,True,True,True,False,mantido
740,506.0,321.0,69.0,72.73000000000002,91.21951545584969,True,True,True,False,mantido
741,506.0,320.0,70.0,73.73000000000002,91.93475947648963,True,True,True,False,mantido
742,507.0,319.0,71.0,74.73000000000002,93.34880824091971,True,True,True,False,mantido
743,507.0,318.0,72.0,75.73000000000002,94.06912352095134,True,True,True,False,mantido
744,508.0,317.0,73.0,76.73000000000002,95.4829827770373,True,True,True,False,mantido
745,509.0,316.0,74.0,77.73000000000002,96.89685237405806,True,True,True,False,mantido
746,509.0,315.0,75.0,78.73000000000002,97.62171889492625,True,True,True,False,mantido
747,510.0,314.0,76.0,79.73000000000002,99.03534722511958,True,True,True,False,mantido
748,510.0,313.0,77.0,80.73000000000002,99.76472322419383,True,True,True,False,mantido
749,511.0,312.0,78.0,81.73000000000002,101.17806086301516,True,True,True,False,mantido
750,511.0,311.0,79.0,82.73000000000002,101.91172650877817,True,True,True,False,mantido
751,512.0,310.0,80.0,83.73000000000002,103.32473082471591,True,True,True,False,mantido
752,512.0,309.0,81.0,84.73000000000002,104.06248123122954,True,True,True,False,mantido
753,513.0,308.0,82.0,85.73000000000002,105.47511554864494,True,True,True,False,mantido
754,513.0,307.0,83.0,86.73000000000002,106.21675950620975,True,True,True,False,mantido
755,514.0,306.0,84.0,87.73000000000002,107.62899237658968,True,True,True,False,mantido
756,514.0,305.0,85.0,88.73000000000002,108.37435120913067,True,True,True,False,mantido
757,515.0,304.0,86.0,89.73000000000002,109.78615577567146,True,True,True,False,mantido
758,515.0,303.0,87.0,90.73000000000002,110.5350623105628,True,True,True,False,mantido
759,516.0,302.0,88.0,91.73000000000002,111.94641575325224,True,True,True,False,mantido
760,516.0,301.0,89.0,92.73000000000002,112.69871339105873,True,True,True,False,mantido
761,517.0,300.0,90.0,93.73000000000002,114.10959644131601,True,True,True,False,mantido
762,517.0,299.0,91.0,94.73000000000002,114.86513831445988,True,True,True,False,mantido
763,518.0,298.0,92.0,95.73000000000002,116.27553482998907,True,True,True,False,mantido
764,518.0,297.0,93.0,96.73000000000002,117.0341830406826,True,True,True,False,mantido
765,519.0,296.0,94.0,97.73000000000002,118.44407963254221,True,True,True,False,mantido
766,519.0,295.0,95.0,98.73000000000002,119.20570456148481,True,True,True,False,mantido
767,520.0,294.0,96.0,99.73000000000002,120.61509026651682,True,True,True,False,mantido
768,520.0,293.0,97.0,100.73000000000002,121.37956994486346,True,True,True,False,mantido
769,521.0,292.0,98.0,101.73000000000002,122.78843593759146,True,True,True,False,mantido
770,521.0,291.0,99.0,102.73000000000002,123.5556554755791,True,True,True,False,mantido
771,521.0,290.0,100.0,103.73000000000002,124.32618388738553,True,True,True,False,mantido
772,522.0,289.0,101.0,104.73000000000002,125.73384588089239,True,True,True,False,mantido
773,522.0,288.0,102.0,105.73000000000002,126.50691680694776,True,True,True,False,mantido
774,522.0,287.0,103.0,106.73000000000002,127.283148923964,True,True,True,False,mantido
775,523.0,286.0,104.0,107.73000000000002,128.68954891520912,True,True,True,False,mantido
776,523.0,285.0,105.0,108.73000000000002,129.46814279968643,True,True,True,False,mantido
777,524.0,284.0,106.0,109.73000000000002,130.87398519186308,True,True,True,False,mantido
778,524.0,283.0,107.0,110.73000000000002,131.65485179058157,True,True,True,False,mantido
779,524.0,282.0,108.0,111.73000000000002,132.43866504914644,True,True,True,False,mantido
780,525.0,281.0,109.0,112.73000000000002,133.843191832831,True,True,True,False,mantido
781,525.0,280.0,110.0,113.73000000000002,134.6291201783626,True,True,True,False,mantido
782,525.0,279.0,111.0,114.73000000000002,135.41787178950938,True,True,True,False,mantido
783,526.0,278.0,112.0,115.73000000000002,136.82105101189657,True,True,True,False,mantido
784,526.0,277.0,113.0,116.73000000000002,137.6117727521886,True,True,True,False,mantido
785,526.0,276.0,114.0,117.73000000000002,138.40520221436765,True,True,True,False,mantido
786,526.0,275.0,115.0,118.73000000000002,139.20129309744217,True,True,True,False,mantido
787,527.0,274.0,116.0,119.73000000000002,140.60227594174995,True,True,True,False,mantido
788,527.0,273.0,117.0,120.73000000000002,141.40014144264495,True,True,True,False,mantido
789,527.0,272.0,118.0,121.73000000000002,142.20056258679148,True,True,True,False,mantido
790,528.0,271.0,119.0,122.73000000000002,143.60013927569847,True,True,True,False,mantido
791,528.0,270.0,120.0,123.73000000000002,144.40221604947757,True,True,True,False,mantido
792,528.0,269.0,121.0,124.73000000000002,145.2067491544384,True,True,True,False,mantido
793,528.0,268.0,122.0,125.73000000000002,146.01369798755184,True,True,True,False,mantido
794,529.0,267.0,123.0,126.73000000000002,147.41099009232656,True,True,True,False,mantido
795,529.0,266.0,124.0,127.73000000000002,148.2194319244275,True,True,True,False,mantido
796,529.0,265.0,125.0,128.73000000000002,149.03019828209315,True,True,True,False,mantido
797,529.0,264.0,126.0,129.73000000000002,149.84325143295575,True,True,True,False,mantido
798,530.0,263.0,127.0,130.73000000000002,151.23822268196622,True,True,True,False,mantido
799,530.0,262.0,128.0,131.73000000000002,152.0526224699857,True,True,True,False,mantido
800,530.0,261.0,129.0,132.73000000000002,152.86922515666782,True,True,True,False,mantido
801,530.0,260.0,130.0,133.73000000000002,153.68799562750502,True,True,True,False,mantido
802,530.0,259.0,131.0,134.73000000000002,154.50889942006577,True,True,True,False,mantido
803,531.0,258.0,132.0,135.73000000000002,155.90060936378666,True,True,True,False,mantido
804,531.0,257.0,133.0,136.73000000000002,156.7226850203888,True,True,True,False,mantido
805,531.0,256.0,134.0,137.73000000000002,157.54681843820268,True,True,True,False,mantido
806,531.0,255.0,135.0,138.73000000000002,158.3729774930054,True,True,True,False,mantido
807,532.0,254.0,136.0,139.73000000000002,159.76232346833217,True,True,True,False,mantido
808,532.0,253.0,137.0,140.73000000000002,160.58953888718904,True,True,True,False,mantido
809,532.0,252.0,138.0,141.73000000000002,161.4187101918486,True,True,True,False,mantido
810,532.0,251.0,139.0,142.73000000000002,162.24980739587951,True,True,True,False,mantido
811,532.0,250.0,140.0,143.73000000000002,163.0828010551695,True,True,True,False,mantido
812,533.0,249.0,141.0,144.73000000000002,164.46884203398528,True,True,True,False,mantido
813,533.0,248.0,142.0,145.73000000000002,165.3027525481654,True,True,True,False,mantido
814,533.0,247.0,143.0,146.73000000000002,166.13849644197458,True,True,True,False,mantido
815,533.0,246.0,144.0,147.73000000000002,166.97604618627187,True,True,True,False,mantido
816,533.0,245.0,145.0,148.73000000000002,167.8153747426022,True,True,True,False,mantido
817,533.0,244.0,146.0,149.73000000000002,168.65645555388622,True,True,True,False,mantido
818,533.0,243.0,147.0,150.73000000000002,169.49926253526885,True,True,True,False,mantido
819,534.0,242.0,148.0,151.73000000000002,170.88007490635061,True,True,True,False,mantido
820,534.0,241.0,149.0,152.73000000000002,171.72361514946044,True,True,True,False,mantido
821,534.0,240.0,150.0,153.73000000000002,172.5688268488837,True,True,True,False,mantido
822,534.0,239.0,151.0,154.73000000000002,173.4156855650607,True,True,True,False,mantido
823,534.0,238.0,152.0,155.73000000000002,174.26416728633572,True,True,True,False,mantido
824,534.0,237.0,153.0,156.73000000000002,175.1142484208524,True,True,True,False,mantido
825,534.0,236.0,154.0,157.73000000000002,175.96590578859303,True,True,True,False,mantido
826,534.0,235.0,155.0,158.73000000000002,176.81911661356077,True,True,True,False,mantido
827,535.0,234.0,156.0,159.73000000000002,178.1937148162078,True,True,True,False,mantido
828,535.0,233.0,157.0,160.73000000000002,179.0474797365213,True,True,True,False,mantido
829,535.0,232.0,158.0,161.73000000000002,179.90275150758535,True,True,True,False,mantido
830,535.0,231.0,159.0,162.73000000000002,180.75950874020432,True,True,True,False,mantido
831,535.0,230.0,160.0,163.73000000000002,181.61773041198373,True,True,True,False,mantido
832,535.0,229.0,161.0,164.73000000000002,182.47739586041882,True,True,True,False,mantido
833,535.0,228.0,162.0,165.73000000000002,183.33848477611022,True,True,True,False,mantido
834,535.0,227.0,163.0,166.73000000000002,184.20097719610501,True,True,True,False,mantido
835,535.0,226.0,164.0,167.73000000000002,185.06485349736184,True,True,True,False,mantido
836,535.0,225.0,165.0,168.73000000000002,185.930094390338,True,True,True,False,mantido
837,535.0,224.0,166.0,169.73000000000002,186.79668091269716,True,True,True,False,mantido
838,535.0,223.0,167.0,170.73000000000002,187.66459442313567,True,True,True,False,mantido
839,535.0,222.0,168.0,171.73000000000002,188.53381659532593,True,True,True,False,mantido
840,535.0,221.0,169.0,172.73000000000002,189.40432941197517,True,True,True,False,mantido
841,535.0,220.0,170.0,173.73000000000002,190.2761151589973,True,True,True,False,mantido
842,535.0,219.0,171.0,174.73000000000002,191.14915641979695,True,True,True,False,mantido
843,535.0,218.0,172.0,175.73000000000002,192.02343606966312,True,True,True,False,mantido
844,535.0,217.0,173.0,176.73000000000002,192.89893727027115,True,True,True,False,mantido
845,535.0,216.0,174.0,177.73000000000002,193.77564346429094,True,True,True,False,mantido
846,535.0,215.0,175.0,178.73000000000002,194.65353837010002,True,True,True,False,mantido
847,535.0,214.0,176.0,179.73000000000002,195.5326059765992,True,True,True,False,mantido
848,535.0,213.0,177.0,180.73000000000002,196.41283053812955,True,True,True,False,mantido
849,535.0,212.0,178.0,181.73000000000002,197.29419656948858,True,True,True,False,mantido
850,535.0,211.0,179.0,182.73000000000002,198.17668884104407,True,True,True,False,mantido
851,535.0,210.0,180.0,183.73000000000002,199.06029237394384,True,True,True,False,mantido
852,535.0,209.0,181.0,184.73000000000002,199.9449924354196,True,True,True,False,mantido
853,535.0,208.0,182.0,185.73000000000002,200.83077453418338,True,True,True,False,mantido
854,535.0,207.0,183.0,186.73000000000002,201.71762441591463,True,True,True,False,mantido
855,535.0,206.0,184.0,187.73000000000002,202.60552805883654,True,True,True,False,mantido
856,535.0,205.0,185.0,188.73000000000002,203.49447166937975,True,True,True,False,mantido
857,535.0,204.0,186.0,189.73000000000002,204.38444167793205,True,True,True,False,mantido
858,535.0,203.0,187.0,190.73000000000002,205.27542473467201,True,True,True,False,mantido
859,535.0,202.0,188.0,191.73000000000002,206.1674077054858,True,True,True,False,mantido
860,535.0,201.0,189.0,192.73000000000002,207.06037766796427,True,True,True,False,mantido
861,535.0,200.0,190.0,193.73000000000002,207.95432190748045,True,True,True,False,mantido
862,535.0,199.0,191.0,194.73000000000002,208.84922791334424,True,True,True,False,mantido
863,535.0,198.0,192.0,195.73000000000002,209.74508337503408,True,True,True,False,mantido
864,534.0,197.0,193.0,196.73000000000002,210.20228352708256,True,True,True,False,mantido
865,534.0,196.0,194.0,197.73000000000002,211.10187114282053,True,True,True,False,mantido
866,534.0,195.0,195.0,198.73000000000002,212.00235847744713,True,True,True,False,mantido
867,534.0,194.0,196.0,199.73000000000002,212.90373411474022,True,True,True,False,mantido
868,534.0,193.0,197.0,200.73000000000002,213.80598681982693,True,True,True,False,mantido
869,534.0,192.0,198.0,201.73000000000002,214.7091055358389,True,True,True,False,mantido
870,534.0,191.0,199.0,202.73000000000002,215.61307938063499,True,True,True,False,mantido
871,534.0,190.0,200.0,203.73000000000002,216.51789764358972,True,True,True,False,mantido
872,533.0,189.0,201.0,204.73000000000002,217.00230413523263,True,True,True,False,mantido
873,533.0,188.0,202.0,205.73000000000002,217.91053209975877,True,False,False,True,acima_janela_permitida
874,533.0,187.0,203.0,206.73000000000002,218.81956036881164,True,False,False,True,acima_janela_permitida
875,533.0,186.0,204.0,207.73000000000002,219.72937900972642,True,False,False,True,acima_janela_permitida
876,533.0,185.0,205.0,208.73000000000002,220.6399782451041,True,False,False,True,acima_janela_permitida
877,533.0,184.0,206.0,209.73000000000002,221.55134844996994,True,False,False,True,acima_janela_permitida
878,533.0,183.0,207.0,210.73000000000002,222.46348014898985,True,False,False,True,acima_janela_permitida
879,533.0,182.0,208.0,211.73000000000002,223.37636401374252,True,False,False,True,acima_janela_permitida
880,532.0,181.0,209.0,212.73000000000002,223.8861317723811,True,False,False,True,acima_janela_permitida
881,532.0,180.0,210.0,213.73000000000002,224.80213522117623,True,False,False,True,acima_janela_permitida
882,532.0,179.0,211.0,214.73000000000002,225.71885167172013,True,False,False,True,acima_janela_permitida
883,532.0,178.0,212.0,215.73000000000002,226.6362724719942,True,False,False,True,acima_janela_permitida
884,532.0,177.0,213.0,216.73000000000002,227.55438910291315,True,False,False,True,acima_janela_permitida
885,531.0,176.0,214.0,217.73000000000002,228.08112591795052,True,False,False,True,acima_janela_permitida
886,531.0,175.0,215.0,218.73000000000002,229.00218339570478,True,False,False,True,acima_janela_permitida
887,531.0,174.0,216.0,219.73000000000002,229.92390045404153,True,False,False,True,acima_janela_permitida
888,531.0,173.0,217.0,220.73000000000002,230.8462691922917,True,False,False,True,acima_janela_permitida
889,530.0,172.0,218.0,221.73000000000002,231.38712150852302,True,False,False,True,acima_janela_permitida
890,530.0,171.0,219.0,222.73000000000002,232.31228981696168,True,False,False,True,acima_janela_permitida
891,530.0,170.0,220.0,223.73000000000002,233.23807579381202,True,False,False,True,acima_janela_permitida
892,530.0,169.0,221.0,224.73000000000002,234.1644721130855,True,False,False,True,acima_janela_permitida
893,530.0,168.0,222.0,225.73000000000002,235.0914715594762,True,False,False,True,acima_janela_permitida
894,529.0,167.0,223.0,226.73000000000002,235.64804263986576,True,False,False,True,acima_janela_permitida
895,529.0,166.0,224.0,227.73000000000002,236.57768280207665,True,False,False,True,acima_janela_permitida
896,529.0,165.0,225.0,228.73000000000002,237.507894605632,True,False,False,True,acima_janela_permitida
897,529.0,164.0,226.0,229.73000000000002,238.4386713601634,True,False,False,True,acima_janela_permitida
898,528.0,163.0,227.0,230.73000000000002,239.0083680543424,True,False,False,True,acima_janela_permitida
899,528.0,162.0,228.0,231.73000000000002,239.9416595758227,True,False,False,True,acima_janela_permitida
900,528.0,161.0,229.0,232.73000000000002,240.87548650703334,True,False,False,True,acima_janela_permitida
901,528.0,160.0,230.0,233.73000000000002,241.8098426450007,True,False,False,True,acima_janela_permitida
902,527.0,159.0,231.0,234.73000000000002,242.39224410034245,True,False,False,True,acima_janela_permitida
903,527.0,158.0,232.0,235.73000000000002,243.32899539512343,True,False,False,True,acima_janela_permitida
904,527.0,157.0,233.0,236.73000000000002,244.26624818013642,True,False,False,True,acima_janela_permitida
905,526.0,156.0,234.0,237.73000000000002,244.85914318236107,True,False,False,True,acima_janela_permitida
906,526.0,155.0,235.0,238.73000000000002,245.79869812511214,True,False,False,True,acima_janela_permitida
907,526.0,154.0,236.0,239.73000000000002,246.73872821265817,True,False,False,True,acima_janela_permitida
908,526.0,153.0,237.0,240.73000000000002,247.67922803497268,True,False,False,True,acima_janela_permitida
909,525.0,152.0,238.0,241.73000000000002,248.28411145298847,True,False,False,True,acima_janela_permitida
910,525.0,151.0,239.0,242.73000000000002,249.22680433693324,True,False,False,True,acima_janela_permitida
911,525.0,150.0,240.0,243.73000000000002,250.16994223927063,True,False,False,True,acima_janela_permitida
912,524.0,149.0,241.0,244.73000000000002,250.78476827750126,True,False,False,True,acima_janela_permitida
913,524.0,148.0,242.0,245.73000000000002,251.7300141024109,True,False,False,True,acima_janela_permitida
914,523.0,147.0,243.0,246.73000000000002,252.3529274646918,True,False,False,True,acima_janela_permitida
915,523.0,146.0,244.0,247.73000000000002,253.30021713374035,True,False,False,True,acima_janela_permitida
916,523.0,145.0,245.0,248.73000000000002,254.24791051255465,True,False,False,True,acima_janela_permitida
917,522.0,144.0,246.0,249.73000000000002,254.8803640926464,True,False,False,True,acima_janela_permitida
918,522.0,143.0,247.0,250.73000000000002,255.8300216940928,True,False,False,True,acima_janela_permitida
919,522.0,142.0,248.0,251.73000000000002,256.78006153126455,True,False,False,True,acima_janela_permitida
920,521.0,141.0,249.0,252.73000000000002,257.42183279589943,True,False,False,True,acima_janela_permitida
921,521.0,140.0,250.0,253.73000000000002,258.3737602776257,True,False,False,True,acima_janela_permitida
922,520.0,139.0,251.0,254.73000000000002,259.02316498722655,True,False,False,True,acima_janela_permitida
923,520.0,138.0,252.0,255.73000000000002,259.97692205270835,True,False,False,True,acima_janela_permitida
924,520.0,137.0,253.0,256.73,260.93102536877444,True,False,False,True,acima_janela_permitida
925,519.0,136.0,254.0,257.73,261.5893728728291,True,False,False,True,acima_janela_permitida
926,519.0,135.0,255.0,258.73,262.54523419784255,True,False,False,True,acima_janela_permitida
927,518.0,134.0,256.0,259.73,263.21094202179364,True,False,False,True,acima_janela_permitida
928,518.0,133.0,257.0,260.73,264.1685068285014,True,False,False,True,acima_janela_permitida
929,517.0,132.0,258.0,261.73,264.841462010766,True,False,False,True,acima_janela_permitida
930,517.0,131.0,259.0,262.73,265.80067720004024,True,False,False,True,acima_janela_permitida
931,516.0,130.0,260.0,263.73,266.48076853686837,True,False,False,True,acima_janela_permitida
932,516.0,129.0,261.0,264.73,267.44158240632663,True,False,False,True,acima_janela_permitida
933,515.0,128.0,262.0,265.73,268.1287004406652,True,False,False,True,acima_janela_permitida
934,515.0,127.0,263.0,266.73,269.09106265351886,True,False,False,True,acima_janela_permitida
935,514.0,126.0,264.0,267.73,269.785099662676,True,False,False,True,acima_janela_permitida
936,514.0,125.0,265.0,268.73,270.74896121684384,True,False,False,True,acima_janela_permitida
937,513.0,124.0,266.0,269.73,271.4498111990502,True,False,False,True,acima_janela_permitida
938,513.0,123.0,267.0,270.73,272.41512439657237,True,False,False,True,acima_janela_permitida
939,512.0,122.0,268.0,271.73,273.12268305653413,True,False,False,True,acima_janela_permitida
940,512.0,121.0,269.0,272.73,274.0894014733149,True,False,False,True,acima_janela_permitida
941,511.0,120.0,270.0,273.73,274.8035662068453,True,False,False,True,acima_janela_permitida
942,511.0,119.0,271.0,274.73,275.77164466275354,True,False,False,True,acima_janela_permitida
943,510.0,118.0,272.0,275.73,276.4923145405673,True,False,False,True,acima_janela_permitida
944,510.0,117.0,273.0,276.73,277.46170906991836,True,False,False,True,acima_janela_permitida
945,509.0,116.0,274.0,277.73,278.18878482066816,True,False,False,True,acima_janela_permitida
946,509.0,115.0,275.0,278.73,279.15945264310864,True,False,False,True,acima_janela_permitida
947,508.0,114.0,276.0,279.73,279.89283663573815,True,False,False,True,acima_janela_permitida
948,507.0,113.0,277.0,280.73,280.6314308839977,True,False,False,True,acima_janela_permitida
949,507.0,112.0,278.0,281.73,281.6043323530375,True,False,False,True,acima_janela_permitida
950,506.0,111.0,279.0,282.73,282.349074728429,True,False,False,True,acima_janela_permitida
951,506.0,110.0,280.0,283.73,283.3231370714365,True,False,False,True,acima_janela_permitida
952,505.0,109.0,281.0,284.73,284.0739340383063,True,False,False,True,acima_janela_permitida
953,504.0,108.0,282.0,285.73,284.829773724588,True,False,False,True,acima_janela_permitida
954,504.0,107.0,283.0,286.73,285.8058781760795,True,False,False,True,acima_janela_permitida
955,503.0,106.0,284.0,287.73,286.56761854752534,True,False,False,True,acima_janela_permitida
956,503.0,105.0,285.0,288.73,287.544779121444,True,False,False,True,acima_janela_permitida
957,502.0,104.0,286.0,289.73,288.3123306416151,True,False,False,True,acima_janela_permitida
958,501.0,103.0,287.0,290.73,289.0847626562147,True,False,False,True,acima_janela_permitida
959,501.0,102.0,288.0,291.73,290.0637860885085,True,False,False,True,acima_janela_permitida
960,500.0,101.0,289.0,292.73,290.84188144075813,True,False,False,True,acima_janela_permitida
961,499.0,100.0,290.0,293.73,291.62475889402805,True,False,False,True,acima_janela_permitida
962,498.0,99.0,291.0,294.73,292.41238003887594,True,False,False,True,acima_janela_permitida
963,498.0,98.0,292.0,295.73,293.393933134276,True,False,False,True,acima_janela_permitida
964,497.0,97.0,293.0,296.73,294.1870153490803,True,False,False,True,acima_janela_permitida
965,496.0,96.0,294.0,297.73,294.98474536829866,True,False,False,True,acima_janela_permitida
966,495.0,95.0,295.0,298.73,295.78708558691335,True,False,False,True,acima_janela_permitida
967,495.0,94.0,296.0,299.73,296.7709554521803,True,False,False,True,acima_janela_permitida
968,494.0,93.0,297.0,300.73,297.578561055732,True,False,False,True,acima_janela_permitida
969,493.0,92.0,298.0,301.73,298.390683500675,True,False,False,True,acima_janela_permitida
970,492.0,91.0,299.0,302.73,299.2072860075436,True,False,False,True,acima_janela_permitida
971,492.0,90.0,300.0,303.73,300.1932710771512,True,False,False,True,acima_janela_permitida
972,491.0,89.0,301.0,304.73,301.01494979485653,True,False,False,True,acima_janela_permitida
973,490.0,88.0,302.0,305.73,301.8410177560366,True,False,False,True,acima_janela_permitida
974,489.0,87.0,303.0,306.73,302.67143902258107,True,False,False,True,acima_janela_permitida
975,489.0,86.0,304.0,307.73,303.65934861288235,True,False,False,True,acima_janela_permitida
976,488.0,85.0,305.0,308.73,304.4946633358293,True,False,False,True,acima_janela_permitida
977,487.0,84.0,306.0,309.73,305.3342430845253,True,False,False,True,acima_janela_permitida
978,486.0,83.0,307.0,310.73,306.1780527732189,True,False,False,True,acima_janela_permitida
979,485.0,82.0,308.0,311.73,307.02605752606735,True,False,False,True,acima_janela_permitida
980,484.0,81.0,309.0,312.73,307.8782226790326,True,False,False,True,acima_janela_permitida
981,483.0,80.0,310.0,313.73,308.7345137816632,True,False,False,True,acima_janela_permitida
982,482.0,79.0,311.0,314.73,309.594896598765,True,False,False,True,acima_janela_permitida
983,481.0,78.0,312.0,315.73,310.4593371119638,True,False,False,True,acima_janela_permitida
984,480.0,77.0,313.0,316.73,311.3278015211619,True,False,False,True,acima_janela_permitida
985,480.0,76.0,314.0,317.73,312.3203483604615,True,False,False,True,acima_janela_permitida
986,479.0,75.0,315.0,318.73,313.1932310890515,True,False,False,True,acima_janela_permitida
987,478.0,74.0,316.0,319.73,314.0700558792576,True,False,False,True,acima_janela_permitida
988,477.0,73.0,317.0,320.73,314.95078980691574,True,False,False,True,acima_janela_permitida
989,476.0,72.0,318.0,321.73,315.8354001691387,True,False,False,True,acima_janela_permitida
990,475.0,71.0,319.0,322.73,316.7238544852598,True,False,False,True,acima_janela_permitida
991,474.0,70.0,320.0,323.73,317.6161204976851,True,False,False,True,acima_janela_permitida
992,473.0,69.0,321.0,324.73,318.5121661726597,True,False,False,True,acima_janela_permitida
993,472.0,68.0,322.0,325.73,319.41195970094793,True,False,False,True,acima_janela_permitida
994,471.0,67.0,323.0,326.73,320.31546949843056,True,False,False,True,acima_janela_permitida
995,470.0,66.0,324.0,327.73,321.22266420662163,True,False,False,True,acima_janela_permitida
996,469.0,65.0,325.0,328.73,322.1335126931068,True,False,False,True,acima_janela_permitida
997,468.0,65.0,325.0,328.73,322.051238159396,True,False,False,True,acima_janela_permitida
998,467.0,64.0,326.0,329.73,322.96903876377996,True,False,False,True,acima_janela_permitida
999,466.0,63.0,327.0,330.73,323.8904135660702,True,False,False,True,acima_janela_permitida
1000,465.0,62.0,328.0,331.73,324.81533215043896,True,False,False,True,acima_janela_permitida
1001,464.0,61.0,329.0,332.73,325.74376433018637,True,False,False,True,acima_janela_permitida
1002,463.0,60.0,330.0,333.73,326.67568014775753,True,False,False,True,acima_janela_permitida
1003,462.0,59.0,331.0,334.73,327.61104987469514,True,False,False,True,acima_janela_permitida
1004,461.0,58.0,332.0,335.73,328.54984401152893,True,False,False,True,acima_janela_permitida
1005,460.0,58.0,332.0,335.73,328.4935311387425,True,False,False,True,acima_janela_permitida
1006,459.0,57.0,333.0,336.73,329.4389169481954,True,False,False,True,acima_janela_permitida
1007,458.0,56.0,334.0,337.73,330.38765110094533,True,False,False,True,acima_janela_permitida
1008,457.0,56.0,334.0,337.73,330.3407331831786,True,False,False,True,acima_janela_permitida
1009,456.0,55.0,335.0,338.73,331.2959402105616,True,False,False,True,acima_janela_permitida
1010,455.0,54.0,336.0,339.73,332.2544205875973,True,False,False,True,acima_janela_permitida
1011,454.0,53.0,337.0,340.73,333.2161460673837,True,False,False,True,acima_janela_permitida
1012,453.0,53.0,337.0,340.73,333.1816321467917,True,False,False,True,acima_janela_permitida
1013,452.0,52.0,338.0,341.73,334.1496670655232,True,False,False,True,acima_janela_permitida
1014,451.0,51.0,339.0,342.73,335.1208737157386,True,False,False,True,acima_janela_permitida
1015,450.0,50.0,340.0,343.73,336.0952246016001,True,False,False,True,acima_janela_permitida
1016,449.0,50.0,340.0,343.73,336.0729087564185,True,False,False,True,acima_janela_permitida
1017,448.0,49.0,341.0,344.73,337.0534082308025,True,False,False,True,acima_janela_permitida
1018,447.0,48.0,342.0,345.73,338.03698022553687,True,False,False,True,acima_janela_permitida
1019,446.0,48.0,342.0,345.73,338.02366781040644,True,False,False,True,acima_janela_permitida
1020,445.0,47.0,343.0,346.73,339.01327407639957,True,False,False,True,acima_janela_permitida
1021,444.0,46.0,344.0,347.73,340.00588230205665,True,False,False,True,acima_janela_permitida
1022,443.0,46.0,344.0,347.73,340.00147058505496,True,False,False,True,acima_janela_permitida
1023,442.0,45.0,345.0,348.73,341.0,True,False,False,True,acima_janela_permitida
1024,441.0,44.0,346.0,349.73,342.0014619851792,True,False,False,True,acima_janela_permitida
1025,440.0,44.0,346.0,349.73,342.0058479032193,True,False,False,True,acima_janela_permitida
1026,439.0,43.0,347.0,350.73,343.0131192826303,True,False,False,True,acima_janela_permitida
1027,438.0,43.0,347.0,350.73,343.02332282222443,True,False,False,True,acima_janela_permitida
1028,437.0,42.0,348.0,351.73,344.0363352903295,True,False,False,True,acima_janela_permitida
1029,436.0,41.0,349.0,352.73,345.05216996854256,True,False,False,True,acima_janela_permitida
1030,435.0,41.0,349.0,352.73,345.0710071854777,True,False,False,True,acima_janela_permitida
1031,434.0,40.0,350.0,353.73,346.09247319177575,True,False,False,True,acima_janela_permitida
1032,433.0,39.0,351.0,354.73,347.1166950753017,True,False,False,True,acima_janela_permitida
1033,432.0,39.0,351.0,354.73,347.1440623141925,True,False,False,True,acima_janela_permitida
1034,431.0,38.0,352.0,355.73,348.1738071710737,True,False,False,True,acima_janela_permitida
1035,430.0,38.0,352.0,355.73,348.2068350851258,True,False,False,True,acima_janela_permitida
1036,429.0,37.0,353.0,356.73,349.24203641600764,True,False,False,True,acima_janela_permitida
1037,428.0,37.0,353.0,356.73,349.2806894175514,True,False,False,True,acima_janela_permitida
1038,427.0,36.0,354.0,357.73,350.3212811120672,True,False,False,True,acima_janela_permitida
1039,426.0,36.0,354.0,357.73,350.36552341804406,True,False,False,True,acima_janela_permitida
1040,425.0,35.0,355.0,358.73,351.411439768258,True,False,False,True,acima_janela_permitida
1041,424.0,35.0,355.0,358.73,351.4612354157994,True,False,False,True,acima_janela_permitida
1042,423.0,34.0,356.0,359.73,352.51241112902676,True,False,False,True,acima_janela_permitida
1043,422.0,34.0,356.0,359.73,352.5677239907249,True,False,False,True,acima_janela_permitida
1044,421.0,33.0,357.0,360.73,353.62409420173844,True,False,False,True,acima_janela_permitida
1045,420.0,33.0,357.0,360.73,353.6848880006043,True,False,False,True,acima_janela_permitida
1046,419.0,32.0,358.0,361.73,354.7463882832354,True,False,False,True,acima_janela_permitida
1047,418.0,32.0,358.0,361.73,354.81262660734046,True,False,False,True,acima_janela_permitida
1048,417.0,31.0,359.0,362.73,355.8791929854849,True,False,False,True,acima_janela_permitida
1049,416.0,31.0,359.0,362.73,355.95083930228344,True,False,False,True,acima_janela_permitida
1050,415.0,30.0,360.0,363.73,357.0224082603219,True,False,False,True,acima_janela_permitida
1051,414.0,30.0,360.0,363.73,357.0994259306503,True,False,False,True,acima_janela_permitida
1052,413.0,29.0,361.0,364.73,358.1759344232943,True,False,False,True,acima_janela_permitida
1053,412.0,29.0,361.0,364.73,358.25828671504587,True,False,False,True,acima_janela_permitida
1054,411.0,28.0,362.0,365.73,359.339672176619,True,False,False,True,acima_janela_permitida
1055,410.0,28.0,362.0,365.73,359.42732227809284,True,False,False,True,acima_janela_permitida
1056,409.0,28.0,362.0,365.73,359.5177325251148,True,False,False,True,acima_janela_permitida
1057,408.0,27.0,363.0,366.73,360.60643366418185,True,False,False,True,acima_janela_permitida
1058,407.0,27.0,363.0,366.73,360.7020931461308,True,False,False,True,acima_janela_permitida
1059,406.0,27.0,363.0,366.73,360.80049889100763,True,False,False,True,acima_janela_permitida
1060,405.0,26.0,364.0,367.73,361.8963940135353,True,False,False,True,acima_janela_permitida
1061,404.0,26.0,364.0,367.73,362.0,True,False,False,True,acima_janela_permitida
1062,403.0,25.0,365.0,368.73,363.10053704174,True,False,False,True,acima_janela_permitida
1063,402.0,25.0,365.0,368.73,363.2093060481793,True,False,False,True,acima_janela_permitida
1064,401.0,25.0,365.0,368.73,363.3207948906861,True,False,False,True,acima_janela_permitida
1065,400.0,24.0,366.0,369.73,364.4283194264683,True,False,False,True,acima_janela_permitida
1066,399.0,24.0,366.0,369.73,364.5449217860537,True,False,False,True,acima_janela_permitida
1067,398.0,24.0,366.0,369.73,364.66422912043345,True,False,False,True,acima_janela_permitida
1068,397.0,23.0,367.0,370.73,365.77862157321334,True,False,False,True,acima_janela_permitida
1069,396.0,23.0,367.0,370.73,365.90299260869676,True,False,False,True,acima_janela_permitida
1070,395.0,23.0,367.0,370.73,366.0300534109187,True,False,False,True,acima_janela_permitida
1071,394.0,22.0,368.0,371.73,367.1511950137164,True,False,False,True,acima_janela_permitida
1072,393.0,22.0,368.0,371.73,367.28326942565735,True,False,False,True,acima_janela_permitida
1073,392.0,22.0,368.0,371.73,367.4180180666158,True,False,False,True,acima_janela_permitida
1074,391.0,21.0,369.0,372.73,368.5457909134223,True,False,False,True,acima_janela_permitida
1075,390.0,21.0,369.0,372.73,368.68550283405506,True,False,False,True,acima_janela_permitida
1076,389.0,21.0,369.0,372.73,368.8278731332544,True,False,False,True,acima_janela_permitida
1077,388.0,21.0,369.0,372.73,368.9728987337688,True,False,False,True,acima_janela_permitida
1078,387.0,20.0,370.0,373.73,370.10944327320266,True,False,False,True,acima_janela_permitida
1079,386.0,20.0,370.0,373.73,370.25936855129,True,False,False,True,acima_janela_permitida
1080,385.0,20.0,370.0,373.73,370.4119328531412,True,False,False,True,acima_janela_permitida
1081,384.0,19.0,371.0,374.73,371.5548411742202,True,False,False,True,acima_janela_permitida
1082,383.0,19.0,371.0,374.73,371.7122543043207,True,False,False,True,acima_janela_permitida
1083,382.0,19.0,371.0,374.73,371.8722899060913,True,False,False,True,acima_janela_permitida
1084,381.0,19.0,371.0,374.73,372.03494459526246,True,False,False,True,acima_janela_permitida
1085,380.0,18.0,372.0,375.73,373.18628056240226,True,False,False,True,acima_janela_permitida
1086,379.0,18.0,372.0,375.73,373.3537196814838,True,False,False,True,acima_janela_permitida
1087,378.0,18.0,372.0,375.73,373.52376095772007,True,False,False,True,acima_janela_permitida
1088,377.0,18.0,372.0,375.73,373.6964008389698,True,False,False,True,acima_janela_permitida
1089,376.0,17.0,373.0,376.73,374.85597234137805,True,False,False,True,acima_janela_permitida
1090,375.0,17.0,373.0,376.73,375.0333318519835,True,False,False,True,acima_janela_permitida
1091,374.0,17.0,373.0,376.73,375.2132726863483,True,False,False,True,acima_janela_permitida
1092,373.0,17.0,373.0,376.73,375.3957911325059,True,False,False,True,acima_janela_permitida
1093,372.0,17.0,373.0,376.73,375.5808834325837,True,False,False,True,acima_janela_permitida
1094,371.0,16.0,374.0,377.73,376.7505806233084,True,False,False,True,acima_janela_permitida
1095,370.0,16.0,374.0,377.73,376.9403135776273,True,False,False,True,acima_janela_permitida
1096,369.0,16.0,374.0,377.73,377.13260267444394,True,False,False,True,acima_janela_permitida
1097,368.0,16.0,374.0,377.73,377.3274440058661,True,False,False,True,acima_janela_permitida
1098,367.0,16.0,374.0,377.73,377.5248336202534,True,False,False,True,acima_janela_permitida
1099,366.0,15.0,375.0,378.73,378.7043701886737,True,False,False,True,acima_janela_permitida
1100,365.0,15.0,375.0,378.73,378.90632087628205,True,False,False,True,acima_janela_permitida
1101,364.0,15.0,375.0,378.73,379.11080174534726,True,False,False,True,acima_janela_permitida
1102,363.0,15.0,375.0,378.73,379.3178087039943,True,False,False,True,acima_janela_permitida
1103,362.0,15.0,375.0,378.73,379.5273376187808,True,False,False,True,acima_janela_permitida
1104,361.0,15.0,375.0,378.73,379.73938431508526,True,False,False,True,acima_janela_permitida
1105,360.0,15.0,375.0,378.73,379.95394457749745,True,False,False,True,acima_janela_permitida
1106,359.0,15.0,375.0,378.73,380.1710141502111,True,False,False,True,acima_janela_permitida
1107,358.0,14.0,376.0,379.73,381.3659659696969,True,False,False,True,acima_janela_permitida
1108,357.0,14.0,376.0,379.73,381.5874735889531,True,False,False,True,acima_janela_permitida
1109,356.0,14.0,376.0,379.73,381.81147180251145,True,False,False,True,acima_janela_permitida
1110,355.0,14.0,376.0,379.73,382.0379562294825,True,False,False,True,acima_janela_permitida
1111,354.0,14.0,376.0,379.73,382.2669224507922,True,False,False,True,acima_janela_permitida
1112,353.0,14.0,376.0,379.73,382.4983660095818,True,False,False,True,acima_janela_permitida
1113,352.0,14.0,376.0,379.73,382.7322824116095,True,False,False,True,acima_janela_permitida
1114,351.0,14.0,376.0,379.73,382.968667125654,True,False,False,True,acima_janela_permitida
1115,350.0,14.0,376.0,379.73,383.20751558391964,True,False,False,True,acima_janela_permitida
1116,349.0,14.0,376.0,379.73,383.4488231824424,True,False,False,True,acima_janela_permitida
1117,348.0,13.0,377.0,380.73,384.6621894597908,True,False,False,True,acima_janela_permitida
1118,347.0,13.0,377.0,380.73,384.9077811632288,True,False,False,True,acima_janela_permitida
1119,346.0,13.0,377.0,380.73,385.15581262652654,True,False,False,True,acima_janela_permitida
1120,345.0,13.0,377.0,380.73,385.40627913929995,True,False,False,True,acima_janela_permitida
1121,344.0,13.0,377.0,380.73,385.6591759572174,True,False,False,True,acima_janela_permitida
1122,343.0,13.0,377.0,380.73,385.91449830240896,True,False,False,True,acima_janela_permitida
1123,342.0,13.0,377.0,380.73,386.17224136387637,True,False,False,True,acima_janela_permitida
1124,341.0,13.0,377.0,380.73,386.4324002979046,True,False,False,True,acima_janela_permitida
1125,340.0,13.0,377.0,380.73,386.6949702284735,True,False,False,True,acima_janela_permitida
1126,339.0,13.0,377.0,380.73,386.9599462476705,True,False,False,True,acima_janela_permitida
1127,338.0,13.0,377.0,380.73,387.227323416104,True,False,False,True,acima_janela_permitida
1128,337.0,13.0,377.0,380.73,387.4970967633177,True,False,False,True,acima_janela_permitida
1129,336.0,13.0,377.0,380.73,387.76926128820475,True,False,False,True,acima_janela_permitida
1130,335.0,13.0,377.0,380.73,388.04381195942295,True,False,False,True,acima_janela_permitida
1131,334.0,13.0,377.0,380.73,388.3207437158103,True,False,False,True,acima_janela_permitida
1132,333.0,13.0,377.0,380.73,388.6000514668005,False,False,False,True,acima_janela_permitida;lado_errado
1133,332.0,13.0,377.0,380.73,388.8817300928394,False,False,False,True,acima_janela_permitida;lado_errado
1134,331.0,13.0,377.0,380.73,389.16577444580093,False,False,False,True,acima_janela_permitida;lado_errado
1135,330.0,13.0,377.0,380.73,389.45217934940354,False,False,False,True,acima_janela_permitida;lado_errado
1136,329.0,13.0,377.0,380.73,389.74093959962687,False,False,False,True,acima_janela_permitida;lado_errado
1137,328.0,13.0,377.0,380.73,390.03204996512784,False,False,False,True,acima_janela_permitida;lado_errado
1138,327.0,13.0,377.0,380.73,390.3255051876574,False,False,False,True,acima_janela_permitida;lado_errado
1139,326.0,13.0,377.0,380.73,390.6212999824766,False,False,False,True,acima_janela_permitida;lado_errado
1140,325.0,13.0,377.0,380.73,390.91942903877265,False,False,False,True,acima_janela_permitida;lado_errado
1141,324.0,13.0,377.0,380.73,391.2198870200747,False,False,False,True,acima_janela_permitida;lado_errado
1142,323.0,13.0,377.0,380.73,391.52266856466946,False,False,False,True,acima_janela_permitida;lado_errado
1143,322.0,13.0,377.0,380.73,391.8277682860162,False,False,False,True,acima_janela_permitida;lado_errado
1144,321.0,13.0,377.0,380.73,392.13518077316144,False,False,False,True,acima_janela_permitida;lado_errado
1145,320.0,13.0,377.0,380.73,392.44490059115304,False,False,False,True,acima_janela_permitida;lado_errado
1146,319.0,13.0,377.0,380.73,392.75692228145385,False,False,False,True,acima_janela_permitida;lado_errado
1147,318.0,13.0,377.0,380.73,393.0712403623547,False,False,False,True,acima_janela_permitida;lado_errado
