indice,x,y,dist_baseline,dist_baseline_ajustada,dist_ponto_contato,lado_correto,candidato_janela,permaneceu,descartado,motivo_descarte
0,317.0,13.0,377.0,380.73,384.419042192241,True,False,False,True,acima_janela_permitida
1,316.0,14.0,376.0,379.73,383.20751558391964,True,False,False,True,acima_janela_permitida
2,315.0,14.0,376.0,379.73,382.968667125654,True,False,False,True,acima_janela_permitida
3,314.0,14.0,376.0,379.73,382.7322824116095,True,False,False,True,acima_janela_permitida
4,313.0,14.0,376.0,379.73,382.4983660095818,True,False,False,True,acima_janela_permitida
5,312.0,14.0,376.0,379.73,382.2669224507922,True,False,False,True,acima_janela_permitida
6,311.0,14.0,376.0,379.73,382.0379562294825,True,False,False,True,acima_janela_permitida
7,310.0,14.0,376.0,379.73,381.81147180251145,True,False,False,True,acima_janela_permitida
8,309.0,14.0,376.0,379.73,381.5874735889531,True,False,False,True,acima_janela_permitida
9,308.0,14.0,376.0,379.73,381.3659659696969,True,False,False,True,acima_janela_permitida
10,307.0,14.0,376.0,379.73,381.1469532870491,True,False,False,True,acima_janela_permitida
11,306.0,15.0,375.0,378.73,379.95394457749745,True,False,False,True,acima_janela_permitida
12,305.0,15.0,375.0,378.73,379.73938431508526,True,False,False,True,acima_janela_permitida
13,304.0,15.0,375.0,378.73,379.5273376187808,True,False,False,True,acima_janela_permitida
14,303.0,15.0,375.0,378.73,379.3178087039943,True,False,False,True,acima_janela_permitida
15,302.0,15.0,375.0,378.73,379.11080174534726,True,False,False,True,acima_janela_permitida
16,301.0,15.0,375.0,378.73,378.90632087628205,True,False,False,True,acima_janela_permitida
17,300.0,15.0,375.0,378.73,378.7043701886737,True,False,False,True,acima_janela_permitida
18,299.0,15.0,375.0,378.73,378.50495373244456,True,False,False,True,acima_janela_permitida
19,298.0,16.0,374.0,377.73,377.3274440058661,True,False,False,True,acima_janela_permitida
20,297.0,16.0,374.0,377.73,377.13260267444394,True,False,False,True,acima_janela_permitida
21,296.0,16.0,374.0,377.73,376.9403135776273,True,False,False,True,acima_janela_permitida
22,295.0,16.0,374.0,377.73,376.7505806233084,True,False,False,True,acima_janela_permitida
23,294.0,16.0,374.0,377.73,376.5634076752546,True,False,False,True,acima_janela_permitida
24,293.0,17.0,373.0,376.73,375.3957911325059,True,False,False,True,acima_janela_permitida
25,292.0,17.0,373.0,376.73,375.2132726863483,True,False,False,True,acima_janela_permitida
26,291.0,17.0,373.0,376.73,375.0333318519835,True,False,False,True,acima_janela_permitida
27,290.0,17.0,373.0,376.73,374.85597234137805,True,False,False,True,acima_janela_permitida
28,289.0,18.0,372.0,375.73,373.6964008389698,True,False,False,True,acima_janela_permitida
29,288.0,18.0,372.0,375.73,373.52376095772007,True,False,False,True,acima_janela_permitida
30,287.0,18.0,372.0,375.73,373.3537196814838,True,False,False,True,acima_janela_permitida
31,286.0,18.0,372.0,375.73,373.18628056240226,True,False,False,True,acima_janela_permitida
32,285.0,18.0,372.0,375.73,373.02144710458674,True,False,False,True,acima_janela_permitida
33,284.0,19.0,371.0,374.73,371.8722899060913,True,False,False,True,acima_janela_permitida
34,283.0,19.0,371.0,374.73,371.7122543043207,True,False,False,True,acima_janela_permitida
35,282.0,19.0,371.0,374.73,371.5548411742202,True,False,False,True,acima_janela_permitida
36,281.0,19.0,371.0,374.73,371.4000538502923,True,False,False,True,acima_janela_permitida
37,280.0,20.0,370.0,373.73,370.25936855129,True,False,False,True,acima_janela_permitida
38,279.0,20.0,370.0,373.73,370.10944327320266,True,False,False,True,acima_janela_permitida
39,278.0,20.0,370.0,373.73,369.9621602272319,True,False,False,True,acima_janela_permitida
40,277.0,21.0,369.0,372.73,368.8278731332544,True,False,False,True,acima_janela_permitida
41,276.0,21.0,369.0,372.73,368.68550283405506,True,False,False,True,acima_janela_permitida
42,275.0,21.0,369.0,372.73,368.5457909134223,True,False,False,True,acima_janela_permitida
43,274.0,21.0,369.0,372.73,368.4087403957729,True,False,False,True,acima_janela_permitida
44,273.0,22.0,368.0,371.73,367.28326942565735,True,False,False,True,acima_janela_permitida
45,272.0,22.0,368.0,371.73,367.1511950137164,True,False,False,True,acima_janela_permitida
46,271.0,22.0,368.0,371.73,367.02179771779225,True,False,False,True,acima_janela_permitida
47,270.0,23.0,367.0,370.73,365.90299260869676,True,False,False,True,acima_janela_permitida
48,269.0,23.0,367.0,370.73,365.77862157321334,True,False,False,True,acima_janela_permitida
49,268.0,23.0,367.0,370.73,365.65694304908254,True,False,False,True,acima_janela_permitida
50,267.0,24.0,366.0,369.73,364.5449217860537,True,False,False,True,acima_janela_permitida
51,266.0,24.0,366.0,369.73,364.4283194264683,True,False,False,True,acima_janela_permitida
52,265.0,24.0,366.0,369.73,364.3144246389374,True,False,False,True,acima_janela_permitida
53,264.0,25.0,365.0,368.73,363.2093060481793,True,False,False,True,acima_janela_permitida
54,263.0,25.0,365.0,368.73,363.10053704174,True,False,False,True,acima_janela_permitida
55,262.0,26.0,364.0,367.73,362.0,True,False,False,True,acima_janela_permitida
56,261.0,26.0,364.0,367.73,361.8963940135353,True,False,False,True,acima_janela_permitida
57,260.0,26.0,364.0,367.73,361.79552236035204,True,False,False,True,acima_janela_permitida
58,259.0,27.0,363.0,366.73,360.7020931461308,True,False,False,True,acima_janela_permitida
59,258.0,27.0,363.0,366.73,360.60643366418185,True,False,False,True,acima_janela_permitida
60,257.0,27.0,363.0,366.73,360.51352263126,True,False,False,True,acima_janela_permitida
61,256.0,28.0,362.0,365.73,359.42732227809284,True,False,False,True,acima_janela_permitida
62,255.0,28.0,362.0,365.73,359.339672176619,True,False,False,True,acima_janela_permitida
63,254.0,29.0,361.0,364.73,358.25828671504587,True,False,False,True,acima_janela_permitida
64,253.0,29.0,361.0,364.73,358.1759344232943,True,False,False,True,acima_janela_permitida
65,252.0,29.0,361.0,364.73,358.09635574800257,True,False,False,True,acima_janela_permitida
66,251.0,30.0,360.0,363.73,357.0224082603219,True,False,False,True,acima_janela_permitida
67,250.0,30.0,360.0,363.73,356.9481755101152,True,False,False,True,acima_janela_permitida
68,249.0,31.0,359.0,362.73,355.8791929854849,True,False,False,True,acima_janela_permitida
69,248.0,31.0,359.0,362.73,355.81034273893727,True,False,False,True,acima_janela_permitida
70,247.0,32.0,358.0,361.73,354.7463882832354,True,False,False,True,acima_janela_permitida
71,246.0,32.0,358.0,361.73,354.682957019364,True,False,False,True,acima_janela_permitida
72,245.0,33.0,357.0,360.73,353.62409420173844,True,False,False,True,acima_janela_permitida
73,244.0,33.0,357.0,360.73,353.5661182862408,True,False,False,True,acima_janela_permitida
74,243.0,34.0,356.0,359.73,352.51241112902676,True,False,False,True,acima_janela_permitida
75,242.0,34.0,356.0,359.73,352.4599268001967,True,False,False,True,acima_janela_permitida
76,241.0,35.0,355.0,358.73,351.411439768258,True,False,False,True,acima_janela_permitida
77,240.0,35.0,355.0,358.73,351.3644831225831,True,False,False,True,acima_janela_permitida
78,239.0,36.0,354.0,357.73,350.3212811120672,True,False,False,True,acima_janela_permitida
79,238.0,36.0,354.0,357.73,350.2798880895105,True,False,False,True,acima_janela_permitida
80,237.0,37.0,353.0,356.73,349.24203641600764,True,False,False,True,acima_janela_permitida
81,236.0,37.0,353.0,356.73,349.20624278497655,True,False,False,True,acima_janela_permitida
82,235.0,38.0,352.0,355.73,348.1738071710737,True,False,False,True,acima_janela_permitida
83,234.0,38.0,352.0,355.73,348.1436485130815,True,False,False,True,acima_janela_permitida
84,233.0,39.0,351.0,354.73,347.1166950753017,True,False,False,True,acima_janela_permitida
85,232.0,40.0,350.0,353.73,346.09247319177575,True,False,False,True,acima_janela_permitida
86,231.0,40.0,350.0,353.73,346.07080200444534,True,False,False,True,acima_janela_permitida
87,230.0,41.0,349.0,352.73,345.05216996854256,True,False,False,True,acima_janela_permitida
88,229.0,41.0,349.0,352.73,345.03622998172233,True,False,False,True,acima_janela_permitida
89,228.0,42.0,348.0,351.73,344.02325502791234,True,False,False,True,acima_janela_permitida
90,227.0,43.0,347.0,350.73,343.0131192826303,True,False,False,True,acima_janela_permitida
91,226.0,43.0,347.0,350.73,343.0058308542291,True,False,False,True,acima_janela_permitida
92,225.0,44.0,346.0,349.73,342.0014619851792,True,False,False,True,acima_janela_permitida
93,224.0,44.0,346.0,349.73,342.0,True,False,False,True,acima_janela_permitida
94,223.0,45.0,345.0,348.73,341.0014662725074,True,False,False,True,acima_janela_permitida
95,222.0,46.0,344.0,347.73,340.00588230205665,True,False,False,True,acima_janela_permitida
96,221.0,46.0,344.0,347.73,340.0132350365203,True,False,False,True,acima_janela_permitida
97,220.0,47.0,343.0,346.73,339.0235979987234,True,False,False,True,acima_janela_permitida
98,219.0,48.0,342.0,345.73,338.03698022553687,True,False,False,True,acima_janela_permitida
99,218.0,48.0,342.0,345.73,338.0532502432124,True,False,False,True,acima_janela_permitida
100,217.0,49.0,341.0,344.73,337.0726924566866,True,False,False,True,acima_janela_permitida
101,216.0,50.0,340.0,343.73,336.0952246016001,True,False,False,True,acima_janela_permitida
102,215.0,50.0,340.0,343.73,336.12051410171324,True,False,False,True,acima_janela_permitida
103,214.0,51.0,339.0,342.73,335.1492204973779,True,False,False,True,acima_janela_permitida
104,213.0,52.0,338.0,341.73,334.18108863309425,True,False,False,True,acima_janela_permitida
105,212.0,53.0,337.0,340.73,333.2161460673837,True,False,False,True,acima_janela_permitida
106,211.0,53.0,337.0,340.73,333.253657144224,True,False,False,True,acima_janela_permitida
107,210.0,54.0,336.0,339.73,332.29504961705345,True,False,False,True,acima_janela_permitida
108,209.0,55.0,335.0,338.73,331.3397048347813,True,False,False,True,acima_janela_permitida
109,208.0,56.0,334.0,337.73,330.38765110094533,True,False,False,True,acima_janela_permitida
110,207.0,56.0,334.0,337.73,330.4375886608544,True,False,False,True,acima_janela_permitida
111,206.0,57.0,333.0,336.73,329.49203328760467,True,False,False,True,acima_janela_permitida
112,205.0,58.0,332.0,335.73,328.54984401152893,True,False,False,True,acima_janela_permitida
113,204.0,59.0,331.0,334.73,327.61104987469514,True,False,False,True,acima_janela_permitida
114,203.0,59.0,331.0,334.73,327.67361810191557,True,False,False,True,acima_janela_permitida
115,202.0,60.0,330.0,333.73,326.7414880299103,True,False,False,True,acima_janela_permitida
116,201.0,61.0,329.0,332.73,325.8128297044179,True,False,False,True,acima_janela_permitida
117,200.0,62.0,328.0,331.73,324.8876728963412,True,False,False,True,acima_janela_permitida
118,199.0,63.0,327.0,330.73,323.9660476037574,True,False,False,True,acima_janela_permitida
119,198.0,64.0,326.0,329.73,323.0479840519052,True,False,False,True,acima_janela_permitida
120,197.0,65.0,325.0,328.73,322.1335126931068,True,False,False,True,acima_janela_permitida
121,196.0,66.0,324.0,327.73,321.22266420662163,True,False,False,True,acima_janela_permitida
122,195.0,67.0,323.0,326.73,320.31546949843056,True,False,False,True,acima_janela_permitida
123,194.0,68.0,322.0,325.73,319.41195970094793,True,False,False,True,acima_janela_permitida
124,193.0,69.0,321.0,324.73,318.5121661726597,True,False,False,True,acima_janela_permitida
125,192.0,69.0,321.0,324.73,318.6110481449129,True,False,False,True,acima_janela_permitida
126,191.0,70.0,320.0,323.73,317.71842880135233,True,False,False,True,acima_janela_permitida
127,190.0,71.0,319.0,322.73,316.8296072023573,True,False,False,True,acima_janela_permitida
128,189.0,72.0,318.0,321.73,315.94461539959815,True,False,False,True,acima_janela_permitida
129,188.0,73.0,317.0,320.73,315.06348566598444,True,False,False,True,acima_janela_permitida
130,188.0,74.0,316.0,319.73,314.0700558792576,True,False,False,True,acima_janela_permitida
131,187.0,75.0,315.0,318.73,313.1932310890515,True,False,False,True,acima_janela_permitida
132,186.0,76.0,314.0,317.73,312.3203483604615,True,False,False,True,acima_janela_permitida
133,185.0,77.0,313.0,316.73,311.4514408378937,True,False,False,True,acima_janela_permitida
134,184.0,78.0,312.0,315.73,310.5865418848666,True,False,False,True,acima_janela_permitida
135,183.0,79.0,311.0,314.73,309.7256850827842,True,False,False,True,acima_janela_permitida
136,182.0,80.0,310.0,313.73,308.86890422961,True,False,False,True,acima_janela_permitida
137,181.0,81.0,309.0,312.73,308.01623333843946,True,False,False,True,acima_janela_permitida
138,180.0,82.0,308.0,311.73,307.1677066359678,True,False,False,True,acima_janela_permitida
139,179.0,83.0,307.0,310.73,306.3233585608515,True,False,False,True,acima_janela_permitida
140,179.0,84.0,306.0,309.73,305.3342430845253,True,False,False,True,acima_janela_permitida
141,178.0,85.0,305.0,308.73,304.4946633358293,True,False,False,True,acima_janela_permitida
142,177.0,86.0,304.0,307.73,303.65934861288235,True,False,False,True,acima_janela_permitida
143,176.0,87.0,303.0,306.73,302.82833420933383,True,False,False,True,acima_janela_permitida
144,175.0,88.0,302.0,305.73,302.00165562460086,True,False,False,True,acima_janela_permitida
145,174.0,89.0,301.0,304.73,301.179348561617,True,False,False,True,acima_janela_permitida
146,174.0,90.0,300.0,303.73,300.1932710771512,True,False,False,True,acima_janela_permitida
147,173.0,91.0,299.0,302.73,299.3760177435728,True,False,False,True,acima_janela_permitida
148,172.0,92.0,298.0,301.73,298.563226134767,True,False,False,True,acima_janela_permitida
149,171.0,93.0,297.0,300.73,297.75493278869453,True,False,False,True,acima_janela_permitida
150,171.0,94.0,296.0,299.73,296.7709554521803,True,False,False,True,acima_janela_permitida
151,170.0,95.0,295.0,298.73,295.96790366524544,True,False,False,True,acima_janela_permitida
152,169.0,96.0,294.0,297.73,295.16944286290885,True,False,False,True,acima_janela_permitida
153,168.0,97.0,293.0,296.73,294.37561040276415,True,False,False,True,acima_janela_permitida
154,168.0,98.0,292.0,295.73,293.393933134276,True,False,False,True,acima_janela_permitida
155,167.0,99.0,291.0,294.73,292.60553651631403,True,False,False,True,acima_janela_permitida
156,166.0,100.0,290.0,293.73,291.82186347153635,True,False,False,True,acima_janela_permitida
157,165.0,101.0,289.0,292.73,291.04295215655026,True,False,False,True,acima_janela_permitida
158,165.0,102.0,288.0,291.73,290.0637860885085,True,False,False,True,acima_janela_permitida
159,164.0,103.0,287.0,290.73,289.29051142407,True,False,False,True,acima_janela_permitida
160,163.0,104.0,286.0,289.73,288.5220962075522,True,False,False,True,acima_janela_permitida
161,163.0,105.0,285.0,288.73,287.544779121444,True,False,False,True,acima_janela_permitida
162,162.0,106.0,284.0,287.73,286.7821472825671,True,False,False,True,acima_janela_permitida
163,161.0,107.0,283.0,286.73,286.02447447727263,True,False,False,True,acima_janela_permitida
164,161.0,108.0,282.0,285.73,285.0491185743257,True,False,False,True,acima_janela_permitida
165,160.0,109.0,281.0,284.73,284.29737951659,True,False,False,True,acima_janela_permitida
166,160.0,110.0,280.0,283.73,283.3231370714365,True,False,False,True,acima_janela_permitida
167,159.0,111.0,279.0,282.73,282.57742301889584,True,False,False,True,acima_janela_permitida
168,158.0,112.0,278.0,281.73,281.83683222744327,True,False,False,True,acima_janela_permitida
169,158.0,113.0,277.0,280.73,280.86473612755304,True,False,False,True,acima_janela_permitida
170,157.0,114.0,276.0,279.73,280.1303268123607,True,False,False,True,acima_janela_permitida
171,157.0,115.0,275.0,278.73,279.15945264310864,True,False,False,True,acima_janela_permitida
172,156.0,116.0,274.0,277.73,278.43132007732174,True,False,False,True,acima_janela_permitida
173,155.0,117.0,273.0,276.73,277.70848024502243,True,False,False,True,acima_janela_permitida
174,155.0,118.0,272.0,275.73,276.739950133695,True,False,False,True,acima_janela_permitida
175,154.0,119.0,271.0,274.73,276.0235497199469,True,False,False,True,acima_janela_permitida
176,154.0,120.0,270.0,273.73,275.056357861439,True,False,False,True,acima_janela_permitida
177,153.0,121.0,269.0,272.73,274.346496241523,True,False,False,True,acima_janela_permitida
178,153.0,122.0,268.0,271.73,273.3806869550225,True,False,False,True,acima_janela_permitida
179,152.0,123.0,267.0,270.73,272.6774651488458,True,False,False,True,acima_janela_permitida
180,152.0,124.0,266.0,269.73,271.7130839691015,True,False,False,True,acima_janela_permitida
181,151.0,125.0,265.0,268.73,271.01660465735307,True,False,False,True,acima_janela_permitida
182,151.0,126.0,264.0,267.73,270.05369836386245,True,False,False,True,acima_janela_permitida
183,150.0,127.0,263.0,266.73,269.3640659033792,True,False,False,True,acima_janela_permitida
184,150.0,128.0,262.0,265.73,268.4026825499328,True,False,False,True,acima_janela_permitida
185,149.0,129.0,261.0,264.73,267.7200029881966,True,False,False,True,acima_janela_permitida
186,149.0,130.0,260.0,263.73,266.7601919327545,True,False,False,True,acima_janela_permitida
187,148.0,131.0,259.0,262.73,266.0845730214362,True,False,False,True,acima_janela_permitida
188,148.0,132.0,258.0,261.73,265.1263849563072,True,False,False,True,acima_janela_permitida
189,147.0,133.0,257.0,260.73,264.45793616376875,True,False,False,True,acima_janela_permitida
190,147.0,134.0,256.0,259.73,263.50142314606194,True,False,False,True,acima_janela_permitida
191,146.0,135.0,255.0,258.73,262.8402556687236,True,False,False,True,acima_janela_permitida
192,146.0,136.0,254.0,257.73,261.8854711510358,True,False,False,True,acima_janela_permitida
193,146.0,137.0,253.0,256.73,260.93102536877444,True,False,False,True,acima_janela_permitida
194,145.0,138.0,252.0,255.73000000000002,260.2786967848118,True,False,False,True,acima_janela_permitida
195,145.0,139.0,251.0,254.73000000000002,259.3260495977988,True,False,False,True,acima_janela_permitida
196,144.0,140.0,250.0,253.73000000000002,258.68127106537884,True,False,False,True,acima_janela_permitida
197,144.0,141.0,249.0,252.73000000000002,257.73047937719747,True,False,False,True,acima_janela_permitida
198,144.0,142.0,248.0,251.73000000000002,256.78006153126455,True,False,False,True,acima_janela_permitida
199,143.0,143.0,247.0,250.73000000000002,256.1444904736387,True,False,False,True,acima_janela_permitida
200,143.0,144.0,246.0,249.73000000000002,255.1960031034969,True,False,False,True,acima_janela_permitida
201,143.0,145.0,245.0,248.73000000000002,254.24791051255465,True,False,False,True,acima_janela_permitida
202,142.0,146.0,244.0,247.73000000000002,253.62176562747922,True,False,False,True,acima_janela_permitida
203,142.0,147.0,243.0,246.73000000000002,252.67568145747623,True,False,False,True,acima_janela_permitida
204,141.0,148.0,242.0,245.73000000000002,252.05753311496167,True,False,False,True,acima_janela_permitida
205,141.0,149.0,241.0,244.73000000000002,251.11352014576994,True,False,False,True,acima_janela_permitida
206,141.0,150.0,240.0,243.73000000000002,250.16994223927063,True,False,False,True,acima_janela_permitida
207,140.0,151.0,239.0,242.73000000000002,249.56161563830284,True,False,False,True,acima_janela_permitida
208,140.0,152.0,238.0,241.73000000000002,248.62019226120793,True,False,False,True,acima_janela_permitida
209,140.0,153.0,237.0,240.73000000000002,247.67922803497268,True,False,False,True,acima_janela_permitida
210,139.0,154.0,236.0,239.73000000000002,247.08095839218367,True,False,False,True,acima_janela_permitida
211,139.0,155.0,235.0,238.73000000000002,246.1422353030865,True,False,False,True,acima_janela_permitida
212,139.0,156.0,234.0,237.73000000000002,245.20399670478457,True,False,False,True,acima_janela_permitida
213,139.0,157.0,233.0,236.73000000000002,244.26624818013642,True,False,False,True,acima_janela_permitida
214,138.0,158.0,232.0,235.73000000000002,243.6801181877586,True,False,False,True,acima_janela_permitida
215,138.0,159.0,231.0,234.73000000000002,242.7447218787671,True,False,False,True,acima_janela_permitida
216,138.0,160.0,230.0,233.73000000000002,241.8098426450007,True,False,False,True,acima_janela_permitida
217,137.0,161.0,229.0,232.73000000000002,241.2343259156955,True,False,False,True,acima_janela_permitida
218,137.0,162.0,228.0,231.73000000000002,240.3018934590404,True,False,False,True,acima_janela_permitida
219,137.0,163.0,227.0,230.73000000000002,239.370006475331,True,False,False,True,acima_janela_permitida
220,137.0,164.0,226.0,229.73000000000002,238.4386713601634,True,False,False,True,acima_janela_permitida
221,136.0,165.0,225.0,228.73000000000002,237.87601812709073,True,False,False,True,acima_janela_permitida
222,136.0,166.0,224.0,227.73000000000002,236.9472515139182,True,False,False,True,acima_janela_permitida
223,136.0,167.0,223.0,226.73000000000002,236.01906702637396,True,False,False,True,acima_janela_permitida
224,136.0,168.0,222.0,225.73000000000002,235.0914715594762,True,False,False,True,acima_janela_permitida
225,135.0,169.0,221.0,224.73000000000002,234.54210709380095,True,False,False,True,acima_janela_permitida
226,135.0,170.0,220.0,223.73000000000002,233.6172082702813,True,False,False,True,acima_janela_permitida
227,135.0,171.0,219.0,222.73000000000002,232.69293070482394,True,False,False,True,acima_janela_permitida
228,135.0,172.0,218.0,221.73000000000002,231.769281830013,True,False,False,True,acima_janela_permitida
229,135.0,173.0,217.0,220.73000000000002,230.8462691922917,True,False,False,True,acima_janela_permitida
230,134.0,174.0,216.0,219.73000000000002,230.31283073246266,True,False,False,True,acima_janela_permitida
231,134.0,175.0,215.0,218.73000000000002,229.3926764306132,True,False,False,True,acima_janela_permitida
232,134.0,176.0,214.0,217.73000000000002,228.47319317591726,True,False,False,True,acima_janela_permitida
233,134.0,177.0,213.0,216.73000000000002,227.55438910291315,True,False,False,True,acima_janela_permitida
234,134.0,178.0,212.0,215.73000000000002,226.6362724719942,True,False,False,True,acima_janela_permitida
235,133.0,179.0,211.0,214.73000000000002,226.11943746613204,True,False,False,True,acima_janela_permitida
236,133.0,180.0,210.0,213.73000000000002,225.20435164534453,True,False,False,True,acima_janela_permitida
237,133.0,181.0,209.0,212.73000000000002,224.28999086004708,True,False,False,True,acima_janela_permitida
238,133.0,182.0,208.0,211.73000000000002,223.37636401374252,True,False,False,True,acima_janela_permitida
239,133.0,183.0,207.0,210.73000000000002,222.46348014898985,True,False,False,True,acima_janela_permitida
240,132.0,184.0,206.0,209.73000000000002,221.96396103872357,True,False,False,True,acima_janela_permitida
241,132.0,185.0,205.0,208.73000000000002,221.05429197371402,True,False,False,True,acima_janela_permitida
242,132.0,186.0,204.0,207.73000000000002,220.14540649307222,True,False,False,True,acima_janela_permitida
243,132.0,187.0,203.0,206.73000000000002,219.23731434224422,True,False,False,True,acima_janela_permitida
244,132.0,188.0,202.0,205.73000000000002,218.33002542023394,True,False,False,True,acima_janela_permitida
245,132.0,189.0,201.0,204.73000000000002,217.4235497824465,True,True,True,False,mantido
246,132.0,190.0,200.0,203.73000000000002,216.51789764358972,True,True,True,False,mantido
247,132.0,191.0,199.0,202.73000000000002,215.61307938063499,True,True,True,False,mantido
248,131.0,192.0,198.0,201.73000000000002,215.13948963405113,True,True,True,False,mantido
249,131.0,193.0,197.0,200.73000000000002,214.23818520515897,True,True,True,False,mantido
250,131.0,194.0,196.0,199.73000000000002,213.3377603707323,True,True,True,False,mantido
251,131.0,195.0,195.0,198.73000000000002,212.43822631532208,True,True,True,False,mantido
252,131.0,196.0,194.0,197.73000000000002,211.53959440256097,True,True,True,False,mantido
253,131.0,197.0,193.0,196.73000000000002,210.6418761785035,True,True,True,False,mantido
254,131.0,198.0,192.0,195.73000000000002,209.74508337503408,True,True,True,False,mantido
255,131.0,199.0,191.0,194.73000000000002,208.84922791334424,True,True,True,False,mantido
256,130.0,200.0,190.0,193.73000000000002,208.4034548657963,True,True,True,False,mantido
257,130.0,201.0,189.0,192.73000000000002,207.51144546747295,True,True,True,False,mantido
258,130.0,202.0,188.0,191.73000000000002,206.6204249342257,True,True,True,False,mantido
259,130.0,203.0,187.0,190.73000000000002,205.73040611440985,True,True,True,False,mantido
260,130.0,204.0,186.0,189.73000000000002,204.84140206510986,True,True,True,False,mantido
261,130.0,205.0,185.0,188.73000000000002,203.9534260560484,True,True,True,False,mantido
262,130.0,206.0,184.0,187.73000000000002,203.06649157357302,True,True,True,False,mantido
263,130.0,207.0,183.0,186.73000000000002,202.18061232472317,True,True,True,False,mantido
264,130.0,208.0,182.0,185.73000000000002,201.2958022413781,True,True,True,False,mantido
265,130.0,209.0,181.0,184.73000000000002,200.4120754844877,True,True,True,False,mantido
266,130.0,210.0,180.0,183.73000000000002,199.52944644838766,True,True,True,False,mantido
267,130.0,211.0,179.0,182.73000000000002,198.64792976520042,True,True,True,False,mantido
268,130.0,212.0,178.0,181.73000000000002,197.76754030932378,True,True,True,False,mantido
269,130.0,213.0,177.0,180.73000000000002,196.88829320200833,True,True,True,False,mantido
270,130.0,214.0,176.0,179.73000000000002,196.01020381602586,True,True,True,False,mantido
271,130.0,215.0,175.0,178.73000000000002,195.13328778042973,True,True,True,False,mantido
272,130.0,216.0,174.0,177.73000000000002,194.25756098540927,True,True,True,False,mantido
273,130.0,217.0,173.0,176.73000000000002,193.38303958723992,True,True,True,False,mantido
274,130.0,218.0,172.0,175.73000000000002,192.50974001333023,True,True,True,False,mantido
275,130.0,219.0,171.0,174.73000000000002,191.637678967368,True,True,True,False,mantido
276,130.0,220.0,170.0,173.73000000000002,190.76687343456672,True,True,True,False,mantido
277,130.0,221.0,169.0,172.73000000000002,189.89734068701435,True,True,True,False,mantido
278,130.0,222.0,168.0,171.73000000000002,189.02909828912584,True,True,True,False,mantido
279,130.0,223.0,167.0,170.73000000000002,188.16216410320115,True,True,True,False,mantido
280,130.0,224.0,166.0,169.73000000000002,187.29655629509048,True,True,True,False,mantido
281,130.0,225.0,165.0,168.73000000000002,186.43229333996834,True,True,True,False,mantido
282,130.0,226.0,164.0,167.73000000000002,185.5693940282179,True,True,True,False,mantido
283,130.0,227.0,163.0,166.73000000000002,184.70787747142785,True,True,True,False,mantido
284,130.0,228.0,162.0,165.73000000000002,183.84776310850236,True,True,True,False,mantido
285,130.0,229.0,161.0,164.73000000000002,182.98907071188705,True,True,True,False,mantido
286,130.0,230.0,160.0,163.73000000000002,182.1318203939114,True,True,True,False,mantido
287,130.0,231.0,159.0,162.73000000000002,181.27603261324978,True,True,True,False,mantido
288,131.0,232.0,158.0,161.73000000000002,179.90275150758535,True,True,True,False,mantido
289,131.0,233.0,157.0,160.73000000000002,179.0474797365213,True,True,True,False,mantido
290,131.0,234.0,156.0,159.73000000000002,178.1937148162078,True,True,True,False,mantido
291,131.0,235.0,155.0,158.73000000000002,177.341478509682,True,True,True,False,mantido
292,131.0,236.0,154.0,157.73000000000002,176.49079296099274,True,True,True,False,mantido
293,131.0,237.0,153.0,156.73000000000002,175.64168070250295,True,True,True,False,mantido
294,131.0,238.0,152.0,155.73000000000002,174.79416466232504,True,True,True,False,mantido
295,131.0,239.0,151.0,154.73000000000002,173.9482681718907,True,True,True,False,mantido
296,131.0,240.0,150.0,153.73000000000002,173.1040149736568,True,True,True,False,mantido
297,132.0,241.0,149.0,152.73000000000002,171.72361514946044,True,True,True,False,mantido
298,132.0,242.0,148.0,151.73000000000002,170.88007490635061,True,True,True,False,mantido
299,132.0,243.0,147.0,150.73000000000002,170.03823099526764,True,True,True,False,mantido
300,132.0,244.0,146.0,149.73000000000002,169.19810873647495,True,True,True,False,mantido
301,132.0,245.0,145.0,148.73000000000002,168.35973390332975,True,True,True,False,mantido
302,132.0,246.0,144.0,147.73000000000002,167.5231327309754,True,True,True,False,mantido
303,132.0,247.0,143.0,146.73000000000002,166.68833192518306,True,True,True,False,mantido
304,133.0,248.0,142.0,145.73000000000002,165.3027525481654,True,True,True,False,mantido
305,133.0,249.0,141.0,144.73000000000002,164.46884203398528,True,True,True,False,mantido
306,133.0,250.0,140.0,143.73000000000002,163.63679292872982,True,True,True,False,mantido
307,133.0,251.0,139.0,142.73000000000002,162.8066337714775,True,True,True,False,mantido
308,133.0,252.0,138.0,141.73000000000002,161.9783936208777,True,True,True,False,mantido
309,134.0,253.0,137.0,140.73000000000002,160.58953888718904,True,True,True,False,mantido
310,134.0,254.0,136.0,139.73000000000002,159.76232346833217,True,True,True,False,mantido
311,134.0,255.0,135.0,138.73000000000002,158.93709447451215,True,True,True,False,mantido
312,134.0,256.0,134.0,137.73000000000002,158.11388300841898,True,True,True,False,mantido
313,134.0,257.0,133.0,136.73000000000002,157.29272074701996,True,True,True,False,mantido
314,135.0,258.0,132.0,135.73000000000002,155.90060936378666,True,True,True,False,mantido
315,135.0,259.0,131.0,134.73000000000002,155.08062419270823,True,True,True,False,mantido
316,135.0,260.0,130.0,133.73000000000002,154.26276284314372,True,True,True,False,mantido
317,135.0,261.0,129.0,132.73000000000002,153.44705927452634,True,True,True,False,mantido
318,135.0,262.0,128.0,131.73000000000002,152.63354808167173,True,True,True,False,mantido
319,136.0,263.0,127.0,130.73000000000002,151.23822268196622,True,True,True,False,mantido
320,136.0,264.0,126.0,129.73000000000002,150.42606157179014,True,True,True,False,mantido
321,136.0,265.0,125.0,128.73000000000002,149.61617559608987,True,True,True,False,mantido
322,136.0,266.0,124.0,127.73000000000002,148.8086019019062,True,True,True,False,mantido
323,137.0,267.0,123.0,126.73000000000002,147.41099009232656,True,True,True,False,mantido
324,137.0,268.0,122.0,125.73000000000002,146.60491124106312,True,True,True,False,mantido
325,137.0,269.0,121.0,124.73000000000002,145.8012345626744,True,True,True,False,mantido
326,137.0,270.0,120.0,123.73000000000002,145.0,True,True,True,False,mantido
327,138.0,271.0,119.0,122.73000000000002,143.60013927569847,True,True,True,False,mantido
328,138.0,272.0,118.0,121.73000000000002,142.80056022299073,True,True,True,False,mantido
329,138.0,273.0,117.0,120.73000000000002,142.00352108310554,True,True,True,False,mantido
330,139.0,274.0,116.0,119.73000000000002,140.60227594174995,True,True,True,False,mantido
331,139.0,275.0,115.0,118.73000000000002,139.8070098385628,True,True,True,False,mantido
332,139.0,276.0,114.0,117.73000000000002,139.01438774457844,True,True,True,False,mantido
333,139.0,277.0,113.0,116.73000000000002,138.2244551445221,True,True,True,False,mantido
334,140.0,278.0,112.0,115.73000000000002,136.82105101189657,True,True,True,False,mantido
335,140.0,279.0,111.0,114.73000000000002,136.03308421115798,True,True,True,False,mantido
336,140.0,280.0,110.0,113.73000000000002,135.2479205015737,True,True,True,False,mantido
337,141.0,281.0,109.0,112.73000000000002,133.843191832831,True,True,True,False,mantido
338,141.0,282.0,108.0,111.73000000000002,133.06013678032951,True,True,True,False,mantido
339,141.0,283.0,107.0,110.73000000000002,132.2800060477773,True,True,True,False,mantido
340,142.0,284.0,106.0,109.73000000000002,130.87398519186308,True,True,True,False,mantido
341,142.0,285.0,105.0,108.73000000000002,130.09611831257686,True,True,True,False,mantido
342,142.0,286.0,104.0,107.73000000000002,129.3213052826177,True,True,True,False,mantido
343,143.0,287.0,103.0,106.73000000000002,127.91403363196706,True,True,True,False,mantido
344,143.0,288.0,102.0,105.73000000000002,127.1416532848303,True,True,True,False,mantido
345,144.0,289.0,101.0,104.73000000000002,125.73384588089239,True,True,True,False,mantido
346,144.0,290.0,100.0,103.73000000000002,124.96399481450646,True,True,True,False,mantido
347,144.0,291.0,99.0,102.73000000000002,124.19742348374221,True,True,True,False,mantido
348,145.0,292.0,98.0,101.73000000000002,122.78843593759146,True,True,True,False,mantido
349,145.0,293.0,97.0,100.73000000000002,122.0245876862528,True,True,True,False,mantido
350,145.0,294.0,96.0,99.73000000000002,121.26417442921878,True,True,True,False,mantido
351,146.0,295.0,95.0,98.73000000000002,119.85407794480753,True,True,True,False,mantido
352,146.0,296.0,94.0,97.73000000000002,119.09659944767525,True,True,True,False,mantido
353,147.0,297.0,93.0,96.73000000000002,117.6860229593982,True,True,True,False,mantido
354,147.0,298.0,92.0,95.73000000000002,116.93160394008115,True,True,True,False,mantido
355,148.0,299.0,91.0,94.73000000000002,115.52056094046635,True,True,True,False,mantido
356,148.0,300.0,90.0,93.73000000000002,114.76933388322858,True,True,True,False,mantido
357,149.0,301.0,89.0,92.73000000000002,113.35784048754634,True,True,True,False,mantido
358,149.0,302.0,88.0,91.73000000000002,112.60994627474076,True,True,True,False,mantido
359,150.0,303.0,87.0,90.73000000000002,111.19802156513397,True,True,True,False,mantido
360,150.0,304.0,86.0,89.73000000000002,110.45361017187261,True,True,True,False,mantido
361,151.0,305.0,85.0,88.73000000000002,109.04127658827184,True,True,True,False,mantido
362,151.0,306.0,84.0,87.73000000000002,108.30050784737807,True,True,True,False,mantido
363,152.0,307.0,83.0,86.73000000000002,106.88779163215975,True,True,True,False,mantido
364,152.0,308.0,82.0,85.73000000000002,106.15083607772479,True,True,True,False,mantido
365,153.0,309.0,81.0,84.73000000000002,104.7377677822093,True,True,True,False,mantido
366,153.0,310.0,80.0,83.73000000000002,104.00480758118829,True,True,True,False,mantido
367,154.0,311.0,79.0,82.73000000000002,102.59142264341595,True,True,True,False,mantido
368,154.0,312.0,78.0,81.73000000000002,101.86265262597475,True,True,True,False,mantido
369,155.0,313.0,77.0,80.73000000000002,100.44899203078147,True,True,True,False,mantido
370,155.0,314.0,76.0,79.73000000000002,99.72462083156798,True,True,True,False,mantido
371,156.0,315.0,75.0,78.73000000000002,98.3107318658548,True,True,True,False,mantido
372,157.0,316.0,74.0,77.73000000000002,96.89685237405806,True,True,True,False,mantido
373,157.0,317.0,73.0,76.73000000000002,96.17692030835673,True,True,True,False,mantido
374,158.0,318.0,72.0,75.73000000000002,94.76286192385707,True,True,True,False,mantido
375,158.0,319.0,71.0,74.73000000000002,94.04786015641186,True,True,True,False,mantido
376,159.0,320.0,70.0,73.73000000000002,92.63368717696602,True,True,True,False,mantido
377,160.0,321.0,69.0,72.73000000000002,91.21951545584969,True,True,True,False,mantido
378,160.0,322.0,68.0,71.73000000000002,90.50966799187809,True,True,True,False,mantido
379,161.0,323.0,67.0,70.73000000000002,89.09545442950498,True,True,True,False,mantido
380,161.0,324.0,66.0,69.73000000000002,88.3911760301898,True,True,True,False,mantido
381,162.0,325.0,65.0,68.73000000000002,86.97700845625813,True,True,True,False,mantido
382,163.0,326.0,64.0,67.73000000000002,85.56284240252891,True,True,True,False,mantido
383,163.0,327.0,63.0,66.73000000000002,84.86459803710851,True,True,True,False,mantido
384,164.0,328.0,62.0,65.73000000000002,83.45058418010026,True,True,True,False,mantido
385,165.0,329.0,61.0,64.73000000000002,82.03657720797473,True,True,True,False,mantido
386,165.0,330.0,60.0,63.73000000000002,81.34494452638098,True,True,True,False,mantido
387,166.0,331.0,59.0,62.73000000000002,79.93122043357026,True,True,True,False,mantido
388,167.0,332.0,58.0,61.73000000000002,78.5175139698144,True,True,True,False,mantido
389,167.0,333.0,57.0,60.73000000000002,77.83315488916018,True,True,True,False,mantido
390,168.0,334.0,56.0,59.73000000000002,76.4198926981712,True,True,True,False,mantido
391,169.0,335.0,55.0,58.73000000000002,75.0066663703967,True,True,True,False,mantido
392,170.0,336.0,54.0,57.73000000000002,73.59347797189639,True,True,True,False,mantido
393,170.0,337.0,53.0,56.73000000000002,72.91776189653656,True,True,True,False,mantido
394,171.0,338.0,52.0,55.73000000000002,71.50524456289902,True,True,True,False,mantido
395,172.0,339.0,51.0,54.73000000000002,70.09279563550022,True,True,True,False,mantido
396,173.0,340.0,50.0,53.73000000000002,68.6804193347711,True,True,True,False,mantido
397,173.0,341.0,49.0,52.73000000000002,68.01470429252781,True,True,True,False,mantido
398,174.0,342.0,48.0,51.73000000000002,66.60330322138685,True,True,True,False,mantido
399,175.0,343.0,47.0,50.73000000000002,65.19202405202648,True,True,True,False,mantido
400,176.0,344.0,46.0,49.73000000000002,63.7808748764079,True,True,True,False,mantido
401,177.0,345.0,45.0,48.73000000000002,62.369864518050704,True,True,True,False,mantido
402,177.0,346.0,44.0,47.73000000000002,61.71709649683789,True,True,True,False,mantido
403,178.0,347.0,43.0,46.73000000000002,60.30754513325841,True,True,True,False,mantido
404,179.0,348.0,42.0,45.73000000000002,58.89821729050889,True,True,True,False,mantido
405,180.0,349.0,41.0,44.73000000000002,57.48912940721924,True,True,True,False,mantido
406,181.0,350.0,40.0,43.73000000000002,56.08029957123981,True,True,True,False,mantido
407,182.0,351.0,39.0,42.73000000000002,54.67174773134658,True,True,True,False,mantido
408,183.0,352.0,38.0,41.73000000000002,53.2634959423431,True,True,True,False,mantido
409,184.0,353.0,37.0,40.73000000000002,51.85556864985669,True,True,True,False,mantido
410,185.0,354.0,36.0,39.73000000000002,50.44799302251776,True,True,True,False,mantido
411,186.0,355.0,35.0,38.73000000000002,49.040799340956916,True,True,True,False,mantido
412,186.0,356.0,34.0,37.73000000000002,48.41487374764082,True,True,True,False,mantido
413,187.0,357.0,33.0,36.73000000000002,47.01063709417264,True,True,True,False,mantido
414,188.0,358.0,32.0,35.73000000000002,45.60701700396552,True,True,True,False,mantido
415,189.0,359.0,31.0,34.73000000000002,44.204072210600685,True,True,True,False,mantido
416,190.0,360.0,30.0,33.73000000000002,42.80186911806539,True,True,True,False,mantido
417,191.0,361.0,29.0,32.73000000000002,41.400483088968905,True,True,True,False,mantido
418,192.0,361.0,29.0,32.73000000000002,40.607881008493905,True,True,True,False,mantido
419,193.0,362.0,28.0,31.730000000000018,39.20459156782532,True,True,True,False,mantido
420,194.0,363.0,27.0,30.730000000000018,37.8021163428716,True,True,True,False,mantido
421,195.0,364.0,26.0,29.730000000000018,36.40054944640259,True,True,True,False,mantido
422,196.0,365.0,25.0,28.730000000000018,35.0,True,True,True,False,mantido
423,197.0,366.0,24.0,27.730000000000018,33.60059523282288,True,True,True,False,mantido
424,198.0,367.0,23.0,26.730000000000018,32.202484376209235,True,True,True,False,mantido
425,199.0,368.0,22.0,25.730000000000018,30.805843601498726,True,True,True,False,mantido
426,200.0,369.0,21.0,24.730000000000018,29.410882339705484,True,True,True,False,mantido
427,201.0,370.0,20.0,23.730000000000018,28.0178514522438,True,True,True,False,mantido
428,202.0,371.0,19.0,22.730000000000018,26.627053911388696,True,True,True,False,mantido
429,203.0,372.0,18.0,21.730000000000018,25.238858928247925,True,True,True,False,mantido
430,204.0,372.0,18.0,21.730000000000018,24.413111231467404,True,True,True,False,mantido
431,205.0,373.0,17.0,20.730000000000018,23.021728866442675,True,True,True,False,mantido
432,206.0,374.0,16.0,19.730000000000018,21.633307652783937,True,True,True,False,mantido
433,207.0,375.0,15.0,18.730000000000018,20.248456731316587,True,True,True,False,mantido
434,208.0,375.0,15.0,18.730000000000018,19.4164878389476,True,True,True,False,mantido
435,209.0,376.0,14.0,17.730000000000018,18.027756377319946,True,True,True,False,mantido
436,210.0,377.0,13.0,16.730000000000018,16.64331697709324,True,True,True,False,mantido
437,211.0,378.0,12.0,15.730000000000018,15.264337522473747,True,True,True,False,mantido
438,212.0,378.0,12.0,15.730000000000018,14.422205101855956,True,True,True,False,mantido
439,213.0,379.0,11.0,14.730000000000018,13.038404810405298,True,True,True,False,mantido
440,214.0,380.0,10.0,13.730000000000018,11.661903789690601,True,True,True,False,mantido
441,215.0,381.0,9.0,12.730000000000018,10.295630140987,True,True,True,False,mantido
442,216.0,381.0,9.0,12.730000000000018,9.433981132056603,True,True,True,False,mantido
443,217.0,382.0,8.0,11.730000000000018,8.06225774829855,True,True,True,False,mantido
444,218.0,383.0,7.0,10.730000000000018,6.708203932499369,True,True,True,False,mantido
445,219.0,384.0,6.0,9.730000000000018,5.385164807134504,True,True,True,False,mantido
446,220.0,384.0,6.0,9.730000000000018,4.47213595499958,True,True,True,False,mantido
447,221.0,385.0,5.0,8.730000000000018,3.1622776601683795,True,True,True,False,mantido
448,222.0,386.0,4.0,7.730000000000018,2.0,True,True,True,False,mantido
449,223.0,386.0,4.0,7.730000000000018,1.0,True,True,True,False,mantido
450,224.0,386.0,4.0,7.730000000000018,0.0,True,True,True,False,mantido
451,225.0,386.0,4.0,7.730000000000018,1.0,True,True,True,False,mantido
452,226.0,386.0,4.0,7.730000000000018,2.0,True,True,True,False,mantido
453,227.0,386.0,4.0,7.730000000000018,3.0,True,True,True,False,mantido
454,228.0,386.0,4.0,7.730000000000018,4.0,True,True,True,False,mantido
455,229.0,386.0,4.0,7.730000000000018,5.0,True,True,True,False,mantido
456,230.0,386.0,4.0,7.730000000000018,6.0,True,True,True,False,mantido
457,231.0,386.0,4.0,7.730000000000018,7.0,True,True,True,False,mantido
458,232.0,386.0,4.0,7.730000000000018,8.0,True,True,True,False,mantido
459,233.0,386.0,4.0,7.730000000000018,9.0,True,True,True,False,mantido
460,234.0,386.0,4.0,7.730000000000018,10.0,True,True,True,False,mantido
461,235.0,386.0,4.0,7.730000000000018,11.0,True,True,True,False,mantido
462,236.0,386.0,4.0,7.730000000000018,12.0,True,True,True,False,mantido
463,237.0,386.0,4.0,7.730000000000018,13.0,True,True,True,False,mantido
464,238.0,386.0,4.0,7.730000000000018,14.0,True,True,True,False,mantido
465,239.0,386.0,4.0,7.730000000000018,15.0,True,True,True,False,mantido
466,240.0,386.0,4.0,7.730000000000018,16.0,True,True,True,False,mantido
467,241.0,386.0,4.0,7.730000000000018,17.0,True,True,True,False,mantido
468,242.0,386.0,4.0,7.730000000000018,18.0,True,True,True,False,mantido
469,243.0,386.0,4.0,7.730000000000018,19.0,True,True,True,False,mantido
470,244.0,386.0,4.0,7.730000000000018,20.0,True,True,True,False,mantido
471,245.0,386.0,4.0,7.730000000000018,21.0,True,True,True,False,mantido
472,246.0,386.0,4.0,7.730000000000018,22.0,True,True,True,False,mantido
473,247.0,386.0,4.0,7.730000000000018,23.0,True,True,True,False,mantido
474,248.0,386.0,4.0,7.730000000000018,24.0,True,True,True,False,mantido
475,249.0,386.0,4.0,7.730000000000018,25.0,True,True,True,False,mantido
476,250.0,386.0,4.0,7.730000000000018,26.0,True,True,True,False,mantido
477,251.0,386.0,4.0,7.730000000000018,27.0,True,True,True,False,mantido
478,252.0,386.0,4.0,7.730000000000018,28.0,True,True,True,False,mantido
479,253.0,386.0,4.0,7.730000000000018,29.0,True,True,True,False,mantido
480,254.0,386.0,4.0,7.730000000000018,30.0,True,True,True,False,mantido
481,255.0,386.0,4.0,7.730000000000018,31.0,True,True,True,False,mantido
482,256.0,386.0,4.0,7.730000000000018,32.0,True,True,True,False,mantido
483,257.0,386.0,4.0,7.730000000000018,33.0,True,True,True,False,mantido
484,258.0,386.0,4.0,7.730000000000018,34.0,True,True,True,False,mantido
485,259.0,386.0,4.0,7.730000000000018,35.0,True,True,True,False,mantido
486,260.0,386.0,4.0,7.730000000000018,36.0,True,True,True,False,mantido
487,261.0,386.0,4.0,7.730000000000018,37.0,True,True,True,False,mantido
488,262.0,386.0,4.0,7.730000000000018,38.0,True,True,True,False,mantido
489,263.0,386.0,4.0,7.730000000000018,39.0,True,True,True,False,mantido
490,264.0,386.0,4.0,7.730000000000018,40.0,True,True,True,False,mantido
491,265.0,386.0,4.0,7.730000000000018,41.0,True,True,True,False,mantido
492,266.0,386.0,4.0,7.730000000000018,42.0,True,True,True,False,mantido
493,267.0,386.0,4.0,7.730000000000018,43.0,True,True,True,False,mantido
494,268.0,386.0,4.0,7.730000000000018,44.0,True,True,True,False,mantido
495,269.0,386.0,4.0,7.730000000000018,45.0,True,True,True,False,mantido
496,270.0,386.0,4.0,7.730000000000018,46.0,True,True,True,False,mantido
497,271.0,386.0,4.0,7.730000000000018,47.0,True,True,True,False,mantido
498,272.0,386.0,4.0,7.730000000000018,48.0,True,True,True,False,mantido
499,273.0,386.0,4.0,7.730000000000018,49.0,True,True,True,False,mantido
500,274.0,386.0,4.0,7.730000000000018,50.0,True,True,True,False,mantido
501,275.0,386.0,4.0,7.730000000000018,51.0,True,True,True,False,mantido
502,276.0,386.0,4.0,7.730000000000018,52.0,True,True,True,False,mantido
503,277.0,386.0,4.0,7.730000000000018,53.0,True,True,True,False,mantido
504,278.0,386.0,4.0,7.730000000000018,54.0,True,True,True,False,mantido
505,279.0,386.0,4.0,7.730000000000018,55.0,True,True,True,False,mantido
506,280.0,386.0,4.0,7.730000000000018,56.0,True,True,True,False,mantido
507,281.0,386.0,4.0,7.730000000000018,57.0,True,True,True,False,mantido
508,282.0,386.0,4.0,7.730000000000018,58.0,True,True,True,False,mantido
509,283.0,386.0,4.0,7.730000000000018,59.0,True,True,True,False,mantido
510,284.0,386.0,4.0,7.730000000000018,60.0,True,True,True,False,mantido
511,285.0,386.0,4.0,7.730000000000018,61.0,True,True,True,False,mantido
512,286.0,386.0,4.0,7.730000000000018,62.0,True,True,True,False,mantido
513,287.0,386.0,4.0,7.730000000000018,63.0,True,True,True,False,mantido
514,288.0,386.0,4.0,7.730000000000018,64.0,True,True,True,False,mantido
515,289.0,386.0,4.0,7.730000000000018,65.0,True,True,True,False,mantido
516,290.0,386.0,4.0,7.730000000000018,66.0,True,True,True,False,mantido
517,291.0,386.0,4.0,7.730000000000018,67.0,True,True,True,False,mantido
518,292.0,386.0,4.0,7.730000000000018,68.0,True,True,True,False,mantido
519,293.0,386.0,4.0,7.730000000000018,69.0,True,True,True,False,mantido
520,294.0,386.0,4.0,7.730000000000018,70.0,True,True,True,False,mantido
521,295.0,386.0,4.0,7.730000000000018,71.0,True,True,True,False,mantido
522,296.0,386.0,4.0,7.730000000000018,72.0,True,True,True,False,mantido
523,297.0,386.0,4.0,7.730000000000018,73.0,True,True,True,False,mantido
524,298.0,386.0,4.0,7.730000000000018,74.0,True,True,True,False,mantido
525,299.0,386.0,4.0,7.730000000000018,75.0,True,True,True,False,mantido
526,300.0,386.0,4.0,7.730000000000018,76.0,True,True,True,False,mantido
527,301.0,386.0,4.0,7.730000000000018,77.0,True,True,True,False,mantido
528,302.0,386.0,4.0,7.730000000000018,78.0,True,True,True,False,mantido
529,303.0,386.0,4.0,7.730000000000018,79.0,True,True,True,False,mantido
530,304.0,386.0,4.0,7.730000000000018,80.0,True,True,True,False,mantido
531,305.0,386.0,4.0,7.730000000000018,81.0,True,True,True,False,mantido
532,306.0,386.0,4.0,7.730000000000018,82.0,True,True,True,False,mantido
533,307.0,386.0,4.0,7.730000000000018,83.0,True,True,True,False,mantido
534,308.0,386.0,4.0,7.730000000000018,84.0,True,True,True,False,mantido
535,309.0,386.0,4.0,7.730000000000018,85.0,True,True,True,False,mantido
536,310.0,386.0,4.0,7.730000000000018,86.0,True,True,True,False,mantido
537,311.0,386.0,4.0,7.730000000000018,87.0,True,True,True,False,mantido
538,312.0,386.0,4.0,7.730000000000018,88.0,True,True,True,False,mantido
539,313.0,386.0,4.0,7.730000000000018,89.0,True,True,True,False,mantido
540,314.0,386.0,4.0,7.730000000000018,90.0,True,True,True,False,mantido
541,315.0,386.0,4.0,7.730000000000018,91.0,True,True,True,False,mantido
542,316.0,386.0,4.0,7.730000000000018,92.0,True,True,True,False,mantido
543,317.0,386.0,4.0,7.730000000000018,93.0,True,True,True,False,mantido
544,318.0,386.0,4.0,7.730000000000018,94.0,True,True,True,False,mantido
545,319.0,386.0,4.0,7.730000000000018,95.0,True,True,True,False,mantido
546,320.0,386.0,4.0,7.730000000000018,96.0,True,True,True,False,mantido
547,321.0,386.0,4.0,7.730000000000018,97.0,True,True,True,False,mantido
548,322.0,386.0,4.0,7.730000000000018,98.0,True,True,True,False,mantido
549,323.0,386.0,4.0,7.730000000000018,99.0,True,True,True,False,mantido
550,324.0,386.0,4.0,7.730000000000018,100.0,True,True,True,False,mantido
551,325.0,386.0,4.0,7.730000000000018,101.0,True,True,True,False,mantido
552,326.0,386.0,4.0,7.730000000000018,102.0,True,True,True,False,mantido
553,327.0,386.0,4.0,7.730000000000018,103.0,True,True,True,False,mantido
554,328.0,386.0,4.0,7.730000000000018,104.0,True,True,True,False,mantido
555,329.0,386.0,4.0,7.730000000000018,105.0,True,True,True,False,mantido
556,330.0,386.0,4.0,7.730000000000018,106.0,True,True,True,False,mantido
557,331.0,386.0,4.0,7.730000000000018,107.0,True,True,True,False,mantido
558,332.0,386.0,4.0,7.730000000000018,108.0,True,True,True,False,mantido
559,333.0,386.0,4.0,7.730000000000018,109.0,False,True,False,True,lado_errado
560,334.0,386.0,4.0,7.730000000000018,110.0,False,True,False,True,lado_errado
561,335.0,386.0,4.0,7.730000000000018,111.0,False,True,False,True,lado_errado
562,336.0,386.0,4.0,7.730000000000018,112.0,False,True,False,True,lado_errado
563,337.0,386.0,4.0,7.730000000000018,113.0,False,True,False,True,lado_errado
564,338.0,386.0,4.0,7.730000000000018,114.0,False,True,False,True,lado_errado
565,339.0,386.0,4.0,7.730000000000018,115.0,False,True,False,True,lado_errado
566,340.0,386.0,4.0,7.730000000000018,116.0,False,True,False,True,lado_errado
567,341.0,386.0,4.0,7.730000000000018,117.0,False,True,False,True,lado_errado
568,342.0,386.0,4.0,7.730000000000018,118.0,False,True,False,True,lado_errado
569,343.0,386.0,4.0,7.730000000000018,119.0,False,True,False,True,lado_errado
570,344.0,386.0,4.0,7.730000000000018,120.0,False,True,False,True,lado_errado
571,345.0,386.0,4.0,7.730000000000018,121.0,False,True,False,True,lado_errado
572,346.0,386.0,4.0,7.730000000000018,122.0,False,True,False,True,lado_errado
573,347.0,386.0,4.0,7.730000000000018,123.0,False,True,False,True,lado_errado
574,348.0,386.0,4.0,7.730000000000018,124.0,False,True,False,True,lado_errado
575,349.0,386.0,4.0,7.730000000000018,125.0,False,True,False,True,lado_errado
576,350.0,386.0,4.0,7.730000000000018,126.0,False,True,False,True,lado_errado
577,351.0,386.0,4.0,7.730000000000018,127.0,False,True,False,True,lado_errado
578,352.0,386.0,4.0,7.730000000000018,128.0,False,True,False,True,lado_errado
579,353.0,386.0,4.0,7.730000000000018,129.0,False,True,False,True,lado_errado
580,354.0,386.0,4.0,7.730000000000018,130.0,False,True,False,True,lado_errado
581,355.0,386.0,4.0,7.730000000000018,131.0,False,True,False,True,lado_errado
582,356.0,386.0,4.0,7.730000000000018,132.0,False,True,False,True,lado_errado
583,357.0,386.0,4.0,7.730000000000018,133.0,False,True,False,True,lado_errado
584,358.0,386.0,4.0,7.730000000000018,134.0,False,True,False,True,lado_errado
585,359.0,386.0,4.0,7.730000000000018,135.0,False,True,False,True,lado_errado
586,360.0,386.0,4.0,7.730000000000018,136.0,False,True,False,True,lado_errado
587,361.0,386.0,4.0,7.730000000000018,137.0,False,True,False,True,lado_errado
588,362.0,386.0,4.0,7.730000000000018,138.0,False,True,False,True,lado_errado
589,363.0,386.0,4.0,7.730000000000018,139.0,False,True,False,True,lado_errado
590,364.0,386.0,4.0,7.730000000000018,140.0,False,True,False,True,lado_errado
591,365.0,386.0,4.0,7.730000000000018,141.0,False,True,False,True,lado_errado
592,366.0,386.0,4.0,7.730000000000018,142.0,False,True,False,True,lado_errado
593,367.0,386.0,4.0,7.730000000000018,143.0,False,True,False,True,lado_errado
594,368.0,386.0,4.0,7.730000000000018,144.0,False,True,False,True,lado_errado
595,369.0,386.0,4.0,7.730000000000018,145.0,False,True,False,True,lado_errado
596,370.0,386.0,4.0,7.730000000000018,146.0,False,True,False,True,lado_errado
597,371.0,386.0,4.0,7.730000000000018,147.0,False,True,False,True,lado_errado
598,372.0,386.0,4.0,7.730000000000018,148.0,False,True,False,True,lado_errado
599,373.0,386.0,4.0,7.730000000000018,149.0,False,True,False,True,lado_errado
600,374.0,386.0,4.0,7.730000000000018,150.0,False,True,False,True,lado_errado
601,375.0,386.0,4.0,7.730000000000018,151.0,False,True,False,True,lado_errado
602,376.0,386.0,4.0,7.730000000000018,152.0,False,True,False,True,lado_errado
603,377.0,386.0,4.0,7.730000000000018,153.0,False,True,False,True,lado_errado
604,378.0,386.0,4.0,7.730000000000018,154.0,False,True,False,True,lado_errado
605,379.0,386.0,4.0,7.730000000000018,155.0,False,True,False,True,lado_errado
606,380.0,386.0,4.0,7.730000000000018,156.0,False,True,False,True,lado_errado
607,381.0,386.0,4.0,7.730000000000018,157.0,False,True,False,True,lado_errado
608,382.0,386.0,4.0,7.730000000000018,158.0,False,True,False,True,lado_errado
609,383.0,386.0,4.0,7.730000000000018,159.0,False,True,False,True,lado_errado
610,384.0,386.0,4.0,7.730000000000018,160.0,False,True,False,True,lado_errado
611,385.0,386.0,4.0,7.730000000000018,161.0,False,True,False,True,lado_errado
612,386.0,386.0,4.0,7.730000000000018,162.0,False,True,False,True,lado_errado
613,387.0,386.0,4.0,7.730000000000018,163.0,False,True,False,True,lado_errado
614,388.0,386.0,4.0,7.730000000000018,164.0,False,True,False,True,lado_errado
615,389.0,386.0,4.0,7.730000000000018,165.0,False,True,False,True,lado_errado
616,390.0,386.0,4.0,7.730000000000018,166.0,False,True,False,True,lado_errado
617,391.0,386.0,4.0,7.730000000000018,167.0,False,True,False,True,lado_errado
618,392.0,386.0,4.0,7.730000000000018,168.0,False,True,False,True,lado_errado
619,393.0,386.0,4.0,7.730000000000018,169.0,False,True,False,True,lado_errado
620,394.0,386.0,4.0,7.730000000000018,170.0,False,True,False,True,lado_errado
621,395.0,386.0,4.0,7.730000000000018,171.0,False,True,False,True,lado_errado
622,396.0,386.0,4.0,7.730000000000018,172.0,False,True,False,True,lado_errado
623,397.0,386.0,4.0,7.730000000000018,173.0,False,True,False,True,lado_errado
624,398.0,386.0,4.0,7.730000000000018,174.0,False,True,False,True,lado_errado
625,399.0,386.0,4.0,7.730000000000018,175.0,False,True,False,True,lado_errado
626,400.0,386.0,4.0,7.730000000000018,176.0,False,True,False,True,lado_errado
627,401.0,386.0,4.0,7.730000000000018,177.0,False,True,False,True,lado_errado
628,402.0,386.0,4.0,7.730000000000018,178.0,False,True,False,True,lado_errado
629,403.0,386.0,4.0,7.730000000000018,179.0,False,True,False,True,lado_errado
630,404.0,386.0,4.0,7.730000000000018,180.0,False,True,False,True,lado_errado
631,405.0,386.0,4.0,7.730000000000018,181.0,False,True,False,True,lado_errado
632,406.0,386.0,4.0,7.730000000000018,182.0,False,True,False,True,lado_errado
633,407.0,386.0,4.0,7.730000000000018,183.0,False,True,False,True,lado_errado
634,408.0,386.0,4.0,7.730000000000018,184.0,False,True,False,True,lado_errado
635,409.0,386.0,4.0,7.730000000000018,185.0,False,True,False,True,lado_errado
636,410.0,386.0,4.0,7.730000000000018,186.0,False,True,False,True,lado_errado
637,411.0,386.0,4.0,7.730000000000018,187.0,False,True,False,True,lado_errado
638,412.0,386.0,4.0,7.730000000000018,188.0,False,True,False,True,lado_errado
639,413.0,386.0,4.0,7.730000000000018,189.0,False,True,False,True,lado_errado
640,414.0,386.0,4.0,7.730000000000018,190.0,False,True,False,True,lado_errado
641,415.0,386.0,4.0,7.730000000000018,191.0,False,True,False,True,lado_errado
642,416.0,386.0,4.0,7.730000000000018,192.0,False,True,False,True,lado_errado
643,417.0,386.0,4.0,7.730000000000018,193.0,False,True,False,True,lado_errado
644,418.0,386.0,4.0,7.730000000000018,194.0,False,True,False,True,lado_errado
645,419.0,386.0,4.0,7.730000000000018,195.0,False,True,False,True,lado_errado
646,420.0,386.0,4.0,7.730000000000018,196.0,False,True,False,True,lado_errado
647,421.0,386.0,4.0,7.730000000000018,197.0,False,True,False,True,lado_errado
648,422.0,386.0,4.0,7.730000000000018,198.0,False,True,False,True,lado_errado
649,423.0,386.0,4.0,7.730000000000018,199.0,False,True,False,True,lado_errado
650,424.0,386.0,4.0,7.730000000000018,200.0,False,True,False,True,lado_errado
651,425.0,386.0,4.0,7.730000000000018,201.0,False,True,False,True,lado_errado
652,426.0,386.0,4.0,7.730000000000018,202.0,False,True,False,True,lado_errado
653,427.0,386.0,4.0,7.730000000000018,203.0,False,True,False,True,lado_errado
654,428.0,386.0,4.0,7.730000000000018,204.0,False,True,False,True,lado_errado
655,429.0,386.0,4.0,7.730000000000018,205.0,False,True,False,True,lado_errado
656,430.0,386.0,4.0,7.730000000000018,206.0,False,True,False,True,lado_errado
657,431.0,386.0,4.0,7.730000000000018,207.0,False,True,False,True,lado_errado
658,432.0,386.0,4.0,7.730000000000018,208.0,False,True,False,True,lado_errado
659,433.0,386.0,4.0,7.730000000000018,209.0,False,True,False,True,lado_errado
660,434.0,386.0,4.0,7.730000000000018,210.0,False,True,False,True,lado_errado
661,435.0,386.0,4.0,7.730000000000018,211.0,False,True,False,True,lado_errado
662,436.0,386.0,4.0,7.730000000000018,212.0,False,True,False,True,lado_errado
663,437.0,386.0,4.0,7.730000000000018,213.0,False,True,False,True,lado_errado
664,438.0,386.0,4.0,7.730000000000018,214.0,False,True,False,True,lado_errado
665,439.0,386.0,4.0,7.730000000000018,215.0,False,True,False,True,lado_errado
666,440.0,386.0,4.0,7.730000000000018,216.0,False,True,False,True,lado_errado
667,441.0,386.0,4.0,7.730000000000018,217.0,False,True,False,True,lado_errado
668,442.0,386.0,4.0,7.730000000000018,218.0,False,True,False,True,lado_errado
669,443.0,386.0,4.0,7.730000000000018,219.0,False,True,False,True,lado_errado
670,444.0,385.0,5.0,8.730000000000018,220.00227271553356,False,True,False,True,lado_errado
671,445.0,384.0,6.0,9.730000000000018,221.00904958847272,False,True,False,True,lado_errado
672,446.0,384.0,6.0,9.730000000000018,222.00900882621858,False,True,False,True,lado_errado
673,447.0,383.0,7.0,10.730000000000018,223.0201784592596,False,True,False,True,lado_errado
674,448.0,382.0,8.0,11.730000000000018,224.03571143904713,False,True,False,True,lado_errado
675,449.0,382.0,8.0,11.730000000000018,225.03555274667156,False,True,False,True,lado_errado
676,450.0,381.0,9.0,12.730000000000018,226.05530296810116,False,True,False,True,lado_errado
677,451.0,380.0,10.0,13.730000000000018,227.07928130941406,False,True,False,True,lado_errado
678,452.0,379.0,11.0,14.730000000000018,228.1074308302998,False,True,False,True,lado_errado
679,453.0,379.0,11.0,14.730000000000018,229.10696191953662,False,True,False,True,lado_errado
680,454.0,378.0,12.0,15.730000000000018,230.13908837917995,False,True,False,True,lado_errado
681,455.0,377.0,13.0,16.730000000000018,231.17525819170183,False,True,False,True,lado_errado
682,456.0,376.0,14.0,17.730000000000018,232.2154172315008,False,True,False,True,lado_errado
683,457.0,376.0,14.0,17.730000000000018,233.21449354617735,False,True,False,True,lado_errado
684,458.0,375.0,15.0,18.730000000000018,234.2584043316269,False,True,False,True,lado_errado
685,459.0,374.0,16.0,19.730000000000018,235.30618351416098,False,True,False,True,lado_errado
686,460.0,373.0,17.0,20.730000000000018,236.35777964771967,False,True,False,True,lado_errado
687,461.0,373.0,17.0,20.730000000000018,237.35627229968034,False,True,False,True,lado_errado
688,462.0,372.0,18.0,21.730000000000018,238.41140912296962,False,True,False,True,lado_errado
689,463.0,371.0,19.0,22.730000000000018,239.47024867402632,False,True,False,True,lado_errado
690,464.0,370.0,20.0,23.730000000000018,240.53274205396653,False,True,False,True,lado_errado
691,465.0,369.0,21.0,24.730000000000018,241.59884105682295,False,True,False,True,lado_errado
692,466.0,368.0,22.0,25.730000000000018,242.66849816158668,False,True,False,True,lado_errado
693,467.0,367.0,23.0,26.730000000000018,243.74166652421167,False,True,False,True,lado_errado
694,468.0,366.0,24.0,27.730000000000018,244.8182999695897,False,True,False,True,lado_errado
695,469.0,365.0,25.0,28.730000000000018,245.89835298350414,False,True,False,True,lado_errado
696,470.0,364.0,26.0,29.730000000000018,246.9817807045694,False,True,False,True,lado_errado
697,471.0,363.0,27.0,30.730000000000018,248.06853891616325,False,True,False,True,lado_errado
698,472.0,363.0,27.0,30.730000000000018,249.06424873915566,False,True,False,True,lado_errado
699,473.0,362.0,28.0,31.730000000000018,250.15395259719563,False,True,False,True,lado_errado
700,474.0,361.0,29.0,32.73000000000002,251.24689052802225,False,True,False,True,lado_errado
701,475.0,360.0,30.0,33.73000000000002,252.3430205097815,False,True,False,True,lado_errado
702,476.0,359.0,31.0,34.73000000000002,253.44230112591703,False,True,False,True,lado_errado
703,477.0,358.0,32.0,35.73000000000002,254.54469155729805,False,True,False,True,lado_errado
704,478.0,357.0,33.0,36.73000000000002,255.6501515743732,False,True,False,True,lado_errado
705,479.0,356.0,34.0,37.73000000000002,256.7586415293554,False,True,False,True,lado_errado
706,480.0,355.0,35.0,38.73000000000002,257.87012234844116,False,True,False,True,lado_errado
707,481.0,354.0,36.0,39.73000000000002,258.98455552406983,False,True,False,True,lado_errado
708,482.0,353.0,37.0,40.73000000000002,260.1019031072245,False,True,False,True,lado_errado
709,483.0,352.0,38.0,41.73000000000002,261.22212769977966,False,True,False,True,lado_errado
710,483.0,351.0,39.0,42.73000000000002,261.3541658363226,False,True,False,True,lado_errado
711,484.0,350.0,40.0,43.73000000000002,262.4804754643667,False,True,False,True,lado_errado
712,485.0,349.0,41.0,44.73000000000002,263.60955976595386,False,True,False,True,lado_errado
713,486.0,348.0,42.0,45.73000000000002,264.7413832403238,False,True,False,True,lado_errado
714,487.0,347.0,43.0,46.73000000000002,265.8759109058209,False,True,False,True,lado_errado
715,488.0,346.0,44.0,47.73000000000002,267.0131082924582,False,True,False,True,lado_errado
716,489.0,345.0,45.0,48.73000000000002,268.15294143454776,False,True,False,True,lado_errado
717,490.0,344.0,46.0,49.73000000000002,269.2953768633988,False,True,False,True,lado_errado
718,490.0,343.0,47.0,50.73000000000002,269.45314991664134,False,True,False,True,lado_errado
719,491.0,342.0,48.0,51.73000000000002,270.60118255469615,False,True,False,True,lado_errado
720,492.0,341.0,49.0,52.73000000000002,271.7517249255283,False,True,False,True,lado_errado
721,493.0,340.0,50.0,53.73000000000002,272.90474528670256,False,True,False,True,lado_errado
722,493.0,339.0,51.0,54.73000000000002,273.0750812505601,False,True,False,True,lado_errado
723,494.0,338.0,52.0,55.73000000000002,274.2334771686345,False,True,False,True,lado_errado
724,495.0,337.0,53.0,56.73000000000002,275.3942628305826,False,True,False,True,lado_errado
725,496.0,336.0,54.0,57.73000000000002,276.55740814521675,False,True,False,True,lado_errado
726,496.0,335.0,55.0,58.73000000000002,276.739950133695,False,True,False,True,lado_errado
727,497.0,334.0,56.0,59.73000000000002,277.90825824361536,False,True,False,True,lado_errado
728,498.0,333.0,57.0,60.73000000000002,279.0788419067271,False,True,False,True,lado_errado
729,499.0,332.0,58.0,61.73000000000002,280.25167260874645,False,True,False,True,lado_errado
730,499.0,331.0,59.0,62.73000000000002,280.4460732476032,False,True,False,True,lado_errado
731,500.0,330.0,60.0,63.73000000000002,281.62386262531095,False,True,False,True,lado_errado
732,501.0,329.0,61.0,64.73000000000002,282.80381892753854,False,True,False,True,lado_errado
733,501.0,328.0,62.0,65.73000000000002,283.0070670495703,False,True,False,True,lado_errado
734,502.0,327.0,63.0,66.73000000000002,284.1918366174511,False,True,False,True,lado_errado
735,503.0,326.0,64.0,67.73000000000002,285.3786957710754,False,True,False,True,lado_errado
736,503.0,325.0,65.0,68.73000000000002,285.5906160923359,False,True,False,True,lado_errado
737,504.0,324.0,66.0,69.73000000000002,286.7821472825671,False,True,False,True,lado_errado
738,504.0,323.0,67.0,70.73000000000002,287.0,False,True,False,True,lado_errado
739,505.0,322.0,68.0,71.73000000000002,288.19611378365255,False,True,False,True,lado_errado
740,506.0,321.0,69.0,72.73000000000002,289.394194827747,False,True,False,True,lado_errado
741,506.0,320.0,70.0,73.73000000000002,289.6204412675321,False,True,False,True,lado_errado
742,507.0,319.0,71.0,74.73000000000002,290.82297020696285,False,True,False,True,lado_errado
743,507.0,318.0,72.0,75.73000000000002,291.0549776245031,False,True,False,True,lado_errado
744,508.0,317.0,73.0,76.73000000000002,292.2618688778952,False,True,False,True,lado_errado
745,509.0,316.0,74.0,77.73000000000002,293.47061181658376,False,True,False,True,lado_errado
746,509.0,315.0,75.0,78.73000000000002,293.71074205755565,False,True,False,True,lado_errado
747,510.0,314.0,76.0,79.73000000000002,294.92371895118913,False,True,False,True,lado_errado
748,510.0,313.0,77.0,80.73000000000002,295.16944286290885,False,True,False,True,lado_errado
749,511.0,312.0,78.0,81.73000000000002,296.3865718955567,False,True,False,True,lado_errado
750,511.0,311.0,79.0,82.73000000000002,296.63782631350307,False,True,False,True,lado_errado
751,512.0,310.0,80.0,83.73000000000002,297.85902705810344,False,True,False,True,lado_errado
752,512.0,309.0,81.0,84.73000000000002,298.1157493323692,False,True,False,True,lado_errado
753,513.0,308.0,82.0,85.73000000000002,299.3409427392117,False,True,False,True,lado_errado
754,513.0,307.0,83.0,86.73000000000002,299.60307074527793,False,True,False,True,lado_errado
755,514.0,306.0,84.0,87.73000000000002,300.83217912982644,False,True,False,True,lado_errado
756,514.0,305.0,85.0,88.73000000000002,301.09965127844305,False,True,False,True,lado_errado
757,515.0,304.0,86.0,89.73000000000002,302.33259830855155,False,True,False,True,lado_errado
758,515.0,303.0,87.0,90.73000000000002,302.60535355475787,False,True,False,True,lado_errado
759,516.0,302.0,88.0,91.73000000000002,303.84206423732707,False,True,False,True,lado_errado
760,516.0,301.0,89.0,92.73000000000002,304.1200420886463,False,True,False,True,lado_errado
761,517.0,300.0,90.0,93.73000000000002,305.3604427557702,False,True,False,True,lado_errado
762,517.0,299.0,91.0,94.73000000000002,305.6435832796102,False,True,False,True,lado_errado
763,518.0,298.0,92.0,95.73000000000002,306.88760157425713,False,True,False,True,lado_errado
764,518.0,297.0,93.0,96.73000000000002,307.17584540455,False,True,False,True,lado_errado
765,519.0,296.0,94.0,97.73000000000002,308.4234102658227,False,True,False,True,lado_errado
766,519.0,295.0,95.0,98.73000000000002,308.71669860893496,False,True,False,True,lado_errado
767,520.0,294.0,96.0,99.73000000000002,309.96774025695,False,True,False,True,lado_errado
768,520.0,293.0,97.0,100.73000000000002,310.26601489689455,False,True,False,True,lado_errado
769,521.0,292.0,98.0,101.73000000000002,311.52046481732145,False,True,False,True,lado_errado
770,521.0,291.0,99.0,102.73000000000002,311.8236681203016,False,True,False,True,lado_errado
771,521.0,290.0,100.0,103.73000000000002,312.1297807002722,False,True,False,True,lado_errado
772,522.0,289.0,101.0,104.73000000000002,313.3895339669147,False,True,False,True,lado_errado
773,522.0,288.0,102.0,105.73000000000002,313.7004941022567,False,True,False,True,lado_errado
774,522.0,287.0,103.0,106.73000000000002,314.0143308831621,False,True,False,True,lado_errado
775,523.0,286.0,104.0,107.73000000000002,315.2792413083995,False,True,False,True,lado_errado
776,523.0,285.0,105.0,108.73000000000002,315.59784536653603,False,True,False,True,lado_errado
777,524.0,284.0,106.0,109.73000000000002,316.86590223626143,False,True,False,True,lado_errado
778,524.0,283.0,107.0,110.73000000000002,317.18921797564303,False,True,False,True,lado_errado
779,524.0,282.0,108.0,111.73000000000002,317.51535395945814,False,True,False,True,lado_errado
780,525.0,281.0,109.0,112.73000000000002,318.7883310285996,False,True,False,True,lado_errado
781,525.0,280.0,110.0,113.73000000000002,319.1191000237999,False,True,False,True,lado_errado
782,525.0,279.0,111.0,114.73000000000002,319.4526568992658,False,True,False,True,lado_errado
783,526.0,278.0,112.0,115.73000000000002,320.7304163935812,False,True,False,True,lado_errado
784,526.0,277.0,113.0,116.73000000000002,321.06852851065923,False,True,False,True,lado_errado
785,526.0,276.0,114.0,117.73000000000002,321.40939625343873,False,True,False,True,lado_errado
786,526.0,275.0,115.0,118.73000000000002,321.7530108639234,False,True,False,True,lado_errado
787,527.0,274.0,116.0,119.73000000000002,323.0371495664237,False,True,False,True,lado_errado
788,527.0,273.0,117.0,120.73000000000002,323.3852192045889,False,True,False,True,lado_errado
789,527.0,272.0,118.0,121.73000000000002,323.736003558455,False,True,False,True,lado_errado
790,528.0,271.0,119.0,122.73000000000002,325.0246144525057,False,True,False,True,lado_errado
791,528.0,270.0,120.0,123.73000000000002,325.37977810552394,False,True,False,True,lado_errado
792,528.0,269.0,121.0,124.73000000000002,325.7376244771242,False,True,False,True,lado_errado
793,528.0,268.0,122.0,125.73000000000002,326.0981447355995,False,True,False,True,lado_errado
794,529.0,267.0,123.0,126.73000000000002,327.39273052406037,False,True,False,True,lado_errado
795,529.0,266.0,124.0,127.73000000000002,327.75753233144775,False,True,False,True,lado_errado
796,529.0,265.0,125.0,128.73000000000002,328.1249761904753,False,True,False,True,lado_errado
797,529.0,264.0,126.0,129.73000000000002,328.49505323520475,False,True,False,True,lado_errado
798,530.0,263.0,127.0,130.73000000000002,329.7953911139451,False,True,False,True,lado_errado
799,530.0,262.0,128.0,131.73000000000002,330.16965336020814,False,True,False,True,lado_errado
800,530.0,261.0,129.0,132.73000000000002,330.5465171500072,False,True,False,True,lado_errado
801,530.0,260.0,130.0,133.73000000000002,330.92597359530424,False,True,False,True,lado_errado
802,530.0,259.0,131.0,134.73000000000002,331.30801378777426,False,True,False,True,lado_errado
803,531.0,258.0,132.0,135.73000000000002,332.6153935102824,False,True,False,True,lado_errado
804,531.0,257.0,133.0,136.73000000000002,333.0015014981164,False,True,False,True,lado_errado
805,531.0,256.0,134.0,137.73000000000002,333.3901618224509,False,True,False,True,lado_errado
806,531.0,255.0,135.0,138.73000000000002,333.7813655673426,False,True,False,True,lado_errado
807,532.0,254.0,136.0,139.73000000000002,335.094016658012,False,True,False,True,lado_errado
808,532.0,253.0,137.0,140.73000000000002,335.4891950570092,False,True,False,True,lado_errado
809,532.0,252.0,138.0,141.73000000000002,335.88688572196446,False,True,False,True,lado_errado
810,532.0,251.0,139.0,142.73000000000002,336.2870797399151,False,True,False,True,lado_errado
811,532.0,250.0,140.0,143.73000000000002,336.68976818430343,False,True,False,True,lado_errado
812,533.0,249.0,141.0,144.73000000000002,338.0088756231114,False,True,False,True,lado_errado
813,533.0,248.0,142.0,145.73000000000002,338.4154251803543,False,True,False,True,lado_errado
814,533.0,247.0,143.0,146.73000000000002,338.8244383157744,False,True,False,True,lado_errado
815,533.0,246.0,144.0,147.73000000000002,339.2359061184414,False,True,False,True,lado_errado
816,533.0,245.0,145.0,148.73000000000002,339.6498196672567,False,True,False,True,lado_errado
817,533.0,244.0,146.0,149.73000000000002,340.06617003165724,False,True,False,True,lado_errado
818,533.0,243.0,147.0,150.73000000000002,340.4849482723135,False,True,False,True,lado_errado
819,534.0,242.0,148.0,151.73000000000002,341.81281427120314,False,True,False,True,lado_errado
820,534.0,241.0,149.0,152.73000000000002,342.23529917295207,False,True,False,True,lado_errado
821,534.0,240.0,150.0,153.73000000000002,342.6601815209932,False,True,False,True,lado_errado
822,534.0,239.0,151.0,154.73000000000002,343.0874524082745,False,True,False,True,lado_errado
823,534.0,238.0,152.0,155.73000000000002,343.5171029221107,False,True,False,True,lado_errado
824,534.0,237.0,153.0,156.73000000000002,343.9491241448363,False,True,False,True,lado_errado
825,534.0,236.0,154.0,157.73000000000002,344.3835071544513,False,True,False,True,lado_errado
826,534.0,235.0,155.0,158.73000000000002,344.82024302526094,False,True,False,True,lado_errado
827,535.0,234.0,156.0,159.73000000000002,346.1574786134195,False,True,False,True,lado_errado
828,535.0,233.0,157.0,160.73000000000002,346.5977495599185,False,True,False,True,lado_errado
829,535.0,232.0,158.0,161.73000000000002,347.0403434760864,False,True,False,True,lado_errado
830,535.0,231.0,159.0,162.73000000000002,347.4852514855846,False,True,False,True,lado_errado
831,535.0,230.0,160.0,163.73000000000002,347.932464711185,False,True,False,True,lado_errado
832,535.0,229.0,161.0,164.73000000000002,348.38197427536346,False,True,False,True,lado_errado
833,535.0,228.0,162.0,165.73000000000002,348.8337713008877,False,True,False,True,lado_errado
834,535.0,227.0,163.0,166.73000000000002,349.2878469113977,False,True,False,True,lado_errado
835,535.0,226.0,164.0,167.73000000000002,349.74419223197975,False,True,False,True,lado_errado
836,535.0,225.0,165.0,168.73000000000002,350.202798389733,False,True,False,True,lado_errado
837,535.0,224.0,166.0,169.73000000000002,350.66365651433,False,True,False,True,lado_errado
838,535.0,223.0,167.0,170.73000000000002,351.1267577385694,False,True,False,True,lado_errado
839,535.0,222.0,168.0,171.73000000000002,351.5920931989228,False,True,False,True,lado_errado
840,535.0,221.0,169.0,172.73000000000002,352.0596540360738,False,True,False,True,lado_errado
841,535.0,220.0,170.0,173.73000000000002,352.529431395451,False,True,False,True,lado_errado
842,535.0,219.0,171.0,174.73000000000002,353.00141642775316,False,True,False,True,lado_errado
843,535.0,218.0,172.0,175.73000000000002,353.47560028946833,False,True,False,True,lado_errado
844,535.0,217.0,173.0,176.73000000000002,353.9519741433857,False,True,False,True,lado_errado
845,535.0,216.0,174.0,177.73000000000002,354.4305291591005,False,True,False,True,lado_errado
846,535.0,215.0,175.0,178.73000000000002,354.9112565135121,False,True,False,True,lado_errado
847,535.0,214.0,176.0,179.73000000000002,355.39414739131536,False,True,False,True,lado_errado
848,535.0,213.0,177.0,180.73000000000002,355.8791929854849,False,True,False,True,lado_errado
849,535.0,212.0,178.0,181.73000000000002,356.36638449775256,False,True,False,True,lado_errado
850,535.0,211.0,179.0,182.73000000000002,356.8557131390781,False,True,False,True,lado_errado
851,535.0,210.0,180.0,183.73000000000002,357.3471701301131,False,True,False,True,lado_errado
852,535.0,209.0,181.0,184.73000000000002,357.8407467016578,False,True,False,True,lado_errado
853,535.0,208.0,182.0,185.73000000000002,358.33643409511126,False,True,False,True,lado_errado
854,535.0,207.0,183.0,186.73000000000002,358.83422356291493,False,True,False,True,lado_errado
855,535.0,206.0,184.0,187.73000000000002,359.3341063689891,False,True,False,True,lado_errado
856,535.0,205.0,185.0,188.73000000000002,359.83607378916304,False,True,False,True,lado_errado
857,535.0,204.0,186.0,189.73000000000002,360.34011711159775,False,True,False,True,lado_errado
858,535.0,203.0,187.0,190.73000000000002,360.84622763720284,False,True,False,True,lado_errado
859,535.0,202.0,188.0,191.73000000000002,361.35439668004597,False,True,False,True,lado_errado
860,535.0,201.0,189.0,192.73000000000002,361.86461556775623,False,True,False,True,lado_errado
861,535.0,200.0,190.0,193.73000000000002,362.3768756419206,False,True,False,True,lado_errado
862,535.0,199.0,191.0,194.73000000000002,362.8911682584739,False,True,False,True,lado_errado
863,535.0,198.0,192.0,195.73000000000002,363.40748478808194,False,True,False,True,lado_errado
864,534.0,197.0,193.0,196.73000000000002,363.0716182793692,False,True,False,True,lado_errado
865,534.0,196.0,194.0,197.73000000000002,363.59317925395686,False,True,False,True,lado_errado
866,534.0,195.0,195.0,198.73000000000002,364.1167395218188,False,True,False,True,lado_errado
867,534.0,194.0,196.0,199.73000000000002,364.6422904710862,False,True,False,True,lado_errado
868,534.0,193.0,197.0,200.73000000000002,365.1698235068172,False,True,False,True,lado_errado
869,534.0,192.0,198.0,201.73000000000002,365.6993300513415,False,True,False,True,lado_errado
870,534.0,191.0,199.0,202.73000000000002,366.23080154459973,False,True,False,True,lado_errado
871,534.0,190.0,200.0,203.73000000000002,366.7642294444757,False,True,False,True,lado_errado
872,533.0,189.0,201.0,204.73000000000002,366.4560000873229,False,True,False,True,lado_errado
873,533.0,188.0,202.0,205.73000000000002,366.9945503682582,False,False,False,True,acima_janela_permitida;lado_errado
874,533.0,187.0,203.0,206.73000000000002,367.535032343857,False,False,False,True,acima_janela_permitida;lado_errado
875,533.0,186.0,204.0,207.73000000000002,368.0774375046642,False,False,False,True,acima_janela_permitida;lado_errado
876,533.0,185.0,205.0,208.73000000000002,368.6217573611194,False,False,False,True,acima_janela_permitida;lado_errado
877,533.0,184.0,206.0,209.73000000000002,369.16798344385177,False,False,False,True,acima_janela_permitida;lado_errado
878,533.0,183.0,207.0,210.73000000000002,369.7161073039691,False,False,False,True,acima_janela_permitida;lado_errado
879,533.0,182.0,208.0,211.73000000000002,370.26612051334104,False,False,False,True,acima_janela_permitida;lado_errado
880,532.0,181.0,209.0,212.73000000000002,369.98513483652283,False,False,False,True,acima_janela_permitida;lado_errado
881,532.0,180.0,210.0,213.73000000000002,370.5401462729781,False,False,False,True,acima_janela_permitida;lado_errado
882,532.0,179.0,211.0,214.73000000000002,371.09702235399305,False,False,False,True,acima_janela_permitida;lado_errado
883,532.0,178.0,212.0,215.73000000000002,371.65575469781174,False,False,False,True,acima_janela_permitida;lado_errado
884,532.0,177.0,213.0,216.73000000000002,372.21633494514987,False,False,False,True,acima_janela_permitida;lado_errado
885,531.0,176.0,214.0,217.73000000000002,371.95295401434845,False,False,False,True,acima_janela_permitida;lado_errado
886,531.0,175.0,215.0,218.73000000000002,372.5184559186296,False,False,False,True,acima_janela_permitida;lado_errado
887,531.0,174.0,216.0,219.73000000000002,373.08578102093355,False,False,False,True,acima_janela_permitida;lado_errado
888,531.0,173.0,217.0,220.73000000000002,373.6549210167049,False,False,False,True,acima_janela_permitida;lado_errado
889,530.0,172.0,218.0,221.73000000000002,373.4059453195677,False,False,False,True,acima_janela_permitida;lado_errado
890,530.0,171.0,219.0,222.73000000000002,373.9799459864125,False,False,False,True,acima_janela_permitida;lado_errado
891,530.0,170.0,220.0,223.73000000000002,374.55573684032663,False,False,False,True,acima_janela_permitida;lado_errado
892,530.0,169.0,221.0,224.73000000000002,375.13330963805384,False,False,False,True,acima_janela_permitida;lado_errado
893,530.0,168.0,222.0,225.73000000000002,375.71265616159377,False,False,False,True,acima_janela_permitida;lado_errado
894,529.0,167.0,223.0,226.73000000000002,375.48102482016316,False,False,False,True,acima_janela_permitida;lado_errado
895,529.0,166.0,224.0,227.73000000000002,376.06515392947534,False,False,False,True,acima_janela_permitida;lado_errado
896,529.0,165.0,225.0,228.73000000000002,376.65103212390113,False,False,False,True,acima_janela_permitida;lado_errado
897,529.0,164.0,226.0,229.73000000000002,377.23865125408344,False,False,False,True,acima_janela_permitida;lado_errado
898,528.0,163.0,227.0,230.73000000000002,377.02121956197635,False,False,False,True,acima_janela_permitida;lado_errado
899,528.0,162.0,228.0,231.73000000000002,377.6135590785903,False,False,False,True,acima_janela_permitida;lado_errado
900,528.0,161.0,229.0,232.73000000000002,378.20761494184643,False,False,False,True,acima_janela_permitida;lado_errado
901,528.0,160.0,230.0,233.73000000000002,378.80337907679757,False,False,False,True,acima_janela_permitida;lado_errado
902,527.0,159.0,231.0,234.73000000000002,378.6000528261981,False,False,False,True,acima_janela_permitida;lado_errado
903,527.0,158.0,232.0,235.73000000000002,379.2004746832472,False,False,False,True,acima_janela_permitida;lado_errado
904,527.0,157.0,233.0,236.73000000000002,379.80258029665885,False,False,False,True,acima_janela_permitida;lado_errado
905,526.0,156.0,234.0,237.73000000000002,379.610326519182,False,False,False,True,acima_janela_permitida;lado_errado
906,526.0,155.0,235.0,238.73000000000002,380.2170432792302,False,False,False,True,acima_janela_permitida;lado_errado
907,526.0,154.0,236.0,239.73000000000002,380.82541931966676,False,False,False,True,acima_janela_permitida;lado_errado
908,526.0,153.0,237.0,240.73000000000002,381.43544670101124,False,False,False,True,acima_janela_permitida;lado_errado
909,525.0,152.0,238.0,241.73000000000002,381.25713108084943,False,False,False,True,acima_janela_permitida;lado_errado
910,525.0,151.0,239.0,242.73000000000002,381.87170620510756,False,False,False,True,acima_janela_permitida;lado_errado
911,525.0,150.0,240.0,243.73000000000002,382.48790830560904,False,False,False,True,acima_janela_permitida;lado_errado
912,524.0,149.0,241.0,244.73000000000002,382.32054613896963,False,False,False,True,acima_janela_permitida;lado_errado
913,524.0,148.0,242.0,245.73000000000002,382.94124875756074,False,False,False,True,acima_janela_permitida;lado_errado
914,523.0,147.0,243.0,246.73000000000002,382.7819222481647,False,False,False,True,acima_janela_permitida;lado_errado
915,523.0,146.0,244.0,247.73000000000002,383.40709435272584,False,False,False,True,acima_janela_permitida;lado_errado
916,523.0,145.0,245.0,248.73000000000002,384.03385267447453,False,False,False,True,acima_janela_permitida;lado_errado
917,522.0,144.0,246.0,249.73000000000002,383.88539956606843,False,False,False,True,acima_janela_permitida;lado_errado
918,522.0,143.0,247.0,250.73000000000002,384.51657961653615,False,False,False,True,acima_janela_permitida;lado_errado
919,522.0,142.0,248.0,251.73000000000002,385.14932169224966,False,False,False,True,acima_janela_permitida;lado_errado
920,521.0,141.0,249.0,252.73000000000002,385.0116881342695,False,False,False,True,acima_janela_permitida;lado_errado
921,521.0,140.0,250.0,253.73000000000002,385.64880396547323,False,False,False,True,acima_janela_permitida;lado_errado
922,520.0,139.0,251.0,254.73000000000002,385.5191305240247,False,False,False,True,acima_janela_permitida;lado_errado
923,520.0,138.0,252.0,255.73000000000002,386.16058835670947,False,False,False,True,acima_janela_permitida;lado_errado
924,520.0,137.0,253.0,256.73,386.80356771881,False,False,False,True,acima_janela_permitida;lado_errado
925,519.0,136.0,254.0,257.73,386.6846260197061,False,False,False,True,acima_janela_permitida;lado_errado
926,519.0,135.0,255.0,258.73,387.33189902201445,False,False,False,True,acima_janela_permitida;lado_errado
927,518.0,134.0,256.0,259.73,387.22086720630125,False,False,False,True,acima_janela_permitida;lado_errado
928,518.0,133.0,257.0,260.73,387.87240169932176,False,False,False,True,acima_janela_permitida;lado_errado
929,517.0,132.0,258.0,261.73,387.76926128820475,False,False,False,True,acima_janela_permitida;lado_errado
930,517.0,131.0,259.0,262.73,388.4250249404639,False,False,False,True,acima_janela_permitida;lado_errado
931,516.0,130.0,260.0,263.73,388.329756778952,False,False,False,True,acima_janela_permitida;lado_errado
932,516.0,129.0,261.0,264.73,388.98971708774,False,False,False,True,acima_janela_permitida;lado_errado
933,515.0,128.0,262.0,265.73,388.90230135600893,False,False,False,True,acima_janela_permitida;lado_errado
934,515.0,127.0,263.0,266.73,389.56642565806413,False,False,False,True,acima_janela_permitida;lado_errado
935,514.0,126.0,264.0,267.73,389.48684188300894,False,False,False,True,acima_janela_permitida;lado_errado
936,514.0,125.0,265.0,268.73,390.1550973651376,False,False,False,True,acima_janela_permitida;lado_errado
937,513.0,124.0,266.0,269.73,390.0833244321013,False,False,False,True,acima_janela_permitida;lado_errado
938,513.0,123.0,267.0,270.73,390.7556781417258,False,False,False,True,acima_janela_permitida;lado_errado
939,512.0,122.0,268.0,271.73,390.69169430639295,False,False,False,True,acima_janela_permitida;lado_errado
940,512.0,121.0,269.0,272.73,391.3681131620204,False,False,False,True,acima_janela_permitida;lado_errado
941,511.0,120.0,270.0,273.73,391.3118960624632,False,False,False,True,acima_janela_permitida;lado_errado
942,511.0,119.0,271.0,274.73,391.9923468640683,False,False,False,True,acima_janela_permitida;lado_errado
943,510.0,118.0,272.0,275.73,391.9438735329333,False,False,False,True,acima_janela_permitida;lado_errado
944,510.0,117.0,273.0,276.73,392.62832297224816,False,False,False,True,acima_janela_permitida;lado_errado
945,509.0,116.0,274.0,277.73,392.587569849072,False,False,False,True,acima_janela_permitida;lado_errado
946,509.0,115.0,275.0,278.73,393.2759845197772,False,False,False,True,acima_janela_permitida;lado_errado
947,508.0,114.0,276.0,279.73,393.2429274634192,False,False,False,True,acima_janela_permitida;lado_errado
948,507.0,113.0,277.0,280.73,393.21495393741066,False,False,False,True,acima_janela_permitida;lado_errado
949,507.0,112.0,278.0,281.73,393.9098881724093,False,False,False,True,acima_janela_permitida;lado_errado
950,506.0,111.0,279.0,282.73,393.88957843537827,False,False,False,True,acima_janela_permitida;lado_errado
951,506.0,110.0,280.0,283.73,394.58839313897715,False,False,False,True,acima_janela_permitida;lado_errado
952,505.0,109.0,281.0,284.73,394.5757215034904,False,False,False,True,acima_janela_permitida;lado_errado
953,504.0,108.0,282.0,285.73,394.5681183268613,False,False,False,True,acima_janela_permitida;lado_errado
954,504.0,107.0,283.0,286.73,395.27332315753364,False,False,False,True,acima_janela_permitida;lado_errado
955,503.0,106.0,284.0,287.73,395.27332315753364,False,False,False,True,acima_janela_permitida;lado_errado
956,503.0,105.0,285.0,288.73,395.98232283777514,False,False,False,True,acima_janela_permitida;lado_errado
957,502.0,104.0,286.0,289.73,395.98989886106943,False,False,False,True,acima_janela_permitida;lado_errado
958,501.0,103.0,287.0,290.73,396.00252524447365,False,False,False,True,acima_janela_permitida;lado_errado
959,501.0,102.0,288.0,291.73,396.7177838211945,False,False,False,True,acima_janela_permitida;lado_errado
960,500.0,101.0,289.0,292.73,396.7379487772754,False,False,False,True,acima_janela_permitida;lado_errado
961,499.0,100.0,290.0,293.73,396.76315353117155,False,False,False,True,acima_janela_permitida;lado_errado
962,498.0,99.0,291.0,294.73,396.79339712248236,False,False,False,True,acima_janela_permitida;lado_errado
963,498.0,98.0,292.0,295.73,397.51729522122685,False,False,False,True,acima_janela_permitida;lado_errado
964,497.0,97.0,293.0,296.73,397.5550276376844,False,False,False,True,acima_janela_permitida;lado_errado
965,496.0,96.0,294.0,297.73,397.59778671416166,False,False,False,True,acima_janela_permitida;lado_errado
966,495.0,95.0,295.0,298.73,397.64557082909903,False,False,False,True,acima_janela_permitida;lado_errado
967,495.0,94.0,296.0,299.73,398.3779612378175,False,False,False,True,acima_janela_permitida;lado_errado
968,494.0,93.0,297.0,300.73,398.43318134914415,False,False,False,True,acima_janela_permitida;lado_errado
969,493.0,92.0,298.0,301.73,398.4934127435484,False,False,False,True,acima_janela_permitida;lado_errado
970,492.0,91.0,299.0,302.73,398.55865314906913,False,False,False,True,acima_janela_permitida;lado_errado
971,492.0,90.0,300.0,303.73,399.2993864257745,False,False,False,True,acima_janela_permitida;lado_errado
972,491.0,89.0,301.0,304.73,399.37200703103866,False,False,False,True,acima_janela_permitida;lado_errado
973,490.0,88.0,302.0,305.73,399.4496213541828,False,False,False,True,acima_janela_permitida;lado_errado
974,489.0,87.0,303.0,306.73,399.5322264849232,False,False,False,True,acima_janela_permitida;lado_errado
975,489.0,86.0,304.0,307.73,400.2811511925087,False,False,False,True,acima_janela_permitida;lado_errado
976,488.0,85.0,305.0,308.73,400.37107787651195,False,False,False,True,acima_janela_permitida;lado_errado
977,487.0,84.0,306.0,309.73,400.4659785799538,False,False,False,True,acima_janela_permitida;lado_errado
978,486.0,83.0,307.0,310.73,400.56584976755073,False,False,False,True,acima_janela_permitida;lado_errado
979,485.0,82.0,308.0,311.73,400.67068772247364,False,False,False,True,acima_janela_permitida;lado_errado
980,484.0,81.0,309.0,312.73,400.7804885470349,False,False,False,True,acima_janela_permitida;lado_errado
981,483.0,80.0,310.0,313.73,400.8952481634074,False,False,False,True,acima_janela_permitida;lado_errado
982,482.0,79.0,311.0,314.73,401.0149623143755,False,False,False,True,acima_janela_permitida;lado_errado
983,481.0,78.0,312.0,315.73,401.1396265641179,False,False,False,True,acima_janela_permitida;lado_errado
984,480.0,77.0,313.0,316.73,401.26923629902154,False,False,False,True,acima_janela_permitida;lado_errado
985,480.0,76.0,314.0,317.73,402.0397990249224,False,False,False,True,acima_janela_permitida;lado_errado
986,479.0,75.0,315.0,318.73,402.17657813453036,False,False,False,True,acima_janela_permitida;lado_errado
987,478.0,74.0,316.0,319.73,402.318281960937,False,False,False,True,acima_janela_permitida;lado_errado
988,477.0,73.0,317.0,320.73,402.4649053023133,False,False,False,True,acima_janela_permitida;lado_errado
989,476.0,72.0,318.0,321.73,402.6164427839479,False,False,False,True,acima_janela_permitida;lado_errado
990,475.0,71.0,319.0,322.73,402.772888859218,False,False,False,True,acima_janela_permitida;lado_errado
991,474.0,70.0,320.0,323.73,402.9342378105886,False,False,False,True,acima_janela_permitida;lado_errado
992,473.0,69.0,321.0,324.73,403.10048375064,False,False,False,True,acima_janela_permitida;lado_errado
993,472.0,68.0,322.0,325.73,403.27162062312294,False,False,False,True,acima_janela_permitida;lado_errado
994,471.0,67.0,323.0,326.73,403.44764220404113,False,False,False,True,acima_janela_permitida;lado_errado
995,470.0,66.0,324.0,327.73,403.6285421027606,False,False,False,True,acima_janela_permitida;lado_errado
996,469.0,65.0,325.0,328.73,403.8143137631454,False,False,False,True,acima_janela_permitida;lado_errado
997,468.0,65.0,325.0,328.73,403.20838284936485,False,False,False,True,acima_janela_permitida;lado_errado
998,467.0,64.0,326.0,329.73,403.40178482500545,False,False,False,True,acima_janela_permitida;lado_errado
999,466.0,63.0,327.0,330.73,403.6000495540108,False,False,False,True,acima_janela_permitida;lado_errado
1000,465.0,62.0,328.0,331.73,403.8031698736403,False,False,False,True,acima_janela_permitida;lado_errado
1001,464.0,61.0,329.0,332.73,404.01113846031524,False,False,False,True,acima_janela_permitida;lado_errado
1002,463.0,60.0,330.0,333.73,404.22394783090226,False,False,False,True,acima_janela_permitida;lado_errado
1003,462.0,59.0,331.0,334.73,404.4415903440199,False,False,False,True,acima_janela_permitida;lado_errado
1004,461.0,58.0,332.0,335.73,404.6640582013678,False,False,False,True,acima_janela_permitida;lado_errado
1005,460.0,58.0,332.0,335.73,404.0792001575929,False,False,False,True,acima_janela_permitida;lado_errado
1006,459.0,57.0,333.0,336.73,404.3092875510035,False,False,False,True,acima_janela_permitida;lado_errado
1007,458.0,56.0,334.0,337.73,404.54418794490175,False,False,False,True,acima_janela_permitida;lado_errado
1008,457.0,56.0,334.0,337.73,403.966582776348,False,False,False,True,acima_janela_permitida;lado_errado
1009,456.0,55.0,335.0,338.73,404.2091043012267,False,False,False,True,acima_janela_permitida;lado_errado
1010,455.0,54.0,336.0,339.73,404.45642534146987,False,False,False,True,acima_janela_permitida;lado_errado
1011,454.0,53.0,337.0,340.73,404.708537097996,False,False,False,True,acima_janela_permitida;lado_errado
1012,453.0,53.0,337.0,340.73,404.14106448120316,False,False,False,True,acima_janela_permitida;lado_errado
1013,452.0,52.0,338.0,341.73,404.40079129497263,False,False,False,True,acima_janela_permitida;lado_errado
1014,451.0,51.0,339.0,342.73,404.6652937922895,False,False,False,True,acima_janela_permitida;lado_errado
1015,450.0,50.0,340.0,343.73,404.93456261475137,False,False,False,True,acima_janela_permitida;lado_errado
1016,449.0,50.0,340.0,343.73,404.3772990661073,False,False,False,True,acima_janela_permitida;lado_errado
1017,448.0,49.0,341.0,344.73,404.6541733381728,False,False,False,True,acima_janela_permitida;lado_errado
1018,447.0,48.0,342.0,345.73,404.9357973802761,False,False,False,True,acima_janela_permitida;lado_errado
1019,446.0,48.0,342.0,345.73,404.38595425657405,False,False,False,True,acima_janela_permitida;lado_errado
1020,445.0,47.0,343.0,346.73,404.675178383849,False,False,False,True,acima_janela_permitida;lado_errado
1021,444.0,46.0,344.0,347.73,404.96913462633177,False,False,False,True,acima_janela_permitida;lado_errado
1022,443.0,46.0,344.0,347.73,404.4267548023993,False,False,False,True,acima_janela_permitida;lado_errado
1023,442.0,45.0,345.0,348.73,404.7283039274619,False,False,False,True,acima_janela_permitida;lado_errado
1024,441.0,44.0,346.0,349.73,405.03456642612616,False,False,False,True,acima_janela_permitida;lado_errado
1025,440.0,44.0,346.0,349.73,404.49969097639615,False,False,False,True,acima_janela_permitida;lado_errado
1026,439.0,43.0,347.0,350.73,404.8135373230495,False,False,False,True,acima_janela_permitida;lado_errado
1027,438.0,43.0,347.0,350.73,404.2833164997042,False,False,False,True,acima_janela_permitida;lado_errado
1028,437.0,42.0,348.0,351.73,404.6047453997543,False,False,False,True,acima_janela_permitida;lado_errado
1029,436.0,41.0,349.0,352.73,404.93085829558606,False,False,False,True,acima_janela_permitida;lado_errado
1030,435.0,41.0,349.0,352.73,404.40820961004243,False,False,False,True,acima_janela_permitida;lado_errado
1031,434.0,40.0,350.0,353.73,404.74189306272706,False,False,False,True,acima_janela_permitida;lado_errado
1032,433.0,39.0,351.0,354.73,405.0802389650722,False,False,False,True,acima_janela_permitida;lado_errado
1033,432.0,39.0,351.0,354.73,404.5651987010252,False,False,False,True,acima_janela_permitida;lado_errado
1034,431.0,38.0,352.0,355.73,404.911101354359,False,False,False,True,acima_janela_permitida;lado_errado
1035,430.0,38.0,352.0,355.73,404.40079129497263,False,False,False,True,acima_janela_permitida;lado_errado
1036,429.0,37.0,353.0,356.73,404.75424642614934,False,False,False,True,acima_janela_permitida;lado_errado
1037,428.0,37.0,353.0,356.73,404.2486858358355,False,False,False,True,acima_janela_permitida;lado_errado
1038,427.0,36.0,354.0,357.73,404.6096884653159,False,False,False,True,acima_janela_permitida;lado_errado
1039,426.0,36.0,354.0,357.73,404.1088962148693,False,False,False,True,acima_janela_permitida;lado_errado
1040,425.0,35.0,355.0,358.73,404.47744065645986,False,False,False,True,acima_janela_permitida;lado_errado
1041,424.0,35.0,355.0,358.73,403.98143521701587,False,False,False,True,acima_janela_permitida;lado_errado
1042,423.0,34.0,356.0,359.73,404.357515077932,False,False,False,True,acima_janela_permitida;lado_errado
1043,422.0,34.0,356.0,359.73,403.86631451508805,False,False,False,True,acima_janela_permitida;lado_errado
1044,421.0,33.0,357.0,360.73,404.2499226963439,False,False,False,True,acima_janela_permitida;lado_errado
1045,420.0,33.0,357.0,360.73,403.7635446644484,False,False,False,True,acima_janela_permitida;lado_errado
1046,419.0,32.0,358.0,361.73,404.1546733615733,False,False,False,True,acima_janela_permitida;lado_errado
1047,418.0,32.0,358.0,361.73,403.6731350981881,False,False,False,True,acima_janela_permitida;lado_errado
1048,417.0,31.0,359.0,362.73,404.07177580227005,False,False,False,True,acima_janela_permitida;lado_errado
1049,416.0,31.0,359.0,362.73,403.59509412281017,False,False,False,True,acima_janela_permitida;lado_errado
1050,415.0,30.0,360.0,363.73,404.0012376218667,False,False,False,True,acima_janela_permitida;lado_errado
1051,414.0,30.0,360.0,363.73,403.52942891442257,False,False,False,True,acima_janela_permitida;lado_errado
1052,413.0,29.0,361.0,364.73,403.9430652950982,False,False,False,True,acima_janela_permitida;lado_errado
1053,412.0,29.0,361.0,364.73,403.47614551544433,False,False,False,True,acima_janela_permitida;lado_errado
1054,411.0,28.0,362.0,365.73,403.8972641650349,False,False,False,True,acima_janela_permitida;lado_errado
1055,410.0,28.0,362.0,365.73,403.43524883182926,False,False,False,True,acima_janela_permitida;lado_errado
1056,409.0,28.0,362.0,365.73,402.975185340239,False,False,False,True,acima_janela_permitida;lado_errado
1057,408.0,27.0,363.0,366.73,403.4067426308093,False,False,False,True,acima_janela_permitida;lado_errado
1058,407.0,27.0,363.0,366.73,402.9516099980245,False,False,False,True,acima_janela_permitida;lado_errado
1059,406.0,27.0,363.0,366.73,402.4984472019737,False,False,False,True,acima_janela_permitida;lado_errado
1060,405.0,26.0,364.0,367.73,402.94044224922374,False,False,False,True,acima_janela_permitida;lado_errado
1061,404.0,26.0,364.0,367.73,402.49223594996215,False,False,False,True,acima_janela_permitida;lado_errado
1062,403.0,25.0,365.0,368.73,402.9416831254865,False,False,False,True,acima_janela_permitida;lado_errado
1063,402.0,25.0,365.0,368.73,402.4984472019737,False,False,False,True,acima_janela_permitida;lado_errado
1064,401.0,25.0,365.0,368.73,402.0572098594925,False,False,False,True,acima_janela_permitida;lado_errado
1065,400.0,24.0,366.0,369.73,402.5170803829323,False,False,False,True,acima_janela_permitida;lado_errado
1066,399.0,24.0,366.0,369.73,402.0808376433774,False,False,False,True,acima_janela_permitida;lado_errado
1067,398.0,24.0,366.0,369.73,401.6466108409232,False,False,False,True,acima_janela_permitida;lado_errado
1068,397.0,23.0,367.0,370.73,402.1168984263158,False,False,False,True,acima_janela_permitida;lado_errado
1069,396.0,23.0,367.0,370.73,401.6876896296425,False,False,False,True,acima_janela_permitida;lado_errado
1070,395.0,23.0,367.0,370.73,401.2605138809449,False,False,False,True,acima_janela_permitida;lado_errado
1071,394.0,22.0,368.0,371.73,401.7412102336528,False,False,False,True,acima_janela_permitida;lado_errado
1072,393.0,22.0,368.0,371.73,401.31907505126145,False,False,False,True,acima_janela_permitida;lado_errado
1073,392.0,22.0,368.0,371.73,400.8989897717379,False,False,False,True,acima_janela_permitida;lado_errado
1074,391.0,21.0,369.0,372.73,401.39008458107185,False,False,False,True,acima_janela_permitida;lado_errado
1075,390.0,21.0,369.0,372.73,400.9750615686716,False,False,False,True,acima_janela_permitida;lado_errado
1076,389.0,21.0,369.0,372.73,400.5621050473946,False,False,False,True,acima_janela_permitida;lado_errado
1077,388.0,21.0,369.0,372.73,400.15122141510454,False,False,False,True,acima_janela_permitida;lado_errado
1078,387.0,20.0,370.0,373.73,400.65571255131255,False,False,False,True,acima_janela_permitida;lado_errado
1079,386.0,20.0,370.0,373.73,400.24992192379,False,False,False,True,acima_janela_permitida;lado_errado
1080,385.0,20.0,370.0,373.73,399.8462204398086,False,False,False,True,acima_janela_permitida;lado_errado
1081,384.0,19.0,371.0,374.73,400.3610870202048,False,False,False,True,acima_janela_permitida;lado_errado
1082,383.0,19.0,371.0,374.73,399.96249824202266,False,False,False,True,acima_janela_permitida;lado_errado
1083,382.0,19.0,371.0,374.73,399.56601457080905,False,False,False,True,acima_janela_permitida;lado_errado
1084,381.0,19.0,371.0,374.73,399.1716422793583,False,False,False,True,acima_janela_permitida;lado_errado
1085,380.0,18.0,372.0,375.73,399.6998874155458,False,False,False,True,acima_janela_permitida;lado_errado
1086,379.0,18.0,372.0,375.73,399.3106560060725,False,False,False,True,acima_janela_permitida;lado_errado
1087,378.0,18.0,372.0,375.73,398.9235515734813,False,False,False,True,acima_janela_permitida;lado_errado
1088,377.0,18.0,372.0,375.73,398.53858031563266,False,False,False,True,acima_janela_permitida;lado_errado
1089,376.0,17.0,373.0,376.73,399.0801924425716,False,False,False,True,acima_janela_permitida;lado_errado
1090,375.0,17.0,373.0,376.73,398.70038876329176,False,False,False,True,acima_janela_permitida;lado_errado
1091,374.0,17.0,373.0,376.73,398.32273347123936,False,False,False,True,acima_janela_permitida;lado_errado
1092,373.0,17.0,373.0,376.73,397.94723268292745,False,False,False,True,acima_janela_permitida;lado_errado
1093,372.0,17.0,373.0,376.73,397.57389250301634,False,False,False,True,acima_janela_permitida;lado_errado
1094,371.0,16.0,374.0,377.73,398.1318876955223,False,False,False,True,acima_janela_permitida;lado_errado
1095,370.0,16.0,374.0,377.73,397.763748976701,False,False,False,True,acima_janela_permitida;lado_errado
1096,369.0,16.0,374.0,377.73,397.3977856002723,False,False,False,True,acima_janela_permitida;lado_errado
1097,368.0,16.0,374.0,377.73,397.0340035815572,False,False,False,True,acima_janela_permitida;lado_errado
1098,367.0,16.0,374.0,377.73,396.6724089220222,False,False,False,True,acima_janela_permitida;lado_errado
1099,366.0,15.0,375.0,378.73,397.24677468797654,False,False,False,True,acima_janela_permitida;lado_errado
1100,365.0,15.0,375.0,378.73,396.8904130865345,False,False,False,True,acima_janela_permitida;lado_errado
1101,364.0,15.0,375.0,378.73,396.5362530715193,False,False,False,True,acima_janela_permitida;lado_errado
1102,363.0,15.0,375.0,378.73,396.1843005471065,False,False,False,True,acima_janela_permitida;lado_errado
1103,362.0,15.0,375.0,378.73,395.83456140160376,False,False,False,True,acima_janela_permitida;lado_errado
1104,361.0,15.0,375.0,378.73,395.4870415070512,False,False,False,True,acima_janela_permitida;lado_errado
1105,360.0,15.0,375.0,378.73,395.1417467188199,False,False,False,True,acima_janela_permitida;lado_errado
1106,359.0,15.0,375.0,378.73,394.7986828752092,False,False,False,True,acima_janela_permitida;lado_errado
1107,358.0,14.0,376.0,379.73,395.39853312828564,False,False,False,True,acima_janela_permitida;lado_errado
1108,357.0,14.0,376.0,379.73,395.0607548213313,False,False,False,True,acima_janela_permitida;lado_errado
1109,356.0,14.0,376.0,379.73,394.72522088156467,False,False,False,True,acima_janela_permitida;lado_errado
1110,355.0,14.0,376.0,379.73,394.3919370372574,False,False,False,True,acima_janela_permitida;lado_errado
1111,354.0,14.0,376.0,379.73,394.06090899758124,False,False,False,True,acima_janela_permitida;lado_errado
1112,353.0,14.0,376.0,379.73,393.7321424522006,False,False,False,True,acima_janela_permitida;lado_errado
1113,352.0,14.0,376.0,379.73,393.40564307086396,False,False,False,True,acima_janela_permitida;lado_errado
1114,351.0,14.0,376.0,379.73,393.0814165029937,False,False,False,True,acima_janela_permitida;lado_errado
1115,350.0,14.0,376.0,379.73,392.7594683772754,False,False,False,True,acima_janela_permitida;lado_errado
1116,349.0,14.0,376.0,379.73,392.43980430124566,False,False,False,True,acima_janela_permitida;lado_errado
1117,348.0,13.0,377.0,380.73,393.0712403623547,False,False,False,True,acima_janela_permitida;lado_errado
1118,347.0,13.0,377.0,380.73,392.75692228145385,False,False,False,True,acima_janela_permitida;lado_errado
1119,346.0,13.0,377.0,380.73,392.44490059115304,False,False,False,True,acima_janela_permitida;lado_errado
1120,345.0,13.0,377.0,380.73,392.13518077316144,False,False,False,True,acima_janela_permitida;lado_errado
1121,344.0,13.0,377.0,380.73,391.8277682860162,False,False,False,True,acima_janela_permitida;lado_errado
1122,343.0,13.0,377.0,380.73,391.52266856466946,False,False,False,True,acima_janela_permitida;lado_errado
1123,342.0,13.0,377.0,380.73,391.2198870200747,False,False,False,True,acima_janela_permitida;lado_errado
1124,341.0,13.0,377.0,380.73,390.91942903877265,False,False,False,True,acima_janela_permitida;lado_errado
1125,340.0,13.0,377.0,380.73,390.6212999824766,False,False,False,True,acima_janela_permitida;lado_errado
1126,339.0,13.0,377.0,380.73,390.3255051876574,False,False,False,True,acima_janela_permitida;lado_errado
1127,338.0,13.0,377.0,380.73,390.03204996512784,False,False,False,True,acima_janela_permitida;lado_errado
1128,337.0,13.0,377.0,380.73,389.74093959962687,False,False,False,True,acima_janela_permitida;lado_errado
1129,336.0,13.0,377.0,380.73,389.45217934940354,False,False,False,True,acima_janela_permitida;lado_errado
1130,335.0,13.0,377.0,380.73,389.16577444580093,False,False,False,True,acima_janela_permitida;lado_errado
1131,334.0,13.0,377.0,380.73,388.8817300928394,False,False,False,True,acima_janela_permitida;lado_errado
1132,333.0,13.0,377.0,380.73,388.6000514668005,False,False,False,True,acima_janela_permitida;lado_errado
1133,332.0,13.0,377.0,380.73,388.3207437158103,True,False,False,True,acima_janela_permitida
1134,331.0,13.0,377.0,380.73,388.04381195942295,True,False,False,True,acima_janela_permitida
1135,330.0,13.0,377.0,380.73,387.76926128820475,True,False,False,True,acima_janela_permitida
1136,329.0,13.0,377.0,380.73,387.4970967633177,True,False,False,True,acima_janela_permitida
1137,328.0,13.0,377.0,380.73,387.227323416104,True,False,False,True,acima_janela_permitida
1138,327.0,13.0,377.0,380.73,386.9599462476705,True,False,False,True,acima_janela_permitida
1139,326.0,13.0,377.0,380.73,386.6949702284735,True,False,False,True,acima_janela_permitida
1140,325.0,13.0,377.0,380.73,386.4324002979046,True,False,False,True,acima_janela_permitida
1141,324.0,13.0,377.0,380.73,386.17224136387637,True,False,False,True,acima_janela_permitida
1142,323.0,13.0,377.0,380.73,385.91449830240896,True,False,False,True,acima_janela_permitida
1143,322.0,13.0,377.0,380.73,385.6591759572174,True,False,False,True,acima_janela_permitida
1144,321.0,13.0,377.0,380.73,385.40627913929995,True,False,False,True,acima_janela_permitida
1145,320.0,13.0,377.0,380.73,385.15581262652654,True,False,False,True,acima_janela_permitida
1146,319.0,13.0,377.0,380.73,384.9077811632288,True,False,False,True,acima_janela_permitida
1147,318.0,13.0,377.0,380.73,384.6621894597908,True,False,False,True,acima_janela_permitida
