indice,x,y,dist_baseline,dist_baseline_ajustada,dist_ponto_contato,lado_correto,candidato_janela,permaneceu,descartado,motivo_descarte
0,264.0,47.0,332.0,335.29,371.7122543043207,False,False,False,True,acima_janela_permitida;lado_errado
1,263.0,48.0,331.0,334.29,371.29503093900945,False,False,False,True,acima_janela_permitida;lado_errado
2,262.0,48.0,331.0,334.29,371.76471053611317,False,False,False,True,acima_janela_permitida;lado_errado
3,261.0,48.0,331.0,334.29,372.23648397221893,False,False,False,True,acima_janela_permitida;lado_errado
4,260.0,48.0,331.0,334.29,372.71034329623853,False,False,False,True,acima_janela_permitida;lado_errado
5,259.0,48.0,331.0,334.29,373.18628056240226,False,False,False,True,acima_janela_permitida;lado_errado
6,258.0,48.0,331.0,334.29,373.6642878306676,False,False,False,True,acima_janela_permitida;lado_errado
7,257.0,48.0,331.0,334.29,374.1443571671234,False,False,False,True,acima_janela_permitida;lado_errado
8,256.0,48.0,331.0,334.29,374.626480644388,False,False,False,True,acima_janela_permitida;lado_errado
9,255.0,49.0,330.0,333.29,374.236556204762,False,False,False,True,acima_janela_permitida;lado_errado
10,254.0,49.0,330.0,333.29,374.7238983571771,False,False,False,True,acima_janela_permitida;lado_errado
11,253.0,49.0,330.0,333.29,375.2132726863483,False,False,False,True,acima_janela_permitida;lado_errado
12,252.0,49.0,330.0,333.29,375.7046712512369,False,False,False,True,acima_janela_permitida;lado_errado
13,251.0,49.0,330.0,333.29,376.19808611953357,False,False,False,True,acima_janela_permitida;lado_errado
14,250.0,49.0,330.0,333.29,376.6935093680272,False,False,False,True,acima_janela_permitida;lado_errado
15,249.0,49.0,330.0,333.29,377.19093308296794,False,False,False,True,acima_janela_permitida;lado_errado
16,248.0,49.0,330.0,333.29,377.69034936042516,False,False,False,True,acima_janela_permitida;lado_errado
17,247.0,50.0,329.0,332.29,377.3274440058661,False,False,False,True,acima_janela_permitida;lado_errado
18,246.0,50.0,329.0,332.29,377.83197323678155,False,False,False,True,acima_janela_permitida;lado_errado
19,245.0,50.0,329.0,332.29,378.33847279915904,False,False,False,True,acima_janela_permitida;lado_errado
20,244.0,50.0,329.0,332.29,378.8469347902923,False,False,False,True,acima_janela_permitida;lado_errado
21,243.0,50.0,329.0,332.29,379.3573513193069,False,False,False,True,acima_janela_permitida;lado_errado
22,242.0,51.0,328.0,331.29,379.0118731649445,False,False,False,True,acima_janela_permitida;lado_errado
23,241.0,51.0,328.0,331.29,379.5273376187808,False,False,False,True,acima_janela_permitida;lado_errado
24,240.0,51.0,328.0,331.29,380.0447342090139,False,False,False,True,acima_janela_permitida;lado_errado
25,239.0,51.0,328.0,331.29,380.5640550551247,False,False,False,True,acima_janela_permitida;lado_errado
26,238.0,51.0,328.0,331.29,381.0852922903218,False,False,False,True,acima_janela_permitida;lado_errado
27,237.0,52.0,327.0,330.29,380.7571404451924,False,False,False,True,acima_janela_permitida;lado_errado
28,236.0,52.0,327.0,330.29,381.2833591962807,False,False,False,True,acima_janela_permitida;lado_errado
29,235.0,52.0,327.0,330.29,381.81147180251145,False,False,False,True,acima_janela_permitida;lado_errado
30,234.0,52.0,327.0,330.29,382.3414704161713,False,False,False,True,acima_janela_permitida;lado_errado
31,233.0,52.0,327.0,330.29,382.87334720505163,False,False,False,True,acima_janela_permitida;lado_errado
32,232.0,53.0,326.0,329.29,382.5624132086162,False,False,False,True,acima_janela_permitida;lado_errado
33,231.0,53.0,326.0,329.29,383.09920386239384,False,False,False,True,acima_janela_permitida;lado_errado
34,230.0,53.0,326.0,329.29,383.6378500617477,False,False,False,True,acima_janela_permitida;lado_errado
35,229.0,53.0,326.0,329.29,384.17834400184506,False,False,False,True,acima_janela_permitida;lado_errado
36,228.0,54.0,325.0,328.29,383.8814921300583,False,False,False,True,acima_janela_permitida;lado_errado
37,227.0,54.0,325.0,328.29,384.42684609688746,False,False,False,True,acima_janela_permitida;lado_errado
38,226.0,54.0,325.0,328.29,384.974025097798,False,False,False,True,acima_janela_permitida;lado_errado
39,225.0,54.0,325.0,328.29,385.5230213618896,False,False,False,True,acima_janela_permitida;lado_errado
40,224.0,55.0,324.0,327.29,385.24018481980823,False,False,False,True,acima_janela_permitida;lado_errado
41,223.0,55.0,324.0,327.29,385.79398647464683,False,False,False,True,acima_janela_permitida;lado_errado
42,222.0,55.0,324.0,327.29,386.34958263210274,False,False,False,True,acima_janela_permitida;lado_errado
43,221.0,56.0,323.0,326.29,386.07771238443695,False,False,False,True,acima_janela_permitida;lado_errado
44,220.0,56.0,323.0,326.29,386.63807365545364,False,False,False,True,acima_janela_permitida;lado_errado
45,219.0,56.0,323.0,326.29,387.2002066115151,False,False,False,True,acima_janela_permitida;lado_errado
46,218.0,56.0,323.0,326.29,387.76410354750476,False,False,False,True,acima_janela_permitida;lado_errado
47,217.0,57.0,322.0,325.29,387.5061289837878,False,False,False,True,acima_janela_permitida;lado_errado
48,216.0,57.0,322.0,325.29,388.07473507045006,False,False,False,True,acima_janela_permitida;lado_errado
49,215.0,57.0,322.0,325.29,388.6450823051798,False,False,False,True,acima_janela_permitida;lado_errado
50,214.0,58.0,321.0,324.29,388.3979917558792,False,False,False,True,acima_janela_permitida;lado_errado
51,213.0,58.0,321.0,324.29,388.9730067755345,False,False,False,True,acima_janela_permitida;lado_errado
52,212.0,58.0,321.0,324.29,389.5497400846264,False,False,False,True,acima_janela_permitida;lado_errado
53,211.0,59.0,320.0,323.29,389.31349835319094,False,False,False,True,acima_janela_permitida;lado_errado
54,210.0,59.0,320.0,323.29,389.89485762189787,False,False,False,True,acima_janela_permitida;lado_errado
55,209.0,60.0,319.0,322.29,389.6665240946417,False,False,False,True,acima_janela_permitida;lado_errado
56,208.0,60.0,319.0,322.29,390.2524823751926,False,False,False,True,acima_janela_permitida;lado_errado
57,207.0,60.0,319.0,322.29,390.840120765512,False,False,False,True,acima_janela_permitida;lado_errado
58,206.0,61.0,318.0,321.29,390.62257999250374,False,False,False,True,acima_janela_permitida;lado_errado
59,205.0,61.0,318.0,321.29,391.21477477211926,False,False,False,True,acima_janela_permitida;lado_errado
60,204.0,61.0,318.0,321.29,391.8086267554608,False,False,False,True,acima_janela_permitida;lado_errado
61,203.0,62.0,317.0,320.29,391.60183860651114,False,False,False,True,acima_janela_permitida;lado_errado
62,202.0,62.0,317.0,320.29,392.20020397750943,False,False,False,True,acima_janela_permitida;lado_errado
63,201.0,63.0,316.0,319.29,392.0012755081289,False,False,False,True,acima_janela_permitida;lado_errado
64,200.0,63.0,316.0,319.29,392.60412631555465,False,False,False,True,acima_janela_permitida;lado_errado
65,199.0,63.0,316.0,319.29,393.2085960403206,False,False,False,True,acima_janela_permitida;lado_errado
66,198.0,64.0,315.0,318.29,393.0203557069277,False,False,False,True,acima_janela_permitida;lado_errado
67,197.0,64.0,315.0,318.29,393.6292672045614,False,False,False,True,acima_janela_permitida;lado_errado
68,196.0,65.0,314.0,317.29,393.4488530927495,False,False,False,True,acima_janela_permitida;lado_errado
69,195.0,65.0,314.0,317.29,394.06217783491985,False,False,False,True,acima_janela_permitida;lado_errado
70,194.0,66.0,313.0,316.29,393.88957843537827,False,False,False,True,acima_janela_permitida;lado_errado
71,193.0,66.0,313.0,316.29,394.50728763864424,False,False,False,True,acima_janela_permitida;lado_errado
72,192.0,67.0,312.0,315.29,394.342490736162,False,False,False,True,acima_janela_permitida;lado_errado
73,191.0,67.0,312.0,315.29,394.9645553717447,False,False,False,True,acima_janela_permitida;lado_errado
74,190.0,68.0,311.0,314.29,394.80754805347885,False,False,False,True,acima_janela_permitida;lado_errado
75,189.0,68.0,311.0,314.29,395.43393885704853,False,False,False,True,acima_janela_permitida;lado_errado
76,188.0,69.0,310.0,313.29,395.28470752104744,False,False,False,True,acima_janela_permitida;lado_errado
77,187.0,69.0,310.0,313.29,395.9153950025182,False,False,False,True,acima_janela_permitida;lado_errado
78,186.0,70.0,309.0,312.29,395.77392536649,False,False,False,True,acima_janela_permitida;lado_errado
79,185.0,70.0,309.0,312.29,396.40887981981433,False,False,False,True,acima_janela_permitida;lado_errado
80,184.0,71.0,308.0,311.29,396.27515693013106,False,False,False,True,acima_janela_permitida;lado_errado
81,183.0,71.0,308.0,311.29,396.9143484430866,False,False,False,True,acima_janela_permitida;lado_errado
82,182.0,72.0,307.0,310.29,396.7883566840136,False,False,False,True,acima_janela_permitida;lado_errado
83,181.0,72.0,307.0,310.29,397.4317551479751,False,False,False,True,acima_janela_permitida;lado_errado
84,180.0,73.0,306.0,309.29,397.31347825111595,False,False,False,True,acima_janela_permitida;lado_errado
85,179.0,74.0,305.0,308.29,397.200201409818,False,False,False,True,acima_janela_permitida;lado_errado
86,178.0,74.0,305.0,308.29,397.85047442475167,False,False,False,True,acima_janela_permitida;lado_errado
87,177.0,75.0,304.0,307.29,397.74489311617816,False,False,False,True,acima_janela_permitida;lado_errado
88,176.0,75.0,304.0,307.29,398.3992971881351,False,False,False,True,acima_janela_permitida;lado_errado
89,175.0,76.0,303.0,306.29,398.3013934196063,False,False,False,True,acima_janela_permitida;lado_errado
90,174.0,77.0,302.0,305.29,398.20848810641894,False,False,False,True,acima_janela_permitida;lado_errado
91,173.0,77.0,302.0,305.29,398.8696528942757,False,False,False,True,acima_janela_permitida;lado_errado
92,172.0,78.0,301.0,304.29,398.78440290462714,False,False,False,True,acima_janela_permitida;lado_errado
93,171.0,78.0,301.0,304.29,399.4496213541828,False,False,False,True,acima_janela_permitida;lado_errado
94,170.0,79.0,300.0,303.29,399.37200703103866,False,False,False,True,acima_janela_permitida;lado_errado
95,169.0,80.0,299.0,302.29,399.2993864257745,False,False,False,True,acima_janela_permitida;lado_errado
96,168.0,80.0,299.0,302.29,399.9712489667226,False,False,False,True,acima_janela_permitida;lado_errado
97,167.0,81.0,298.0,301.29,399.9062390110962,False,False,False,True,acima_janela_permitida;lado_errado
98,166.0,82.0,297.0,300.29,399.8462204398086,False,False,False,True,acima_janela_permitida;lado_errado
99,165.0,82.0,297.0,300.29,400.5246559202067,False,False,False,True,acima_janela_permitida;lado_errado
100,164.0,83.0,296.0,299.29,400.4722212588534,False,False,False,True,acima_janela_permitida;lado_errado
101,163.0,84.0,295.0,298.29,400.42477445832446,False,False,False,True,acima_janela_permitida;lado_errado
102,162.0,85.0,294.0,297.29,400.38231729186043,False,False,False,True,acima_janela_permitida;lado_errado
103,161.0,85.0,294.0,297.29,401.06981935817606,False,False,False,True,acima_janela_permitida;lado_errado
104,160.0,86.0,293.0,296.29,401.034911198514,False,False,False,True,acima_janela_permitida;lado_errado
105,159.0,87.0,292.0,295.29,401.00498750015566,False,False,False,True,acima_janela_permitida;lado_errado
106,158.0,88.0,291.0,294.29,400.98004937901834,False,False,False,True,acima_janela_permitida;lado_errado
107,157.0,88.0,291.0,294.29,401.67648674026213,False,False,False,True,acima_janela_permitida;lado_errado
108,156.0,89.0,290.0,293.29,401.6590594023742,False,False,False,True,acima_janela_permitida;lado_errado
109,155.0,90.0,289.0,292.29,401.6466108409232,False,False,False,True,acima_janela_permitida;lado_errado
110,154.0,91.0,288.0,291.29,401.6391415188515,False,False,False,True,acima_janela_permitida;lado_errado
111,153.0,91.0,288.0,291.29,402.3443798538759,False,False,False,True,acima_janela_permitida;lado_errado
112,152.0,92.0,287.0,290.29,402.3443798538759,False,False,False,True,acima_janela_permitida;lado_errado
113,151.0,93.0,286.0,289.29,402.3493506891741,False,False,False,True,acima_janela_permitida;lado_errado
114,150.0,94.0,285.0,288.29,402.35929217553803,False,False,False,True,acima_janela_permitida;lado_errado
115,149.0,95.0,284.0,287.29,402.37420394453716,False,False,False,True,acima_janela_permitida;lado_errado
116,148.0,95.0,284.0,287.29,403.09056054440174,False,False,False,True,acima_janela_permitida;lado_errado
117,147.0,96.0,283.0,286.29,403.11288741492746,False,False,False,True,acima_janela_permitida;lado_errado
118,146.0,97.0,282.0,285.29,403.1401741330179,False,False,False,True,acima_janela_permitida;lado_errado
119,145.0,98.0,281.0,284.29,403.17241969162524,False,False,False,True,acima_janela_permitida;lado_errado
120,144.0,99.0,280.0,283.29,403.20962290104137,False,False,False,True,acima_janela_permitida;lado_errado
121,143.0,100.0,279.0,282.29,403.2517823891173,False,False,False,True,acima_janela_permitida;lado_errado
122,142.0,101.0,278.0,281.29,403.29889660151565,False,False,False,True,acima_janela_permitida;lado_errado
123,141.0,102.0,277.0,280.29,403.3509638019971,False,False,False,True,acima_janela_permitida;lado_errado
124,140.0,103.0,276.0,279.29,403.40798207273986,False,False,False,True,acima_janela_permitida;lado_errado
125,139.0,104.0,275.0,278.29,403.46994931469186,False,False,False,True,acima_janela_permitida;lado_errado
126,138.0,105.0,274.0,277.29,403.53686324795655,False,False,False,True,acima_janela_permitida;lado_errado
127,137.0,106.0,273.0,276.29,403.6087214122113,False,False,False,True,acima_janela_permitida;lado_errado
128,136.0,107.0,272.0,275.29,403.685521167158,False,False,False,True,acima_janela_permitida;lado_errado
129,135.0,108.0,271.0,274.29,403.7672596930068,False,False,False,True,acima_janela_permitida;lado_errado
130,134.0,109.0,270.0,273.29,403.8539339909914,False,False,False,True,acima_janela_permitida;lado_errado
131,133.0,110.0,269.0,272.29,403.9455408839167,False,False,False,True,acima_janela_permitida;lado_errado
132,132.0,111.0,268.0,271.29,404.04207701673846,False,False,False,True,acima_janela_permitida;lado_errado
133,131.0,112.0,267.0,270.29,404.14353885717384,False,False,False,True,acima_janela_permitida;lado_errado
134,130.0,113.0,266.0,269.29,404.2499226963439,False,False,False,True,acima_janela_permitida;lado_errado
135,129.0,114.0,265.0,268.29,404.36122464944634,False,False,False,True,acima_janela_permitida;lado_errado
136,128.0,115.0,264.0,267.29,404.47744065645986,False,False,False,True,acima_janela_permitida;lado_errado
137,127.0,116.0,263.0,266.29,404.5985664828782,False,False,False,True,acima_janela_permitida;lado_errado
138,126.0,117.0,262.0,265.29,404.7245977204746,False,False,False,True,acima_janela_permitida;lado_errado
139,126.0,118.0,261.0,264.29,404.0853870161602,False,False,False,True,acima_janela_permitida;lado_errado
140,125.0,119.0,260.0,263.29,404.2190000482412,False,False,False,True,acima_janela_permitida;lado_errado
141,124.0,120.0,259.0,262.29,404.357515077932,False,False,False,True,acima_janela_permitida;lado_errado
142,123.0,121.0,258.0,261.29,404.500927069395,False,False,False,True,acima_janela_permitida;lado_errado
143,122.0,122.0,257.0,260.29,404.64923081602416,False,False,False,True,acima_janela_permitida;lado_errado
144,121.0,123.0,256.0,259.29,404.80242094137725,False,False,False,True,acima_janela_permitida;lado_errado
145,121.0,124.0,255.0,258.29,404.1781785302121,False,False,False,True,acima_janela_permitida;lado_errado
146,120.0,125.0,254.0,257.29,404.33896670986337,False,False,False,True,acima_janela_permitida;lado_errado
147,119.0,126.0,253.0,256.29,404.50463532572775,False,False,False,True,acima_janela_permitida;lado_errado
148,118.0,127.0,252.0,255.29000000000002,404.675178383849,False,False,False,True,acima_janela_permitida;lado_errado
149,118.0,128.0,251.0,254.29000000000002,404.0606390135025,False,False,False,True,acima_janela_permitida;lado_errado
150,117.0,129.0,250.0,253.29000000000002,404.23879081552775,False,False,False,True,acima_janela_permitida;lado_errado
151,116.0,130.0,249.0,252.29000000000002,404.42180950092194,False,False,False,True,acima_janela_permitida;lado_errado
152,115.0,131.0,248.0,251.29000000000002,404.6096884653159,False,False,False,True,acima_janela_permitida;lado_errado
153,115.0,132.0,247.0,250.29000000000002,404.00495046471895,False,False,False,True,acima_janela_permitida;lado_errado
154,114.0,133.0,246.0,249.29000000000002,404.2004453238517,False,False,False,True,acima_janela_permitida;lado_errado
155,113.0,134.0,245.0,248.29000000000002,404.40079129497263,False,False,False,True,acima_janela_permitida;lado_errado
156,112.0,135.0,244.0,247.29000000000002,404.6059811718062,False,False,False,True,acima_janela_permitida;lado_errado
157,112.0,136.0,243.0,246.29000000000002,404.01113846031524,False,False,False,True,acima_janela_permitida;lado_errado
158,111.0,137.0,242.0,245.29000000000002,404.22394783090226,False,False,False,True,acima_janela_permitida;lado_errado
159,110.0,138.0,241.0,244.29000000000002,404.4415903440199,False,False,False,True,acima_janela_permitida;lado_errado
160,110.0,139.0,240.0,243.29000000000002,403.8539339909914,False,False,False,True,acima_janela_permitida;lado_errado
161,109.0,140.0,239.0,242.29000000000002,404.0792001575929,False,False,False,True,acima_janela_permitida;lado_errado
162,109.0,141.0,238.0,241.29000000000002,403.49597271843993,False,False,False,True,acima_janela_permitida;lado_errado
163,108.0,142.0,237.0,240.29000000000002,403.7288694160971,False,False,False,True,acima_janela_permitida;lado_errado
164,107.0,143.0,236.0,239.29000000000002,403.966582776348,False,False,False,True,acima_janela_permitida;lado_errado
165,107.0,144.0,235.0,238.29000000000002,403.3906295391602,False,False,False,True,acima_janela_permitida;lado_errado
166,106.0,145.0,234.0,237.29000000000002,403.6359746107871,False,False,False,True,acima_janela_permitida;lado_errado
167,105.0,146.0,233.0,236.29000000000002,403.88612256426933,False,False,False,True,acima_janela_permitida;lado_errado
168,105.0,147.0,232.0,235.29000000000002,403.3174928018868,False,False,False,True,acima_janela_permitida;lado_errado
169,104.0,148.0,231.0,234.29000000000002,403.57527178953865,False,False,False,True,acima_janela_permitida;lado_errado
170,104.0,149.0,230.0,233.29000000000002,403.0111660984097,False,False,False,True,acima_janela_permitida;lado_errado
171,103.0,150.0,229.0,232.29000000000002,403.2765800291408,False,False,False,True,acima_janela_permitida;lado_errado
172,102.0,151.0,228.0,231.29000000000002,403.54677547962143,False,False,False,True,acima_janela_permitida;lado_errado
173,102.0,152.0,227.0,230.29000000000002,402.9900743194552,False,False,False,True,acima_janela_permitida;lado_errado
174,101.0,153.0,226.0,229.29000000000002,403.2679010285842,False,False,False,True,acima_janela_permitida;lado_errado
175,101.0,154.0,225.0,228.29000000000002,402.715780669196,False,False,False,True,acima_janela_permitida;lado_errado
176,100.0,155.0,224.0,227.29000000000002,403.00124069287926,False,False,False,True,acima_janela_permitida;lado_errado
177,100.0,156.0,223.0,226.29000000000002,402.4537240478711,False,False,False,True,acima_janela_permitida;lado_errado
178,99.0,157.0,222.0,225.29000000000002,402.7468187335562,False,False,False,True,acima_janela_permitida;lado_errado
179,99.0,158.0,221.0,224.29000000000002,402.20392837464925,False,False,False,True,acima_janela_permitida;lado_errado
180,98.0,159.0,220.0,223.29000000000002,402.5046583581363,False,False,False,True,acima_janela_permitida;lado_errado
181,98.0,160.0,219.0,222.29000000000002,401.96641650764803,False,False,False,True,acima_janela_permitida;lado_errado
182,97.0,161.0,218.0,221.29000000000002,402.2747817102136,False,False,False,True,acima_janela_permitida;lado_errado
183,97.0,162.0,217.0,220.29000000000002,401.7412102336528,False,False,False,True,acima_janela_permitida;lado_errado
184,96.0,163.0,216.0,219.29000000000002,402.0572098594925,False,False,False,True,acima_janela_permitida;lado_errado
185,96.0,164.0,215.0,218.29000000000002,401.52833025827704,False,False,False,True,acima_janela_permitida;lado_errado
186,95.0,165.0,214.0,217.29000000000002,401.85196279227006,False,False,False,True,acima_janela_permitida;lado_errado
187,95.0,166.0,213.0,216.29000000000002,401.32779619657543,False,False,False,True,acima_janela_permitida;lado_errado
188,94.0,167.0,212.0,215.29000000000002,401.6590594023742,False,False,False,True,acima_janela_permitida;lado_errado
189,94.0,168.0,211.0,214.29000000000002,401.1396265641179,False,False,False,True,acima_janela_permitida;lado_errado
190,93.0,169.0,210.0,213.29000000000002,401.47851748256716,False,False,False,True,acima_janela_permitida;lado_errado
191,93.0,170.0,209.0,212.29000000000002,400.9638387685353,False,False,False,True,acima_janela_permitida;lado_errado
192,93.0,171.0,208.0,211.29000000000002,400.4509957535379,False,False,False,True,acima_janela_permitida;lado_errado
193,92.0,172.0,207.0,210.29000000000002,400.8004491015448,False,False,False,True,acima_janela_permitida;lado_errado
194,92.0,173.0,206.0,209.29000000000002,400.2923931328198,False,False,False,True,acima_janela_permitida;lado_errado
195,91.0,174.0,205.0,208.29000000000002,400.64947273146385,False,False,False,True,acima_janela_permitida;lado_errado
196,91.0,175.0,204.0,207.29000000000002,400.1462232734429,False,False,False,True,acima_janela_permitida;lado_errado
197,91.0,176.0,203.0,206.29000000000002,399.6448423287857,False,False,False,True,acima_janela_permitida;lado_errado
198,90.0,177.0,202.0,205.29000000000002,400.0124998046936,False,False,False,True,acima_janela_permitida;lado_errado
199,90.0,178.0,201.0,204.29000000000002,399.51595712812275,False,False,False,True,acima_janela_permitida;lado_errado
200,90.0,179.0,200.0,203.29000000000002,399.021302689468,False,False,False,True,acima_janela_permitida;lado_errado
201,89.0,180.0,199.0,202.29000000000002,399.3995493237317,False,False,False,True,acima_janela_permitida;lado_errado
202,89.0,181.0,198.0,201.29000000000002,398.909764232464,False,False,False,True,acima_janela_permitida;lado_errado
203,88.0,182.0,197.0,200.29000000000002,399.2956298283266,False,False,False,True,acima_janela_permitida;lado_errado
204,88.0,183.0,196.0,199.29000000000002,398.81073205218536,False,False,False,True,acima_janela_permitida;lado_errado
205,88.0,184.0,195.0,198.29000000000002,398.32775449370837,False,False,False,True,acima_janela_permitida;lado_errado
206,87.0,185.0,194.0,197.29000000000002,398.7242154672826,False,False,False,True,acima_janela_permitida;lado_errado
207,87.0,186.0,193.0,196.29000000000002,398.24615503479754,False,False,False,True,acima_janela_permitida;lado_errado
208,87.0,187.0,192.0,195.29000000000002,397.7700340649104,False,False,False,True,acima_janela_permitida;lado_errado
209,86.0,188.0,191.0,194.29000000000002,398.1770962775232,False,False,False,True,acima_janela_permitida;lado_errado
210,86.0,189.0,190.0,193.29000000000002,397.70592150482247,False,False,False,True,acima_janela_permitida;lado_errado
211,86.0,190.0,189.0,192.29000000000002,397.23670525267426,False,False,False,True,acima_janela_permitida;lado_errado
212,86.0,191.0,188.0,191.29000000000002,396.76945446946894,False,False,False,True,acima_janela_permitida;lado_errado
213,85.0,192.0,187.0,190.29000000000002,397.1901307938051,False,False,False,True,acima_janela_permitida;lado_errado
214,85.0,193.0,186.0,189.29000000000002,396.72786642735343,False,False,False,True,acima_janela_permitida;lado_errado
215,85.0,194.0,185.0,188.29000000000002,396.2675863605299,False,False,False,True,acima_janela_permitida;lado_errado
216,84.0,195.0,184.0,187.29000000000002,396.6988782439396,False,False,False,True,acima_janela_permitida;lado_errado
217,84.0,196.0,183.0,186.29000000000002,396.24361193588976,False,False,False,True,acima_janela_permitida;lado_errado
218,84.0,197.0,182.0,185.29000000000002,395.790348543266,False,False,False,True,acima_janela_permitida;lado_errado
219,84.0,198.0,181.0,184.29000000000002,395.33909495520425,False,False,False,True,acima_janela_permitida;lado_errado
220,83.0,199.0,180.0,183.29000000000002,395.7840320174628,False,False,False,True,acima_janela_permitida;lado_errado
221,83.0,200.0,179.0,182.29000000000002,395.337830216133,False,False,False,True,acima_janela_permitida;lado_errado
222,83.0,201.0,178.0,181.29000000000002,394.89365657098114,False,False,False,True,acima_janela_permitida;lado_errado
223,83.0,202.0,177.0,180.29000000000002,394.45151793344644,False,False,False,True,acima_janela_permitida;lado_errado
224,82.0,203.0,176.0,179.29000000000002,394.9101163556082,False,True,False,True,lado_errado
225,82.0,204.0,175.0,178.29000000000002,394.4730662542121,False,True,False,True,lado_errado
226,82.0,205.0,174.0,177.29000000000002,394.03806922681974,False,True,False,True,lado_errado
227,82.0,206.0,173.0,176.29000000000002,393.605132080363,False,True,False,True,lado_errado
228,82.0,207.0,172.0,175.29000000000002,393.17426161945036,False,True,False,True,lado_errado
229,81.0,208.0,171.0,174.29000000000002,393.6495903719449,False,True,False,True,lado_errado
230,81.0,209.0,170.0,173.29000000000002,393.2238548206352,False,True,False,True,lado_errado
231,81.0,210.0,169.0,172.29000000000002,392.800203665935,False,True,False,True,lado_errado
232,81.0,211.0,168.0,171.29000000000002,392.3786436594122,False,True,False,True,lado_errado
233,81.0,212.0,167.0,170.29000000000002,391.95918154828314,False,True,False,True,lado_errado
234,80.0,213.0,166.0,169.29000000000002,392.45127086047256,False,True,False,True,lado_errado
235,80.0,214.0,165.0,168.29000000000002,392.0369880508726,False,True,False,True,lado_errado
236,80.0,215.0,164.0,167.29000000000002,391.6248204595822,False,True,False,True,lado_errado
237,80.0,216.0,163.0,166.29000000000002,391.21477477211926,False,True,False,True,lado_errado
238,80.0,217.0,162.0,165.29000000000002,390.8068576675696,False,True,False,True,lado_errado
239,79.0,218.0,161.0,164.29000000000002,391.31572930307823,False,True,False,True,lado_errado
240,79.0,219.0,160.0,163.29000000000002,390.9130338067535,False,True,False,True,lado_errado
241,79.0,220.0,159.0,162.29000000000002,390.51248379533274,False,True,False,True,lado_errado
242,79.0,221.0,158.0,161.29000000000002,390.114085877452,False,True,False,True,lado_errado
243,79.0,222.0,157.0,160.29000000000002,389.71784665319086,False,True,False,True,lado_errado
244,79.0,223.0,156.0,159.29000000000002,389.3237727136631,False,True,False,True,lado_errado
245,79.0,224.0,155.0,158.29000000000002,388.9318706406046,False,True,False,True,lado_errado
246,79.0,225.0,154.0,157.29000000000002,388.54214700595867,False,True,False,True,lado_errado
247,78.0,226.0,153.0,156.29000000000002,389.0771131793799,False,True,False,True,lado_errado
248,78.0,227.0,152.0,155.29000000000002,388.69268066172793,False,True,False,True,lado_errado
249,78.0,228.0,151.0,154.29000000000002,388.3104428160541,False,True,False,True,lado_errado
250,78.0,229.0,150.0,153.29000000000002,387.9304061297593,False,True,False,True,lado_errado
251,78.0,230.0,149.0,152.29000000000002,387.55257707825916,False,True,False,True,lado_errado
252,78.0,231.0,148.0,151.29000000000002,387.17696212455616,False,True,False,True,lado_errado
253,78.0,232.0,147.0,150.29000000000002,386.80356771881,False,True,False,True,lado_errado
254,78.0,233.0,146.0,149.29000000000002,386.4324002979046,False,True,False,True,lado_errado
255,77.0,234.0,145.0,148.29000000000002,386.99353999776275,False,True,False,True,lado_errado
256,77.0,235.0,144.0,147.29000000000002,386.62772792442087,False,True,False,True,lado_errado
257,77.0,236.0,143.0,146.29000000000002,386.2641583165593,False,True,False,True,lado_errado
258,77.0,237.0,142.0,145.29000000000002,385.9028375122422,False,True,False,True,lado_errado
259,77.0,238.0,141.0,144.29000000000002,385.5437718340163,False,True,False,True,lado_errado
260,77.0,239.0,140.0,143.29000000000002,385.18696758846863,False,True,False,True,lado_errado
261,77.0,240.0,139.0,142.29000000000002,384.8324310657822,False,True,False,True,lado_errado
262,77.0,241.0,138.0,141.29000000000002,384.4801685392889,False,True,False,True,lado_errado
263,77.0,242.0,137.0,140.29000000000002,384.13018626502134,False,True,False,True,lado_errado
264,77.0,243.0,136.0,139.29000000000002,383.7824904812621,False,True,False,True,lado_errado
265,77.0,244.0,135.0,138.29000000000002,383.437087408091,False,True,False,True,lado_errado
266,77.0,245.0,134.0,137.29000000000002,383.0939832469312,False,True,False,True,lado_errado
267,77.0,246.0,133.0,136.29000000000002,382.7531841800928,False,True,False,True,lado_errado
268,77.0,247.0,132.0,135.29000000000002,382.41469637031474,False,True,False,True,lado_errado
269,77.0,248.0,131.0,134.29000000000002,382.0785259603057,False,True,False,True,lado_errado
270,77.0,249.0,130.0,133.29000000000002,381.74467907228257,False,True,False,True,lado_errado
271,77.0,250.0,129.0,132.29000000000002,381.4131618075076,False,True,False,True,lado_errado
272,77.0,251.0,128.0,131.29000000000002,381.08398024582453,False,True,False,True,lado_errado
273,77.0,252.0,127.0,130.29000000000002,380.7571404451924,False,True,False,True,lado_errado
274,77.0,253.0,126.0,129.29000000000002,380.4326484412188,False,True,False,True,lado_errado
275,77.0,254.0,125.0,128.29000000000002,380.11051024669126,False,True,False,True,lado_errado
276,77.0,255.0,124.0,127.29000000000002,379.7907318511077,False,True,False,True,lado_errado
277,77.0,256.0,123.0,126.29000000000002,379.4733192202055,False,True,False,True,lado_errado
278,77.0,257.0,122.0,125.29000000000002,379.15827829548965,False,True,False,True,lado_errado
279,77.0,258.0,121.0,124.29000000000002,378.8456149937597,False,True,False,True,lado_errado
280,77.0,259.0,120.0,123.29000000000002,378.53533520663564,False,True,False,True,lado_errado
281,77.0,260.0,119.0,122.29000000000002,378.2274448000832,False,True,False,True,lado_errado
282,77.0,261.0,118.0,121.29000000000002,377.9219496139381,False,True,False,True,lado_errado
283,77.0,262.0,117.0,120.29000000000002,377.6188554614295,False,True,False,True,lado_errado
284,77.0,263.0,116.0,119.29000000000002,377.3181681287028,False,True,False,True,lado_errado
285,77.0,264.0,115.0,118.29000000000002,377.01989337434173,False,True,False,True,lado_errado
286,77.0,265.0,114.0,117.29000000000002,376.7240369288904,False,True,False,True,lado_errado
287,78.0,266.0,113.0,116.29000000000002,375.47436663506073,False,True,False,True,lado_errado
288,78.0,267.0,112.0,115.29000000000002,375.1826221988433,False,True,False,True,lado_errado
289,78.0,268.0,111.0,114.29000000000002,374.8933181586463,False,True,False,True,lado_errado
290,78.0,269.0,110.0,113.29000000000002,374.60646016853474,False,True,False,True,lado_errado
291,78.0,270.0,109.0,112.29000000000002,374.32205385202724,False,True,False,True,lado_errado
292,78.0,271.0,108.0,111.29000000000002,374.0401048016108,False,True,False,True,lado_errado
293,78.0,272.0,107.0,110.29000000000002,373.7606185782552,False,True,False,True,lado_errado
294,78.0,273.0,106.0,109.29000000000002,373.48360071092816,False,True,False,True,lado_errado
295,78.0,274.0,105.0,108.29000000000002,373.20905669610966,False,True,False,True,lado_errado
296,79.0,275.0,104.0,107.29000000000002,371.9744614889576,False,True,False,True,lado_errado
297,79.0,276.0,103.0,106.29000000000002,371.7041834577599,False,True,False,True,lado_errado
298,79.0,277.0,102.0,105.29000000000002,371.43640101637857,False,True,False,True,lado_errado
299,79.0,278.0,101.0,104.29000000000002,371.1711195661645,False,True,False,True,lado_errado
300,79.0,279.0,100.0,103.29000000000002,370.9083444734022,False,True,False,True,lado_errado
301,79.0,280.0,99.0,102.29000000000002,370.64808106882197,False,True,False,True,lado_errado
302,79.0,281.0,98.0,101.29000000000002,370.3903346471125,False,True,False,True,lado_errado
303,79.0,282.0,97.0,100.29000000000002,370.1351104664349,False,True,False,True,lado_errado
304,80.0,283.0,96.0,99.29000000000002,368.9146242696269,False,True,False,True,lado_errado
305,80.0,284.0,95.0,98.29000000000002,368.6638034849638,False,True,False,True,lado_errado
306,80.0,285.0,94.0,97.29000000000002,368.41552627434146,False,True,False,True,lado_errado
307,80.0,286.0,93.0,96.29000000000002,368.16979778357705,False,True,False,True,lado_errado
308,80.0,287.0,92.0,95.29000000000002,367.92662311933884,False,True,False,True,lado_errado
309,81.0,288.0,91.0,94.29000000000002,366.7151483099655,False,True,False,True,lado_errado
310,81.0,289.0,90.0,93.29000000000002,366.47646582011237,False,True,False,True,lado_errado
311,81.0,290.0,89.0,92.29000000000002,366.24035823486196,False,True,False,True,lado_errado
312,81.0,291.0,88.0,91.29000000000002,366.00683053735486,False,True,False,True,lado_errado
313,82.0,292.0,87.0,90.29000000000002,364.8026863936174,False,True,False,True,lado_errado
314,82.0,293.0,86.0,89.29000000000002,364.5737236828787,False,True,False,True,lado_errado
315,82.0,294.0,85.0,88.29000000000002,364.3473617305332,False,True,False,True,lado_errado
316,82.0,295.0,84.0,87.29000000000002,364.12360538696197,False,True,False,True,lado_errado
317,82.0,296.0,83.0,86.29000000000002,363.90245945857527,False,True,False,True,lado_errado
318,83.0,297.0,82.0,85.29000000000002,362.70787143374764,False,True,False,True,lado_errado
319,83.0,298.0,81.0,84.29000000000002,362.49137920783716,False,True,False,True,lado_errado
320,83.0,299.0,80.0,83.29000000000002,362.27751793342077,False,True,False,True,lado_errado
321,83.0,300.0,79.0,82.29000000000002,362.0662922725616,False,True,False,True,lado_errado
322,84.0,301.0,78.0,81.29000000000002,360.8794812676387,False,True,False,True,lado_errado
323,84.0,302.0,77.0,80.29000000000002,360.672982076562,False,True,False,True,lado_errado
324,84.0,303.0,76.0,79.29000000000002,360.46913876225244,False,True,False,True,lado_errado
325,84.0,304.0,75.0,78.29000000000002,360.26795583287725,False,True,False,True,lado_errado
326,85.0,305.0,74.0,77.29000000000002,359.0891254271006,False,True,False,True,lado_errado
327,85.0,306.0,73.0,76.29000000000002,358.8927416373867,False,True,False,True,lado_errado
328,85.0,307.0,72.0,75.29000000000002,358.69903819218695,False,True,False,True,lado_errado
329,86.0,308.0,71.0,74.29000000000002,357.5262228144951,False,True,False,True,lado_errado
330,86.0,309.0,70.0,73.29000000000002,357.33737559902687,False,True,False,True,lado_errado
331,86.0,310.0,69.0,72.29000000000002,357.1512284733177,False,True,False,True,lado_errado
332,86.0,311.0,68.0,71.29000000000002,356.9677856613955,False,True,False,True,lado_errado
333,87.0,312.0,67.0,70.29000000000002,355.8033164544704,False,True,False,True,lado_errado
334,87.0,313.0,66.0,69.29000000000002,355.62480228465506,False,True,False,True,lado_errado
335,87.0,314.0,65.0,68.29000000000002,355.4490118146343,False,True,False,True,lado_errado
336,88.0,315.0,64.0,67.29000000000002,354.290840976732,False,True,False,True,lado_errado
337,88.0,316.0,63.0,66.29000000000002,354.1200361459374,False,True,False,True,lado_errado
338,88.0,317.0,62.0,65.29000000000002,353.9519741433857,False,True,False,True,lado_errado
339,89.0,318.0,61.0,64.29000000000002,352.80022675729674,False,True,False,True,lado_errado
340,89.0,319.0,60.0,63.29000000000002,352.6372073392143,False,True,False,True,lado_errado
341,89.0,320.0,59.0,62.29000000000002,352.4769496009633,False,True,False,True,lado_errado
342,90.0,321.0,58.0,61.29000000000002,351.33175205210244,False,True,False,True,lado_errado
343,90.0,322.0,57.0,60.29000000000002,351.17659375305755,False,True,False,True,lado_errado
344,91.0,323.0,56.0,59.29000000000002,350.03571246374275,False,True,False,True,lado_errado
345,91.0,324.0,55.0,58.29000000000002,349.88569562072695,False,True,False,True,lado_errado
346,91.0,325.0,54.0,57.29000000000002,349.73847372000694,False,True,False,True,lado_errado
347,92.0,326.0,53.0,56.29000000000002,348.60436027106715,False,True,False,True,lado_errado
348,92.0,327.0,52.0,55.29000000000002,348.4623365587736,False,True,False,True,lado_errado
349,92.0,328.0,51.0,54.29000000000002,348.3231258472512,False,True,False,True,lado_errado
350,93.0,329.0,50.0,53.29000000000002,347.1959101141602,False,True,False,True,lado_errado
351,93.0,330.0,49.0,52.29000000000002,347.06195412346773,False,True,False,True,lado_errado
352,94.0,331.0,48.0,51.29000000000002,345.9393010341554,False,True,False,True,lado_errado
353,94.0,332.0,47.0,50.29000000000002,345.8106418258409,False,True,False,True,lado_errado
354,95.0,333.0,46.0,49.29000000000002,344.6926166891307,False,True,False,True,lado_errado
355,95.0,334.0,45.0,48.29000000000002,344.5692963686695,False,True,False,True,lado_errado
356,96.0,335.0,44.0,47.29000000000002,343.45596515419555,False,True,False,True,lado_errado
357,96.0,336.0,43.0,46.29000000000002,343.3380258579,False,True,False,True,lado_errado
358,97.0,337.0,42.0,45.29000000000002,342.2294551905198,False,True,False,True,lado_errado
359,97.0,338.0,41.0,44.29000000000002,342.11693907200794,False,True,False,True,lado_errado
360,98.0,339.0,40.0,43.29000000000002,341.0131962256006,False,True,False,True,lado_errado
361,98.0,340.0,39.0,42.29000000000002,340.90614544182097,False,True,False,True,lado_errado
362,99.0,341.0,38.0,41.29000000000002,339.8072983324519,False,True,False,True,lado_errado
363,99.0,342.0,37.0,40.29000000000002,339.70575502926056,False,True,False,True,lado_errado
364,100.0,343.0,36.0,39.29000000000002,338.61187220769443,False,True,False,True,lado_errado
365,100.0,344.0,35.0,38.29000000000002,338.51587850498237,False,True,False,True,lado_errado
366,101.0,345.0,34.0,37.29000000000002,337.42702914852566,False,True,False,True,lado_errado
367,101.0,346.0,33.0,36.29000000000002,337.33662712489433,False,True,False,True,lado_errado
368,102.0,347.0,32.0,35.29000000000002,336.2528810285497,False,True,False,True,lado_errado
369,102.0,348.0,31.0,34.29000000000002,336.1681127055331,False,True,False,True,lado_errado
370,103.0,349.0,30.0,33.29000000000002,335.08954027244715,False,True,False,True,lado_errado
371,103.0,350.0,29.0,32.29000000000002,335.0104475982801,False,True,False,True,lado_errado
372,104.0,351.0,28.0,31.29000000000002,333.9371198294673,False,True,False,True,lado_errado
373,105.0,352.0,27.0,30.29000000000002,332.86633954186476,False,True,False,True,lado_errado
374,105.0,353.0,26.0,29.29000000000002,332.7957331457241,False,True,False,True,lado_errado
375,106.0,354.0,25.0,28.29000000000002,331.7303121513016,False,True,False,True,lado_errado
376,107.0,355.0,24.0,27.29000000000002,330.667506719363,False,True,False,True,lado_errado
377,107.0,356.0,23.0,26.29000000000002,330.6055050963308,False,True,False,True,lado_errado
378,108.0,357.0,22.0,25.29000000000002,329.548175537356,False,True,False,True,lado_errado
379,108.0,358.0,21.0,24.29000000000002,329.49203328760467,False,True,False,True,lado_errado
380,109.0,359.0,20.0,23.29000000000002,328.4402533186211,False,True,False,True,lado_errado
381,110.0,360.0,19.0,22.29000000000002,327.3912033027155,False,True,False,True,lado_errado
382,110.0,361.0,18.0,21.29000000000002,327.3438559069041,False,True,False,True,lado_errado
383,111.0,362.0,17.0,20.29000000000002,326.3004750226392,False,True,False,True,lado_errado
384,112.0,363.0,16.0,19.29000000000002,325.25989608311687,False,True,False,True,lado_errado
385,112.0,364.0,15.0,18.29000000000002,325.22146300636433,False,True,False,True,lado_errado
386,113.0,365.0,14.0,17.29000000000002,324.18667461818967,False,True,False,True,lado_errado
387,114.0,366.0,13.0,16.29000000000002,323.154761685481,False,True,False,True,lado_errado
388,114.0,367.0,12.0,15.29000000000002,323.12536266904215,False,True,False,True,lado_errado
389,115.0,368.0,11.0,14.29000000000002,322.0993635510632,False,True,False,True,lado_errado
390,116.0,369.0,10.0,13.29000000000002,321.0763149159402,False,True,False,True,lado_errado
391,117.0,370.0,9.0,12.29000000000002,320.0562450570212,False,True,False,True,lado_errado
392,117.0,371.0,8.0,11.29000000000002,320.0390601161052,False,True,False,True,lado_errado
393,118.0,372.0,7.0,10.29000000000002,319.02507738420815,False,True,False,True,lado_errado
394,119.0,373.0,6.0,9.29000000000002,318.014150628553,False,True,False,True,lado_errado
395,120.0,374.0,5.0,8.29000000000002,317.00630908548175,False,True,False,True,lado_errado
396,120.0,375.0,4.0,7.2900000000000205,317.00157728314224,False,True,False,True,lado_errado
397,120.0,376.0,3.0,6.2900000000000205,317.0,False,True,False,True,lado_errado
398,121.0,376.0,3.0,6.2900000000000205,316.0,False,True,False,True,lado_errado
399,122.0,376.0,3.0,6.2900000000000205,315.0,False,True,False,True,lado_errado
400,123.0,376.0,3.0,6.2900000000000205,314.0,False,True,False,True,lado_errado
401,124.0,376.0,3.0,6.2900000000000205,313.0,False,True,False,True,lado_errado
402,125.0,376.0,3.0,6.2900000000000205,312.0,False,True,False,True,lado_errado
403,126.0,376.0,3.0,6.2900000000000205,311.0,False,True,False,True,lado_errado
404,127.0,376.0,3.0,6.2900000000000205,310.0,False,True,False,True,lado_errado
405,128.0,376.0,3.0,6.2900000000000205,309.0,False,True,False,True,lado_errado
406,129.0,376.0,3.0,6.2900000000000205,308.0,False,True,False,True,lado_errado
407,130.0,376.0,3.0,6.2900000000000205,307.0,False,True,False,True,lado_errado
408,131.0,376.0,3.0,6.2900000000000205,306.0,False,True,False,True,lado_errado
409,132.0,376.0,3.0,6.2900000000000205,305.0,False,True,False,True,lado_errado
410,133.0,376.0,3.0,6.2900000000000205,304.0,False,True,False,True,lado_errado
411,134.0,376.0,3.0,6.2900000000000205,303.0,False,True,False,True,lado_errado
412,135.0,376.0,3.0,6.2900000000000205,302.0,False,True,False,True,lado_errado
413,136.0,376.0,3.0,6.2900000000000205,301.0,False,True,False,True,lado_errado
414,137.0,376.0,3.0,6.2900000000000205,300.0,False,True,False,True,lado_errado
415,138.0,376.0,3.0,6.2900000000000205,299.0,False,True,False,True,lado_errado
416,139.0,376.0,3.0,6.2900000000000205,298.0,False,True,False,True,lado_errado
417,140.0,376.0,3.0,6.2900000000000205,297.0,False,True,False,True,lado_errado
418,141.0,376.0,3.0,6.2900000000000205,296.0,False,True,False,True,lado_errado
419,142.0,376.0,3.0,6.2900000000000205,295.0,False,True,False,True,lado_errado
420,143.0,376.0,3.0,6.2900000000000205,294.0,False,True,False,True,lado_errado
421,144.0,376.0,3.0,6.2900000000000205,293.0,False,True,False,True,lado_errado
422,145.0,376.0,3.0,6.2900000000000205,292.0,False,True,False,True,lado_errado
423,146.0,376.0,3.0,6.2900000000000205,291.0,False,True,False,True,lado_errado
424,147.0,376.0,3.0,6.2900000000000205,290.0,False,True,False,True,lado_errado
425,148.0,376.0,3.0,6.2900000000000205,289.0,False,True,False,True,lado_errado
426,149.0,376.0,3.0,6.2900000000000205,288.0,False,True,False,True,lado_errado
427,150.0,376.0,3.0,6.2900000000000205,287.0,False,True,False,True,lado_errado
428,151.0,376.0,3.0,6.2900000000000205,286.0,False,True,False,True,lado_errado
429,152.0,376.0,3.0,6.2900000000000205,285.0,False,True,False,True,lado_errado
430,153.0,376.0,3.0,6.2900000000000205,284.0,False,True,False,True,lado_errado
431,154.0,376.0,3.0,6.2900000000000205,283.0,False,True,False,True,lado_errado
432,155.0,376.0,3.0,6.2900000000000205,282.0,False,True,False,True,lado_errado
433,156.0,376.0,3.0,6.2900000000000205,281.0,False,True,False,True,lado_errado
434,157.0,376.0,3.0,6.2900000000000205,280.0,False,True,False,True,lado_errado
435,158.0,376.0,3.0,6.2900000000000205,279.0,False,True,False,True,lado_errado
436,159.0,376.0,3.0,6.2900000000000205,278.0,False,True,False,True,lado_errado
437,160.0,376.0,3.0,6.2900000000000205,277.0,False,True,False,True,lado_errado
438,161.0,376.0,3.0,6.2900000000000205,276.0,False,True,False,True,lado_errado
439,162.0,376.0,3.0,6.2900000000000205,275.0,False,True,False,True,lado_errado
440,163.0,376.0,3.0,6.2900000000000205,274.0,False,True,False,True,lado_errado
441,164.0,376.0,3.0,6.2900000000000205,273.0,False,True,False,True,lado_errado
442,165.0,376.0,3.0,6.2900000000000205,272.0,False,True,False,True,lado_errado
443,166.0,376.0,3.0,6.2900000000000205,271.0,False,True,False,True,lado_errado
444,167.0,376.0,3.0,6.2900000000000205,270.0,False,True,False,True,lado_errado
445,168.0,376.0,3.0,6.2900000000000205,269.0,False,True,False,True,lado_errado
446,169.0,376.0,3.0,6.2900000000000205,268.0,False,True,False,True,lado_errado
447,170.0,376.0,3.0,6.2900000000000205,267.0,False,True,False,True,lado_errado
448,171.0,376.0,3.0,6.2900000000000205,266.0,False,True,False,True,lado_errado
449,172.0,376.0,3.0,6.2900000000000205,265.0,False,True,False,True,lado_errado
450,173.0,376.0,3.0,6.2900000000000205,264.0,False,True,False,True,lado_errado
451,174.0,376.0,3.0,6.2900000000000205,263.0,False,True,False,True,lado_errado
452,175.0,376.0,3.0,6.2900000000000205,262.0,False,True,False,True,lado_errado
453,176.0,376.0,3.0,6.2900000000000205,261.0,False,True,False,True,lado_errado
454,177.0,376.0,3.0,6.2900000000000205,260.0,False,True,False,True,lado_errado
455,178.0,376.0,3.0,6.2900000000000205,259.0,False,True,False,True,lado_errado
456,179.0,376.0,3.0,6.2900000000000205,258.0,False,True,False,True,lado_errado
457,180.0,376.0,3.0,6.2900000000000205,257.0,False,True,False,True,lado_errado
458,181.0,376.0,3.0,6.2900000000000205,256.0,False,True,False,True,lado_errado
459,182.0,376.0,3.0,6.2900000000000205,255.0,False,True,False,True,lado_errado
460,183.0,376.0,3.0,6.2900000000000205,254.0,False,True,False,True,lado_errado
461,184.0,376.0,3.0,6.2900000000000205,253.0,False,True,False,True,lado_errado
462,185.0,376.0,3.0,6.2900000000000205,252.0,False,True,False,True,lado_errado
463,186.0,376.0,3.0,6.2900000000000205,251.0,False,True,False,True,lado_errado
464,187.0,376.0,3.0,6.2900000000000205,250.0,False,True,False,True,lado_errado
465,188.0,376.0,3.0,6.2900000000000205,249.0,False,True,False,True,lado_errado
466,189.0,376.0,3.0,6.2900000000000205,248.0,False,True,False,True,lado_errado
467,190.0,376.0,3.0,6.2900000000000205,247.0,False,True,False,True,lado_errado
468,191.0,376.0,3.0,6.2900000000000205,246.0,False,True,False,True,lado_errado
469,192.0,376.0,3.0,6.2900000000000205,245.0,False,True,False,True,lado_errado
470,193.0,376.0,3.0,6.2900000000000205,244.0,False,True,False,True,lado_errado
471,194.0,376.0,3.0,6.2900000000000205,243.0,False,True,False,True,lado_errado
472,195.0,376.0,3.0,6.2900000000000205,242.0,False,True,False,True,lado_errado
473,196.0,376.0,3.0,6.2900000000000205,241.0,False,True,False,True,lado_errado
474,197.0,376.0,3.0,6.2900000000000205,240.0,False,True,False,True,lado_errado
475,198.0,376.0,3.0,6.2900000000000205,239.0,False,True,False,True,lado_errado
476,199.0,376.0,3.0,6.2900000000000205,238.0,False,True,False,True,lado_errado
477,200.0,376.0,3.0,6.2900000000000205,237.0,False,True,False,True,lado_errado
478,201.0,376.0,3.0,6.2900000000000205,236.0,False,True,False,True,lado_errado
479,202.0,376.0,3.0,6.2900000000000205,235.0,False,True,False,True,lado_errado
480,203.0,376.0,3.0,6.2900000000000205,234.0,False,True,False,True,lado_errado
481,204.0,376.0,3.0,6.2900000000000205,233.0,False,True,False,True,lado_errado
482,205.0,376.0,3.0,6.2900000000000205,232.0,False,True,False,True,lado_errado
483,206.0,376.0,3.0,6.2900000000000205,231.0,False,True,False,True,lado_errado
484,207.0,376.0,3.0,6.2900000000000205,230.0,False,True,False,True,lado_errado
485,208.0,376.0,3.0,6.2900000000000205,229.0,False,True,False,True,lado_errado
486,209.0,376.0,3.0,6.2900000000000205,228.0,False,True,False,True,lado_errado
487,210.0,376.0,3.0,6.2900000000000205,227.0,False,True,False,True,lado_errado
488,211.0,376.0,3.0,6.2900000000000205,226.0,False,True,False,True,lado_errado
489,212.0,376.0,3.0,6.2900000000000205,225.0,False,True,False,True,lado_errado
490,213.0,376.0,3.0,6.2900000000000205,224.0,False,True,False,True,lado_errado
491,214.0,376.0,3.0,6.2900000000000205,223.0,False,True,False,True,lado_errado
492,215.0,376.0,3.0,6.2900000000000205,222.0,False,True,False,True,lado_errado
493,216.0,376.0,3.0,6.2900000000000205,221.0,False,True,False,True,lado_errado
494,217.0,376.0,3.0,6.2900000000000205,220.0,False,True,False,True,lado_errado
495,218.0,376.0,3.0,6.2900000000000205,219.0,False,True,False,True,lado_errado
496,219.0,376.0,3.0,6.2900000000000205,218.0,False,True,False,True,lado_errado
497,220.0,376.0,3.0,6.2900000000000205,217.0,False,True,False,True,lado_errado
498,221.0,376.0,3.0,6.2900000000000205,216.0,False,True,False,True,lado_errado
499,222.0,376.0,3.0,6.2900000000000205,215.0,False,True,False,True,lado_errado
500,223.0,376.0,3.0,6.2900000000000205,214.0,False,True,False,True,lado_errado
501,224.0,376.0,3.0,6.2900000000000205,213.0,False,True,False,True,lado_errado
502,225.0,376.0,3.0,6.2900000000000205,212.0,False,True,False,True,lado_errado
503,226.0,376.0,3.0,6.2900000000000205,211.0,False,True,False,True,lado_errado
504,227.0,376.0,3.0,6.2900000000000205,210.0,False,True,False,True,lado_errado
505,228.0,376.0,3.0,6.2900000000000205,209.0,False,True,False,True,lado_errado
506,229.0,376.0,3.0,6.2900000000000205,208.0,False,True,False,True,lado_errado
507,230.0,376.0,3.0,6.2900000000000205,207.0,False,True,False,True,lado_errado
508,231.0,376.0,3.0,6.2900000000000205,206.0,False,True,False,True,lado_errado
509,232.0,376.0,3.0,6.2900000000000205,205.0,False,True,False,True,lado_errado
510,233.0,376.0,3.0,6.2900000000000205,204.0,False,True,False,True,lado_errado
511,234.0,376.0,3.0,6.2900000000000205,203.0,False,True,False,True,lado_errado
512,235.0,376.0,3.0,6.2900000000000205,202.0,False,True,False,True,lado_errado
513,236.0,376.0,3.0,6.2900000000000205,201.0,False,True,False,True,lado_errado
514,237.0,376.0,3.0,6.2900000000000205,200.0,False,True,False,True,lado_errado
515,238.0,376.0,3.0,6.2900000000000205,199.0,False,True,False,True,lado_errado
516,239.0,376.0,3.0,6.2900000000000205,198.0,False,True,False,True,lado_errado
517,240.0,376.0,3.0,6.2900000000000205,197.0,False,True,False,True,lado_errado
518,241.0,376.0,3.0,6.2900000000000205,196.0,False,True,False,True,lado_errado
519,242.0,376.0,3.0,6.2900000000000205,195.0,False,True,False,True,lado_errado
520,243.0,376.0,3.0,6.2900000000000205,194.0,False,True,False,True,lado_errado
521,244.0,376.0,3.0,6.2900000000000205,193.0,False,True,False,True,lado_errado
522,245.0,376.0,3.0,6.2900000000000205,192.0,False,True,False,True,lado_errado
523,246.0,376.0,3.0,6.2900000000000205,191.0,False,True,False,True,lado_errado
524,247.0,376.0,3.0,6.2900000000000205,190.0,False,True,False,True,lado_errado
525,248.0,376.0,3.0,6.2900000000000205,189.0,False,True,False,True,lado_errado
526,249.0,376.0,3.0,6.2900000000000205,188.0,False,True,False,True,lado_errado
527,250.0,376.0,3.0,6.2900000000000205,187.0,False,True,False,True,lado_errado
528,251.0,376.0,3.0,6.2900000000000205,186.0,False,True,False,True,lado_errado
529,252.0,376.0,3.0,6.2900000000000205,185.0,False,True,False,True,lado_errado
530,253.0,376.0,3.0,6.2900000000000205,184.0,False,True,False,True,lado_errado
531,254.0,376.0,3.0,6.2900000000000205,183.0,False,True,False,True,lado_errado
532,255.0,376.0,3.0,6.2900000000000205,182.0,False,True,False,True,lado_errado
533,256.0,376.0,3.0,6.2900000000000205,181.0,False,True,False,True,lado_errado
534,257.0,376.0,3.0,6.2900000000000205,180.0,False,True,False,True,lado_errado
535,258.0,376.0,3.0,6.2900000000000205,179.0,False,True,False,True,lado_errado
536,259.0,376.0,3.0,6.2900000000000205,178.0,False,True,False,True,lado_errado
537,260.0,376.0,3.0,6.2900000000000205,177.0,False,True,False,True,lado_errado
538,261.0,376.0,3.0,6.2900000000000205,176.0,False,True,False,True,lado_errado
539,262.0,376.0,3.0,6.2900000000000205,175.0,False,True,False,True,lado_errado
540,263.0,376.0,3.0,6.2900000000000205,174.0,False,True,False,True,lado_errado
541,264.0,376.0,3.0,6.2900000000000205,173.0,False,True,False,True,lado_errado
542,265.0,376.0,3.0,6.2900000000000205,172.0,False,True,False,True,lado_errado
543,266.0,376.0,3.0,6.2900000000000205,171.0,False,True,False,True,lado_errado
544,267.0,376.0,3.0,6.2900000000000205,170.0,False,True,False,True,lado_errado
545,268.0,376.0,3.0,6.2900000000000205,169.0,False,True,False,True,lado_errado
546,269.0,376.0,3.0,6.2900000000000205,168.0,False,True,False,True,lado_errado
547,270.0,376.0,3.0,6.2900000000000205,167.0,False,True,False,True,lado_errado
548,271.0,376.0,3.0,6.2900000000000205,166.0,False,True,False,True,lado_errado
549,272.0,376.0,3.0,6.2900000000000205,165.0,False,True,False,True,lado_errado
550,273.0,376.0,3.0,6.2900000000000205,164.0,False,True,False,True,lado_errado
551,274.0,376.0,3.0,6.2900000000000205,163.0,False,True,False,True,lado_errado
552,275.0,376.0,3.0,6.2900000000000205,162.0,False,True,False,True,lado_errado
553,276.0,376.0,3.0,6.2900000000000205,161.0,False,True,False,True,lado_errado
554,277.0,376.0,3.0,6.2900000000000205,160.0,False,True,False,True,lado_errado
555,278.0,376.0,3.0,6.2900000000000205,159.0,False,True,False,True,lado_errado
556,279.0,376.0,3.0,6.2900000000000205,158.0,False,True,False,True,lado_errado
557,280.0,376.0,3.0,6.2900000000000205,157.0,False,True,False,True,lado_errado
558,281.0,376.0,3.0,6.2900000000000205,156.0,True,True,True,False,mantido
559,282.0,376.0,3.0,6.2900000000000205,155.0,True,True,True,False,mantido
560,283.0,376.0,3.0,6.2900000000000205,154.0,True,True,True,False,mantido
561,284.0,376.0,3.0,6.2900000000000205,153.0,True,True,True,False,mantido
562,285.0,376.0,3.0,6.2900000000000205,152.0,True,True,True,False,mantido
563,286.0,376.0,3.0,6.2900000000000205,151.0,True,True,True,False,mantido
564,287.0,376.0,3.0,6.2900000000000205,150.0,True,True,True,False,mantido
565,288.0,376.0,3.0,6.2900000000000205,149.0,True,True,True,False,mantido
566,289.0,376.0,3.0,6.2900000000000205,148.0,True,True,True,False,mantido
567,290.0,376.0,3.0,6.2900000000000205,147.0,True,True,True,False,mantido
568,291.0,376.0,3.0,6.2900000000000205,146.0,True,True,True,False,mantido
569,292.0,376.0,3.0,6.2900000000000205,145.0,True,True,True,False,mantido
570,293.0,376.0,3.0,6.2900000000000205,144.0,True,True,True,False,mantido
571,294.0,376.0,3.0,6.2900000000000205,143.0,True,True,True,False,mantido
572,295.0,376.0,3.0,6.2900000000000205,142.0,True,True,True,False,mantido
573,296.0,376.0,3.0,6.2900000000000205,141.0,True,True,True,False,mantido
574,297.0,376.0,3.0,6.2900000000000205,140.0,True,True,True,False,mantido
575,298.0,376.0,3.0,6.2900000000000205,139.0,True,True,True,False,mantido
576,299.0,376.0,3.0,6.2900000000000205,138.0,True,True,True,False,mantido
577,300.0,376.0,3.0,6.2900000000000205,137.0,True,True,True,False,mantido
578,301.0,376.0,3.0,6.2900000000000205,136.0,True,True,True,False,mantido
579,302.0,376.0,3.0,6.2900000000000205,135.0,True,True,True,False,mantido
580,303.0,376.0,3.0,6.2900000000000205,134.0,True,True,True,False,mantido
581,304.0,376.0,3.0,6.2900000000000205,133.0,True,True,True,False,mantido
582,305.0,376.0,3.0,6.2900000000000205,132.0,True,True,True,False,mantido
583,306.0,376.0,3.0,6.2900000000000205,131.0,True,True,True,False,mantido
584,307.0,376.0,3.0,6.2900000000000205,130.0,True,True,True,False,mantido
585,308.0,376.0,3.0,6.2900000000000205,129.0,True,True,True,False,mantido
586,309.0,376.0,3.0,6.2900000000000205,128.0,True,True,True,False,mantido
587,310.0,376.0,3.0,6.2900000000000205,127.0,True,True,True,False,mantido
588,311.0,376.0,3.0,6.2900000000000205,126.0,True,True,True,False,mantido
589,312.0,376.0,3.0,6.2900000000000205,125.0,True,True,True,False,mantido
590,313.0,376.0,3.0,6.2900000000000205,124.0,True,True,True,False,mantido
591,314.0,376.0,3.0,6.2900000000000205,123.0,True,True,True,False,mantido
592,315.0,376.0,3.0,6.2900000000000205,122.0,True,True,True,False,mantido
593,316.0,376.0,3.0,6.2900000000000205,121.0,True,True,True,False,mantido
594,317.0,376.0,3.0,6.2900000000000205,120.0,True,True,True,False,mantido
595,318.0,376.0,3.0,6.2900000000000205,119.0,True,True,True,False,mantido
596,319.0,376.0,3.0,6.2900000000000205,118.0,True,True,True,False,mantido
597,320.0,376.0,3.0,6.2900000000000205,117.0,True,True,True,False,mantido
598,321.0,376.0,3.0,6.2900000000000205,116.0,True,True,True,False,mantido
599,322.0,376.0,3.0,6.2900000000000205,115.0,True,True,True,False,mantido
600,323.0,376.0,3.0,6.2900000000000205,114.0,True,True,True,False,mantido
601,324.0,376.0,3.0,6.2900000000000205,113.0,True,True,True,False,mantido
602,325.0,376.0,3.0,6.2900000000000205,112.0,True,True,True,False,mantido
603,326.0,376.0,3.0,6.2900000000000205,111.0,True,True,True,False,mantido
604,327.0,376.0,3.0,6.2900000000000205,110.0,True,True,True,False,mantido
605,328.0,376.0,3.0,6.2900000000000205,109.0,True,True,True,False,mantido
606,329.0,376.0,3.0,6.2900000000000205,108.0,True,True,True,False,mantido
607,330.0,376.0,3.0,6.2900000000000205,107.0,True,True,True,False,mantido
608,331.0,376.0,3.0,6.2900000000000205,106.0,True,True,True,False,mantido
609,332.0,376.0,3.0,6.2900000000000205,105.0,True,True,True,False,mantido
610,333.0,376.0,3.0,6.2900000000000205,104.0,True,True,True,False,mantido
611,334.0,376.0,3.0,6.2900000000000205,103.0,True,True,True,False,mantido
612,335.0,376.0,3.0,6.2900000000000205,102.0,True,True,True,False,mantido
613,336.0,376.0,3.0,6.2900000000000205,101.0,True,True,True,False,mantido
614,337.0,376.0,3.0,6.2900000000000205,100.0,True,True,True,False,mantido
615,338.0,376.0,3.0,6.2900000000000205,99.0,True,True,True,False,mantido
616,339.0,376.0,3.0,6.2900000000000205,98.0,True,True,True,False,mantido
617,340.0,376.0,3.0,6.2900000000000205,97.0,True,True,True,False,mantido
618,341.0,376.0,3.0,6.2900000000000205,96.0,True,True,True,False,mantido
619,342.0,376.0,3.0,6.2900000000000205,95.0,True,True,True,False,mantido
620,343.0,376.0,3.0,6.2900000000000205,94.0,True,True,True,False,mantido
621,344.0,376.0,3.0,6.2900000000000205,93.0,True,True,True,False,mantido
622,345.0,376.0,3.0,6.2900000000000205,92.0,True,True,True,False,mantido
623,346.0,376.0,3.0,6.2900000000000205,91.0,True,True,True,False,mantido
624,347.0,376.0,3.0,6.2900000000000205,90.0,True,True,True,False,mantido
625,348.0,376.0,3.0,6.2900000000000205,89.0,True,True,True,False,mantido
626,349.0,376.0,3.0,6.2900000000000205,88.0,True,True,True,False,mantido
627,350.0,376.0,3.0,6.2900000000000205,87.0,True,True,True,False,mantido
628,351.0,376.0,3.0,6.2900000000000205,86.0,True,True,True,False,mantido
629,352.0,376.0,3.0,6.2900000000000205,85.0,True,True,True,False,mantido
630,353.0,376.0,3.0,6.2900000000000205,84.0,True,True,True,False,mantido
631,354.0,376.0,3.0,6.2900000000000205,83.0,True,True,True,False,mantido
632,355.0,376.0,3.0,6.2900000000000205,82.0,True,True,True,False,mantido
633,356.0,376.0,3.0,6.2900000000000205,81.0,True,True,True,False,mantido
634,357.0,376.0,3.0,6.2900000000000205,80.0,True,True,True,False,mantido
635,358.0,376.0,3.0,6.2900000000000205,79.0,True,True,True,False,mantido
636,359.0,376.0,3.0,6.2900000000000205,78.0,True,True,True,False,mantido
637,360.0,376.0,3.0,6.2900000000000205,77.0,True,True,True,False,mantido
638,361.0,376.0,3.0,6.2900000000000205,76.0,True,True,True,False,mantido
639,362.0,376.0,3.0,6.2900000000000205,75.0,True,True,True,False,mantido
640,363.0,376.0,3.0,6.2900000000000205,74.0,True,True,True,False,mantido
641,364.0,376.0,3.0,6.2900000000000205,73.0,True,True,True,False,mantido
642,365.0,376.0,3.0,6.2900000000000205,72.0,True,True,True,False,mantido
643,366.0,376.0,3.0,6.2900000000000205,71.0,True,True,True,False,mantido
644,367.0,376.0,3.0,6.2900000000000205,70.0,True,True,True,False,mantido
645,368.0,376.0,3.0,6.2900000000000205,69.0,True,True,True,False,mantido
646,369.0,376.0,3.0,6.2900000000000205,68.0,True,True,True,False,mantido
647,370.0,376.0,3.0,6.2900000000000205,67.0,True,True,True,False,mantido
648,371.0,376.0,3.0,6.2900000000000205,66.0,True,True,True,False,mantido
649,372.0,376.0,3.0,6.2900000000000205,65.0,True,True,True,False,mantido
650,373.0,376.0,3.0,6.2900000000000205,64.0,True,True,True,False,mantido
651,374.0,376.0,3.0,6.2900000000000205,63.0,True,True,True,False,mantido
652,375.0,376.0,3.0,6.2900000000000205,62.0,True,True,True,False,mantido
653,376.0,376.0,3.0,6.2900000000000205,61.0,True,True,True,False,mantido
654,377.0,376.0,3.0,6.2900000000000205,60.0,True,True,True,False,mantido
655,378.0,376.0,3.0,6.2900000000000205,59.0,True,True,True,False,mantido
656,379.0,376.0,3.0,6.2900000000000205,58.0,True,True,True,False,mantido
657,380.0,376.0,3.0,6.2900000000000205,57.0,True,True,True,False,mantido
658,381.0,376.0,3.0,6.2900000000000205,56.0,True,True,True,False,mantido
659,382.0,376.0,3.0,6.2900000000000205,55.0,True,True,True,False,mantido
660,383.0,376.0,3.0,6.2900000000000205,54.0,True,True,True,False,mantido
661,384.0,376.0,3.0,6.2900000000000205,53.0,True,True,True,False,mantido
662,385.0,376.0,3.0,6.2900000000000205,52.0,True,True,True,False,mantido
663,386.0,376.0,3.0,6.2900000000000205,51.0,True,True,True,False,mantido
664,387.0,376.0,3.0,6.2900000000000205,50.0,True,True,True,False,mantido
665,388.0,376.0,3.0,6.2900000000000205,49.0,True,True,True,False,mantido
666,389.0,376.0,3.0,6.2900000000000205,48.0,True,True,True,False,mantido
667,390.0,376.0,3.0,6.2900000000000205,47.0,True,True,True,False,mantido
668,391.0,376.0,3.0,6.2900000000000205,46.0,True,True,True,False,mantido
669,392.0,376.0,3.0,6.2900000000000205,45.0,True,True,True,False,mantido
670,393.0,376.0,3.0,6.2900000000000205,44.0,True,True,True,False,mantido
671,394.0,376.0,3.0,6.2900000000000205,43.0,True,True,True,False,mantido
672,395.0,376.0,3.0,6.2900000000000205,42.0,True,True,True,False,mantido
673,396.0,376.0,3.0,6.2900000000000205,41.0,True,True,True,False,mantido
674,397.0,376.0,3.0,6.2900000000000205,40.0,True,True,True,False,mantido
675,398.0,376.0,3.0,6.2900000000000205,39.0,True,True,True,False,mantido
676,399.0,376.0,3.0,6.2900000000000205,38.0,True,True,True,False,mantido
677,400.0,376.0,3.0,6.2900000000000205,37.0,True,True,True,False,mantido
678,401.0,376.0,3.0,6.2900000000000205,36.0,True,True,True,False,mantido
679,402.0,376.0,3.0,6.2900000000000205,35.0,True,True,True,False,mantido
680,403.0,376.0,3.0,6.2900000000000205,34.0,True,True,True,False,mantido
681,404.0,376.0,3.0,6.2900000000000205,33.0,True,True,True,False,mantido
682,405.0,376.0,3.0,6.2900000000000205,32.0,True,True,True,False,mantido
683,406.0,376.0,3.0,6.2900000000000205,31.0,True,True,True,False,mantido
684,407.0,376.0,3.0,6.2900000000000205,30.0,True,True,True,False,mantido
685,408.0,376.0,3.0,6.2900000000000205,29.0,True,True,True,False,mantido
686,409.0,376.0,3.0,6.2900000000000205,28.0,True,True,True,False,mantido
687,410.0,376.0,3.0,6.2900000000000205,27.0,True,True,True,False,mantido
688,411.0,376.0,3.0,6.2900000000000205,26.0,True,True,True,False,mantido
689,412.0,376.0,3.0,6.2900000000000205,25.0,True,True,True,False,mantido
690,413.0,376.0,3.0,6.2900000000000205,24.0,True,True,True,False,mantido
691,414.0,376.0,3.0,6.2900000000000205,23.0,True,True,True,False,mantido
692,415.0,376.0,3.0,6.2900000000000205,22.0,True,True,True,False,mantido
693,416.0,376.0,3.0,6.2900000000000205,21.0,True,True,True,False,mantido
694,417.0,376.0,3.0,6.2900000000000205,20.0,True,True,True,False,mantido
695,418.0,376.0,3.0,6.2900000000000205,19.0,True,True,True,False,mantido
696,419.0,376.0,3.0,6.2900000000000205,18.0,True,True,True,False,mantido
697,420.0,376.0,3.0,6.2900000000000205,17.0,True,True,True,False,mantido
698,421.0,376.0,3.0,6.2900000000000205,16.0,True,True,True,False,mantido
699,422.0,376.0,3.0,6.2900000000000205,15.0,True,True,True,False,mantido
700,423.0,376.0,3.0,6.2900000000000205,14.0,True,True,True,False,mantido
701,424.0,376.0,3.0,6.2900000000000205,13.0,True,True,True,False,mantido
702,425.0,376.0,3.0,6.2900000000000205,12.0,True,True,True,False,mantido
703,426.0,376.0,3.0,6.2900000000000205,11.0,True,True,True,False,mantido
704,427.0,376.0,3.0,6.2900000000000205,10.0,True,True,True,False,mantido
705,428.0,376.0,3.0,6.2900000000000205,9.0,True,True,True,False,mantido
706,429.0,376.0,3.0,6.2900000000000205,8.0,True,True,True,False,mantido
707,430.0,376.0,3.0,6.2900000000000205,7.0,True,True,True,False,mantido
708,431.0,376.0,3.0,6.2900000000000205,6.0,True,True,True,False,mantido
709,432.0,376.0,3.0,6.2900000000000205,5.0,True,True,True,False,mantido
710,433.0,376.0,3.0,6.2900000000000205,4.0,True,True,True,False,mantido
711,434.0,376.0,3.0,6.2900000000000205,3.0,True,True,True,False,mantido
712,435.0,376.0,3.0,6.2900000000000205,2.0,True,True,True,False,mantido
713,436.0,376.0,3.0,6.2900000000000205,1.0,True,True,True,False,mantido
714,437.0,376.0,3.0,6.2900000000000205,0.0,True,True,True,False,mantido
715,438.0,376.0,3.0,6.2900000000000205,1.0,True,True,True,False,mantido
716,439.0,376.0,3.0,6.2900000000000205,2.0,True,True,True,False,mantido
717,439.0,375.0,4.0,7.2900000000000205,2.23606797749979,True,True,True,False,mantido
718,440.0,374.0,5.0,8.29000000000002,3.605551275463989,True,True,True,False,mantido
719,440.0,373.0,6.0,9.29000000000002,4.242640687119285,True,True,True,False,mantido
720,441.0,372.0,7.0,10.29000000000002,5.656854249492381,True,True,True,False,mantido
721,442.0,371.0,8.0,11.29000000000002,7.0710678118654755,True,True,True,False,mantido
722,443.0,370.0,9.0,12.29000000000002,8.48528137423857,True,True,True,False,mantido
723,443.0,369.0,10.0,13.29000000000002,9.219544457292887,True,True,True,False,mantido
724,444.0,368.0,11.0,14.29000000000002,10.63014581273465,True,True,True,False,mantido
725,445.0,367.0,12.0,15.29000000000002,12.041594578792296,True,True,True,False,mantido
726,446.0,366.0,13.0,16.29000000000002,13.45362404707371,True,True,True,False,mantido
727,446.0,365.0,14.0,17.29000000000002,14.212670403551895,True,True,True,False,mantido
728,447.0,364.0,15.0,18.29000000000002,15.620499351813308,True,True,True,False,mantido
729,448.0,363.0,16.0,19.29000000000002,17.029386365926403,True,True,True,False,mantido
730,448.0,362.0,17.0,20.29000000000002,17.804493814764857,True,True,True,False,mantido
731,449.0,361.0,18.0,21.29000000000002,19.209372712298546,True,True,True,False,mantido
732,450.0,360.0,19.0,22.29000000000002,20.615528128088304,True,True,True,False,mantido
733,450.0,359.0,20.0,23.29000000000002,21.400934559032695,True,True,True,False,mantido
734,451.0,358.0,21.0,24.29000000000002,22.80350850198276,True,True,True,False,mantido
735,451.0,357.0,22.0,25.29000000000002,23.600847442411894,True,True,True,False,mantido
736,452.0,356.0,23.0,26.29000000000002,25.0,True,True,True,False,mantido
737,453.0,355.0,24.0,27.29000000000002,26.40075756488817,True,True,True,False,mantido
738,453.0,354.0,25.0,28.29000000000002,27.202941017470888,True,True,True,False,mantido
739,454.0,353.0,26.0,29.29000000000002,28.600699292150182,True,True,True,False,mantido
740,454.0,352.0,27.0,30.29000000000002,29.410882339705484,True,True,True,False,mantido
741,455.0,351.0,28.0,31.29000000000002,30.805843601498726,True,True,True,False,mantido
742,456.0,350.0,29.0,32.29000000000002,32.202484376209235,True,True,True,False,mantido
743,456.0,349.0,30.0,33.29000000000002,33.015148038438355,True,True,True,False,mantido
744,457.0,348.0,31.0,34.29000000000002,34.40930106817051,True,True,True,False,mantido
745,457.0,347.0,32.0,35.29000000000002,35.22782990761707,True,True,True,False,mantido
746,458.0,346.0,33.0,36.29000000000002,36.61966684720111,True,True,True,False,mantido
747,458.0,345.0,34.0,37.29000000000002,37.44329045369811,True,True,True,False,mantido
748,459.0,344.0,35.0,38.29000000000002,38.8329756778952,True,True,True,False,mantido
749,459.0,343.0,36.0,39.29000000000002,39.66106403010388,True,True,True,False,mantido
750,460.0,342.0,37.0,40.29000000000002,41.048751503547585,True,True,True,False,mantido
751,460.0,341.0,38.0,41.29000000000002,41.88078318274385,True,True,True,False,mantido
752,461.0,340.0,39.0,42.29000000000002,43.266615305567875,True,True,True,False,mantido
753,461.0,339.0,40.0,43.29000000000002,44.10215414239989,True,True,True,False,mantido
754,462.0,338.0,41.0,44.29000000000002,45.48626166217664,True,True,True,False,mantido
755,462.0,337.0,42.0,45.29000000000002,46.32493928760188,True,True,True,False,mantido
756,463.0,336.0,43.0,46.29000000000002,47.70744176750625,True,True,True,False,mantido
757,463.0,335.0,44.0,47.29000000000002,48.54894437575342,True,True,True,False,mantido
758,464.0,334.0,45.0,48.29000000000002,49.92995093127971,True,True,True,False,mantido
759,464.0,333.0,46.0,49.29000000000002,50.774009099144415,True,True,True,False,mantido
760,465.0,332.0,47.0,50.29000000000002,52.15361924162119,True,True,True,False,mantido
761,465.0,331.0,48.0,51.29000000000002,53.0,True,True,True,False,mantido
762,466.0,330.0,49.0,52.29000000000002,54.378304497290095,True,True,True,False,mantido
763,466.0,329.0,50.0,53.29000000000002,55.226805085936306,True,True,True,False,mantido
764,467.0,328.0,51.0,54.29000000000002,56.60388679233962,True,True,True,False,mantido
765,467.0,327.0,52.0,55.29000000000002,57.4543296888929,True,True,True,False,mantido
766,468.0,326.0,53.0,56.29000000000002,58.83026432033091,True,True,True,False,mantido
767,468.0,325.0,54.0,57.29000000000002,59.682493245507096,True,True,True,False,mantido
768,468.0,324.0,55.0,58.29000000000002,60.53924347066124,True,True,True,False,mantido
769,469.0,323.0,56.0,59.29000000000002,61.91122676865643,True,True,True,False,mantido
770,469.0,322.0,57.0,60.29000000000002,62.76941930590086,True,True,True,False,mantido
771,469.0,321.0,58.0,61.29000000000002,63.631753079732135,True,True,True,False,mantido
772,470.0,320.0,59.0,62.29000000000002,65.0,True,True,True,False,mantido
773,470.0,319.0,60.0,63.29000000000002,65.86349520030045,True,True,True,False,mantido
774,471.0,318.0,61.0,64.29000000000002,67.23094525588644,True,True,True,False,mantido
775,471.0,317.0,62.0,65.29000000000002,68.09552114493287,True,True,True,False,mantido
776,471.0,316.0,63.0,66.29000000000002,68.96375859826666,True,True,True,False,mantido
777,472.0,315.0,64.0,67.29000000000002,70.32780389006896,True,True,True,False,mantido
778,472.0,314.0,65.0,68.29000000000002,71.19691004531025,True,True,True,False,mantido
779,472.0,313.0,66.0,69.29000000000002,72.069410986909,True,True,True,False,mantido
780,473.0,312.0,67.0,70.29000000000002,73.43023900274328,True,True,True,False,mantido
781,473.0,311.0,68.0,71.29000000000002,74.30343195303969,True,True,True,False,mantido
782,473.0,310.0,69.0,72.29000000000002,75.17978451685,True,True,True,False,mantido
783,473.0,309.0,70.0,73.29000000000002,76.05918747922567,True,True,True,False,mantido
784,474.0,308.0,71.0,74.29000000000002,77.41446893184762,True,True,True,False,mantido
785,474.0,307.0,72.0,75.29000000000002,78.29431652425353,True,True,True,False,mantido
786,474.0,306.0,73.0,76.29000000000002,79.17701686727027,True,True,True,False,mantido
787,475.0,305.0,74.0,77.29000000000002,80.52949770115296,True,True,True,False,mantido
788,475.0,304.0,75.0,78.29000000000002,81.41252974819048,True,True,True,False,mantido
789,475.0,303.0,76.0,79.29000000000002,82.29823813423954,True,True,True,False,mantido
790,475.0,302.0,77.0,80.29000000000002,83.18653737234169,True,True,True,False,mantido
791,476.0,301.0,78.0,81.29000000000002,84.53401682163222,True,True,True,False,mantido
792,476.0,300.0,79.0,82.29000000000002,85.42247947700886,True,True,True,False,mantido
793,476.0,299.0,80.0,83.29000000000002,86.31338250816034,True,True,True,False,mantido
794,476.0,298.0,81.0,84.29000000000002,87.20665112249179,True,True,True,False,mantido
795,477.0,297.0,82.0,85.29000000000002,88.54942122905152,True,True,True,False,mantido
796,477.0,296.0,83.0,86.29000000000002,89.44271909999159,True,True,True,False,mantido
797,477.0,295.0,84.0,87.29000000000002,90.33825324855468,True,True,True,False,mantido
798,477.0,294.0,85.0,88.29000000000002,91.23595782365635,True,True,True,False,mantido
799,478.0,293.0,86.0,89.29000000000002,92.57429448826494,True,True,True,False,mantido
800,478.0,292.0,87.0,90.29000000000002,93.47192091746055,True,True,True,False,mantido
801,478.0,291.0,88.0,91.29000000000002,94.37160589923221,True,True,True,False,mantido
802,478.0,290.0,89.0,92.29000000000002,95.2732911156112,True,True,True,False,mantido
803,478.0,289.0,90.0,93.29000000000002,96.17692030835673,True,True,True,False,mantido
804,479.0,288.0,91.0,94.29000000000002,97.50897394599124,True,True,True,False,mantido
805,479.0,287.0,92.0,95.29000000000002,98.41239759298622,True,True,True,False,mantido
806,479.0,286.0,93.0,96.29000000000002,99.31767214348109,True,True,True,False,mantido
807,479.0,285.0,94.0,97.29000000000002,100.22474744293447,True,True,True,False,mantido
808,479.0,284.0,95.0,98.29000000000002,101.13357503816425,True,True,True,False,mantido
809,480.0,283.0,96.0,99.29000000000002,102.45974819410792,True,True,True,False,mantido
810,480.0,282.0,97.0,100.29000000000002,103.36827366266692,True,True,True,False,mantido
811,480.0,281.0,98.0,101.29000000000002,104.27847332982968,True,True,True,False,mantido
812,480.0,280.0,99.0,102.29000000000002,105.19030373565806,True,True,True,False,mantido
813,480.0,279.0,100.0,103.29000000000002,106.10372283760829,True,True,True,False,mantido
814,480.0,278.0,101.0,104.29000000000002,107.01868995647442,True,True,True,False,mantido
815,480.0,277.0,102.0,105.29000000000002,107.93516572461452,True,True,True,False,mantido
816,481.0,276.0,103.0,106.29000000000002,109.2520022699813,True,True,True,False,mantido
817,481.0,275.0,104.0,107.29000000000002,110.16805344563369,True,True,True,False,mantido
818,481.0,274.0,105.0,108.29000000000002,111.08555261599052,True,True,True,False,mantido
819,481.0,273.0,106.0,109.29000000000002,112.0044641967453,True,True,True,False,mantido
820,481.0,272.0,107.0,110.29000000000002,112.92475370794483,True,True,True,False,mantido
821,481.0,271.0,108.0,111.29000000000002,113.84638773364749,True,True,True,False,mantido
822,481.0,270.0,109.0,112.29000000000002,114.76933388322858,True,True,True,False,mantido
823,481.0,269.0,110.0,113.29000000000002,115.69356075426151,True,True,True,False,mantido
824,482.0,268.0,111.0,114.29000000000002,117.0,True,True,True,False,mantido
825,482.0,267.0,112.0,115.29000000000002,117.92370414806346,True,True,True,False,mantido
826,482.0,266.0,113.0,116.29000000000002,118.84864324004712,True,True,True,False,mantido
827,482.0,265.0,114.0,117.29000000000002,119.77478866606278,True,True,True,False,mantido
828,482.0,264.0,115.0,118.29000000000002,120.70211265756701,True,True,True,False,mantido
829,482.0,263.0,116.0,119.29000000000002,121.63058825805291,True,True,True,False,mantido
830,482.0,262.0,117.0,120.29000000000002,122.56018929489298,True,True,True,False,mantido
831,482.0,261.0,118.0,121.29000000000002,123.4908903522847,True,True,True,False,mantido
832,482.0,260.0,119.0,122.29000000000002,124.42266674525185,True,True,True,False,mantido
833,482.0,259.0,120.0,123.29000000000002,125.35549449465708,True,True,True,False,mantido
834,482.0,258.0,121.0,124.29000000000002,126.28935030318273,True,True,True,False,mantido
835,482.0,257.0,122.0,125.29000000000002,127.22421153223941,True,True,True,False,mantido
836,482.0,256.0,123.0,126.29000000000002,128.16005617976296,True,True,True,False,mantido
837,482.0,255.0,124.0,127.29000000000002,129.0968628588627,True,True,True,False,mantido
838,482.0,254.0,125.0,128.29000000000002,130.034610777285,True,True,True,False,mantido
839,482.0,253.0,126.0,129.29000000000002,130.97327971765844,True,True,True,False,mantido
840,482.0,252.0,127.0,130.29000000000002,131.91285001848757,True,True,True,False,mantido
841,482.0,251.0,128.0,131.29000000000002,132.85330255586422,True,True,True,False,mantido
842,482.0,250.0,129.0,132.29000000000002,133.79461872586654,True,True,True,False,mantido
843,482.0,249.0,130.0,133.29000000000002,134.73678042761748,True,True,True,False,mantido
844,482.0,248.0,131.0,134.29000000000002,135.67977004697494,True,True,True,False,mantido
845,482.0,247.0,132.0,135.29000000000002,136.6235704408284,True,True,True,False,mantido
846,482.0,246.0,133.0,136.29000000000002,137.56816492197603,True,True,True,False,mantido
847,482.0,245.0,134.0,137.29000000000002,138.51353724455961,True,True,True,False,mantido
848,482.0,244.0,135.0,138.29000000000002,139.4596715900335,True,True,True,False,mantido
849,482.0,243.0,136.0,139.29000000000002,140.40655255364686,True,True,True,False,mantido
850,482.0,242.0,137.0,140.29000000000002,141.35416513141735,True,True,True,False,mantido
851,482.0,241.0,138.0,141.29000000000002,142.30249470757707,True,True,True,False,mantido
852,482.0,240.0,139.0,142.29000000000002,143.2515270424717,True,True,True,False,mantido
853,482.0,239.0,140.0,143.29000000000002,144.20124826089406,True,True,True,False,mantido
854,482.0,238.0,141.0,144.29000000000002,145.15164484083533,True,True,True,False,mantido
855,482.0,237.0,142.0,145.29000000000002,146.102703602637,True,True,True,False,mantido
856,482.0,236.0,143.0,146.29000000000002,147.05441169852742,True,True,True,False,mantido
857,482.0,235.0,144.0,147.29000000000002,148.00675660252813,True,True,True,False,mantido
858,482.0,234.0,145.0,148.29000000000002,148.95972610071487,True,True,True,False,mantido
859,482.0,233.0,146.0,149.29000000000002,149.91330828182,True,True,True,False,mantido
860,482.0,232.0,147.0,150.29000000000002,150.86749152816188,True,True,True,False,mantido
861,481.0,231.0,148.0,151.29000000000002,151.52887513606112,True,True,True,False,mantido
862,481.0,230.0,149.0,152.29000000000002,152.48606493709516,True,True,True,False,mantido
863,481.0,229.0,150.0,153.29000000000002,153.44380078712857,True,True,True,False,mantido
864,481.0,228.0,151.0,154.29000000000002,154.40207252495026,True,True,True,False,mantido
865,481.0,227.0,152.0,155.29000000000002,155.36087023443193,True,True,True,False,mantido
866,481.0,226.0,153.0,156.29000000000002,156.32018423735306,True,True,True,False,mantido
867,481.0,225.0,154.0,157.29000000000002,157.2800050864699,True,True,True,False,mantido
868,481.0,224.0,155.0,158.29000000000002,158.24032355881985,True,True,True,False,mantido
869,480.0,223.0,156.0,159.29000000000002,158.927656498169,True,True,True,False,mantido
870,480.0,222.0,157.0,160.29000000000002,159.89058759038946,True,True,True,False,mantido
871,480.0,221.0,158.0,161.29000000000002,160.85397104206038,True,True,True,False,mantido
872,480.0,220.0,159.0,162.29000000000002,161.8177987738061,True,True,True,False,mantido
873,480.0,219.0,160.0,163.29000000000002,162.7820628939196,True,True,True,False,mantido
874,480.0,218.0,161.0,164.29000000000002,163.74675569305182,True,True,True,False,mantido
875,480.0,217.0,162.0,165.29000000000002,164.7118696390761,True,True,True,False,mantido
876,480.0,216.0,163.0,166.29000000000002,165.67739737212196,True,True,True,False,mantido
877,479.0,215.0,164.0,167.29000000000002,166.388100536066,True,True,True,False,mantido
878,479.0,214.0,165.0,168.29000000000002,167.35590817177624,True,True,True,False,mantido
879,479.0,213.0,166.0,169.29000000000002,168.32409215557945,True,True,True,False,mantido
880,479.0,212.0,167.0,170.29000000000002,169.29264603047588,True,True,True,False,mantido
881,479.0,211.0,168.0,171.29000000000002,170.26156348395253,True,True,True,False,mantido
882,478.0,210.0,169.0,172.29000000000002,170.98830369355676,True,True,True,False,mantido
883,478.0,209.0,170.0,173.29000000000002,171.95929750961417,True,True,True,False,mantido
884,478.0,208.0,171.0,174.29000000000002,172.93062192682936,True,True,True,False,mantido
885,478.0,207.0,172.0,175.29000000000002,173.90227140552247,True,True,True,False,mantido
886,477.0,206.0,173.0,176.29000000000002,174.64249196572982,True,True,True,False,mantido
887,477.0,205.0,174.0,177.29000000000002,175.6160584912439,True,True,True,False,mantido
888,477.0,204.0,175.0,178.29000000000002,176.58992043715293,True,True,True,False,mantido
889,477.0,203.0,176.0,179.29000000000002,177.56407294269863,True,True,True,False,mantido
890,477.0,202.0,177.0,180.29000000000002,178.53851125177448,True,False,False,True,acima_janela_permitida
891,476.0,201.0,178.0,181.29000000000002,179.2930561957155,True,False,False,True,acima_janela_permitida
892,476.0,200.0,179.0,182.29000000000002,180.2692430782356,True,False,False,True,acima_janela_permitida
893,476.0,199.0,180.0,183.29000000000002,181.24568960391858,True,False,False,True,acima_janela_permitida
894,476.0,198.0,181.0,184.29000000000002,182.22239159883728,True,False,False,True,acima_janela_permitida
895,475.0,197.0,182.0,185.29000000000002,182.98907071188705,True,False,False,True,acima_janela_permitida
896,475.0,196.0,183.0,186.29000000000002,183.96738841436002,True,False,False,True,acima_janela_permitida
897,475.0,195.0,184.0,187.29000000000002,184.94593804677083,True,False,False,True,acima_janela_permitida
898,475.0,194.0,185.0,188.29000000000002,185.9247159470736,True,False,False,True,acima_janela_permitida
899,474.0,193.0,186.0,189.29000000000002,186.70297265978385,True,False,False,True,acima_janela_permitida
900,474.0,192.0,187.0,190.29000000000002,187.6832437912346,True,False,False,True,acima_janela_permitida
901,474.0,191.0,188.0,191.29000000000002,188.66372200293304,True,False,False,True,acima_janela_permitida
902,473.0,190.0,189.0,192.29000000000002,189.45184084616332,True,False,False,True,acima_janela_permitida
903,473.0,189.0,190.0,193.29000000000002,190.4337155022713,True,False,False,True,acima_janela_permitida
904,473.0,188.0,191.0,194.29000000000002,191.41577782408638,True,False,False,True,acima_janela_permitida
905,473.0,187.0,192.0,195.29000000000002,192.39802493788756,True,False,False,True,acima_janela_permitida
906,472.0,186.0,193.0,196.29000000000002,193.19679086361657,True,False,False,True,acima_janela_permitida
907,472.0,185.0,194.0,197.29000000000002,194.18032856085088,True,False,False,True,acima_janela_permitida
908,472.0,184.0,195.0,198.29000000000002,195.1640335717624,True,False,False,True,acima_janela_permitida
909,471.0,183.0,196.0,199.29000000000002,195.97193676646665,True,False,False,True,acima_janela_permitida
910,471.0,182.0,197.0,200.29000000000002,196.95684806576287,True,False,False,True,acima_janela_permitida
911,470.0,181.0,198.0,201.29000000000002,197.7725966861941,True,False,False,True,acima_janela_permitida
912,470.0,180.0,199.0,202.29000000000002,198.75864761061342,True,False,False,True,acima_janela_permitida
913,470.0,179.0,200.0,203.29000000000002,199.7448372299019,True,False,False,True,acima_janela_permitida
914,469.0,178.0,201.0,204.29000000000002,200.5691900566984,True,False,False,True,acima_janela_permitida
915,469.0,177.0,202.0,205.29000000000002,201.55644370746373,True,False,False,True,acima_janela_permitida
916,469.0,176.0,203.0,206.29000000000002,202.54382241875462,True,False,False,True,acima_janela_permitida
917,468.0,175.0,204.0,207.29000000000002,203.37649815059754,True,False,False,True,acima_janela_permitida
918,468.0,174.0,205.0,208.29000000000002,204.36486977951958,True,False,False,True,acima_janela_permitida
919,467.0,173.0,206.0,209.29000000000002,205.20477577288497,True,False,False,True,acima_janela_permitida
920,467.0,172.0,207.0,210.29000000000002,206.194083329275,True,False,False,True,acima_janela_permitida
921,467.0,171.0,208.0,211.29000000000002,207.18349355100662,True,False,False,True,acima_janela_permitida
922,466.0,170.0,209.0,212.29000000000002,208.03124765284662,True,False,False,True,acima_janela_permitida
923,466.0,169.0,210.0,213.29000000000002,209.02152999152983,True,False,False,True,acima_janela_permitida
924,465.0,168.0,211.0,214.29000000000002,209.87615395751848,True,False,False,True,acima_janela_permitida
925,465.0,167.0,212.0,215.29000000000002,210.86725682286476,True,False,False,True,acima_janela_permitida
926,464.0,166.0,213.0,216.29000000000002,211.72859986312668,True,False,False,True,acima_janela_permitida
927,464.0,165.0,214.0,217.29000000000002,212.72047386182646,True,False,False,True,acima_janela_permitida
928,463.0,164.0,215.0,218.29000000000002,213.5883891975404,True,False,False,True,acima_janela_permitida
929,463.0,163.0,216.0,219.29000000000002,214.5809870421888,True,False,False,True,acima_janela_permitida
930,462.0,162.0,217.0,220.29000000000002,215.45533179756774,True,False,False,True,acima_janela_permitida
931,462.0,161.0,218.0,221.29000000000002,216.44860821913363,True,False,False,True,acima_janela_permitida
932,461.0,160.0,219.0,222.29000000000002,217.329243315298,True,False,False,True,acima_janela_permitida
933,461.0,159.0,220.0,223.29000000000002,218.3231549790356,True,False,False,True,acima_janela_permitida
934,460.0,158.0,221.0,224.29000000000002,219.20994502987313,True,False,False,True,acima_janela_permitida
935,460.0,157.0,222.0,225.29000000000002,220.20445045457188,True,False,False,True,acima_janela_permitida
936,459.0,156.0,223.0,226.29000000000002,221.09726366465958,True,False,False,True,acima_janela_permitida
937,459.0,155.0,224.0,227.29000000000002,222.0923231451281,True,False,False,True,acima_janela_permitida
938,458.0,154.0,225.0,228.29000000000002,222.9910312097776,True,False,False,True,acima_janela_permitida
939,458.0,153.0,226.0,229.29000000000002,223.98660674245681,True,False,False,True,acima_janela_permitida
940,457.0,152.0,227.0,230.29000000000002,224.89108474992955,True,False,False,True,acima_janela_permitida
941,457.0,151.0,228.0,231.29000000000002,225.88713996153035,True,False,False,True,acima_janela_permitida
942,456.0,150.0,229.0,232.29000000000002,226.79726629745784,True,False,False,True,acima_janela_permitida
943,455.0,149.0,230.0,233.29000000000002,227.71253808255707,True,False,False,True,acima_janela_permitida
944,455.0,148.0,231.0,234.29000000000002,228.70942263055102,True,False,False,True,acima_janela_permitida
945,454.0,147.0,232.0,235.29000000000002,229.63013739489858,True,False,False,True,acima_janela_permitida
946,454.0,146.0,233.0,236.29000000000002,230.62740513651016,True,False,False,True,acima_janela_permitida
947,453.0,145.0,234.0,237.29000000000002,231.5534495532295,True,False,False,True,acima_janela_permitida
948,452.0,144.0,235.0,238.29000000000002,232.48440807933767,True,False,False,True,acima_janela_permitida
949,452.0,143.0,236.0,239.29000000000002,233.4823333787805,True,False,False,True,acima_janela_permitida
950,451.0,142.0,237.0,240.29000000000002,234.4184293096428,True,False,False,True,acima_janela_permitida
951,451.0,141.0,238.0,241.29000000000002,235.41665191740367,True,False,False,True,acima_janela_permitida
952,450.0,140.0,239.0,242.29000000000002,236.35777964771967,True,False,False,True,acima_janela_permitida
953,449.0,139.0,240.0,243.29000000000002,237.30360300678117,True,False,False,True,acima_janela_permitida
954,449.0,138.0,241.0,244.29000000000002,238.30232898568156,True,False,False,True,acima_janela_permitida
955,448.0,137.0,242.0,245.29000000000002,239.25300416086733,True,False,False,True,acima_janela_permitida
956,448.0,136.0,243.0,246.29000000000002,240.25195108468944,True,False,False,True,acima_janela_permitida
957,447.0,135.0,244.0,247.29000000000002,241.2073796549351,True,False,False,True,acima_janela_permitida
958,446.0,134.0,245.0,248.29000000000002,242.1672975444868,True,False,False,True,acima_janela_permitida
959,445.0,133.0,246.0,249.29000000000002,243.13165157996193,True,False,False,True,acima_janela_permitida
960,445.0,132.0,247.0,250.29000000000002,244.13111231467406,True,False,False,True,acima_janela_permitida
961,444.0,131.0,248.0,251.29000000000002,245.09997960016236,True,False,False,True,acima_janela_permitida
962,443.0,130.0,249.0,252.29000000000002,246.07315985291854,True,False,False,True,acima_janela_permitida
963,442.0,129.0,250.0,253.29000000000002,247.05060210410335,True,False,False,True,acima_janela_permitida
964,442.0,128.0,251.0,254.29000000000002,248.05039810490126,True,False,False,True,acima_janela_permitida
965,441.0,127.0,252.0,255.29000000000002,249.0321264415497,True,False,False,True,acima_janela_permitida
966,440.0,126.0,253.0,256.29,250.01799935204664,True,False,False,True,acima_janela_permitida
967,439.0,125.0,254.0,257.29,251.00796800101784,True,False,False,True,acima_janela_permitida
968,439.0,124.0,255.0,258.29,252.00793638296395,True,False,False,True,acima_janela_permitida
969,438.0,123.0,256.0,259.29,253.00197627686626,True,False,False,True,acima_janela_permitida
970,437.0,122.0,257.0,260.29,254.0,True,False,False,True,acima_janela_permitida
971,436.0,121.0,258.0,261.29,255.0019607767752,True,False,False,True,acima_janela_permitida
972,436.0,120.0,259.0,262.29,256.0019531175495,True,False,False,True,acima_janela_permitida
973,435.0,119.0,260.0,263.29,257.00778198334774,True,False,False,True,acima_janela_permitida
974,434.0,118.0,261.0,264.29,258.0174412709342,True,False,False,True,acima_janela_permitida
975,433.0,117.0,262.0,265.29,259.0308861892728,True,False,False,True,acima_janela_permitida
976,432.0,116.0,263.0,266.29,260.0480724789169,True,False,False,True,acima_janela_permitida
977,431.0,115.0,264.0,267.29,261.0689564080724,True,False,False,True,acima_janela_permitida
978,430.0,114.0,265.0,268.29,262.0934947685654,True,False,False,True,acima_janela_permitida
979,429.0,113.0,266.0,269.29,263.1216448717209,True,False,False,True,acima_janela_permitida
980,428.0,112.0,267.0,270.29,264.15336454416024,True,False,False,True,acima_janela_permitida
981,427.0,111.0,268.0,271.29,265.1886121235224,True,False,False,True,acima_janela_permitida
982,426.0,110.0,269.0,272.29,266.2273464541162,True,False,False,True,acima_janela_permitida
983,425.0,109.0,270.0,273.29,267.2695268825086,True,False,False,True,acima_janela_permitida
984,425.0,108.0,271.0,274.29,268.26852219371546,True,False,False,True,acima_janela_permitida
985,424.0,107.0,272.0,275.29,269.31394319641157,True,False,False,True,acima_janela_permitida
986,423.0,106.0,273.0,276.29,270.36271932350434,True,False,False,True,acima_janela_permitida
987,422.0,105.0,274.0,277.29,271.4148116813082,True,False,False,True,acima_janela_permitida
988,421.0,104.0,275.0,278.29,272.47018185482244,True,False,False,True,acima_janela_permitida
989,420.0,103.0,276.0,279.29,273.528791903156,True,False,False,True,acima_janela_permitida
990,419.0,103.0,276.0,279.29,273.59276306218334,True,False,False,True,acima_janela_permitida
991,418.0,102.0,277.0,280.29,274.6579691179559,True,False,False,True,acima_janela_permitida
992,417.0,101.0,278.0,281.29,275.72631357924473,True,False,False,True,acima_janela_permitida
993,416.0,100.0,279.0,282.29,276.7977601065442,True,False,False,True,acima_janela_permitida
994,415.0,99.0,280.0,283.29,277.8722728161268,True,False,False,True,acima_janela_permitida
995,414.0,98.0,281.0,284.29,278.94981627525766,True,False,False,True,acima_janela_permitida
996,413.0,97.0,282.0,285.29,280.0303554973996,True,False,False,True,acima_janela_permitida
997,412.0,96.0,283.0,286.29,281.1138559374119,True,False,False,True,acima_janela_permitida
998,411.0,95.0,284.0,287.29,282.20028348674634,True,False,False,True,acima_janela_permitida
999,410.0,94.0,285.0,288.29,283.28960446864266,True,False,False,True,acima_janela_permitida
1000,409.0,94.0,285.0,288.29,283.3866616480035,True,False,False,True,acima_janela_permitida
1001,408.0,93.0,286.0,289.29,284.48198536990003,True,False,False,True,acima_janela_permitida
1002,407.0,92.0,287.0,290.29,285.5801113523139,True,False,False,True,acima_janela_permitida
1003,406.0,91.0,288.0,291.29,286.6810073932349,True,False,False,True,acima_janela_permitida
1004,405.0,90.0,289.0,292.29,287.7846417027844,True,False,False,True,acima_janela_permitida
1005,404.0,90.0,289.0,292.29,287.8975512226528,True,False,False,True,acima_janela_permitida
1006,403.0,89.0,290.0,293.29,289.0069203323685,True,False,False,True,acima_janela_permitida
1007,402.0,88.0,291.0,294.29,290.11894112587686,True,False,False,True,acima_janela_permitida
1008,401.0,87.0,292.0,295.29,291.23358322830836,True,False,False,True,acima_janela_permitida
1009,400.0,87.0,292.0,295.29,291.35888522576414,True,False,False,True,acima_janela_permitida
1010,399.0,86.0,293.0,296.29,292.4790590794493,True,False,False,True,acima_janela_permitida
1011,398.0,85.0,294.0,297.29,293.6017711118242,True,False,False,True,acima_janela_permitida
1012,397.0,84.0,295.0,298.29,294.72699231661835,True,False,False,True,acima_janela_permitida
1013,396.0,84.0,295.0,298.29,294.8643756034289,True,False,False,True,acima_janela_permitida
1014,395.0,83.0,296.0,299.29,295.9949323890529,True,False,False,True,acima_janela_permitida
1015,394.0,82.0,297.0,300.29,297.1279185805333,True,False,False,True,acima_janela_permitida
1016,393.0,82.0,297.0,300.29,297.2742841215836,True,False,False,True,acima_janela_permitida
1017,392.0,81.0,298.0,301.29,298.41246622753545,True,False,False,True,acima_janela_permitida
1018,391.0,80.0,299.0,302.29,299.55300031880836,True,False,False,True,acima_janela_permitida
1019,390.0,80.0,299.0,302.29,299.7081914129142,True,False,False,True,acima_janela_permitida
1020,389.0,79.0,300.0,303.29,300.8537850850476,True,False,False,True,acima_janela_permitida
1021,388.0,78.0,301.0,304.29,302.00165562460086,True,False,False,True,acima_janela_permitida
1022,387.0,78.0,301.0,304.29,302.16551755618974,True,False,False,True,acima_janela_permitida
1023,386.0,77.0,302.0,305.29,303.3183146465112,True,False,False,True,acima_janela_permitida
1024,385.0,77.0,302.0,305.29,303.48805577814755,True,False,False,True,acima_janela_permitida
1025,384.0,76.0,303.0,306.29,304.6456958501137,True,False,False,True,acima_janela_permitida
1026,383.0,75.0,304.0,307.29,305.8054937374409,True,False,False,True,acima_janela_permitida
1027,382.0,75.0,304.0,307.29,305.9836596944353,True,False,False,True,acima_janela_permitida
1028,381.0,74.0,305.0,308.29,307.14817271147814,True,False,False,True,acima_janela_permitida
1029,380.0,73.0,306.0,309.29,308.3147742162221,True,False,False,True,acima_janela_permitida
1030,379.0,73.0,306.0,309.29,308.5012155567624,True,False,False,True,acima_janela_permitida
1031,378.0,72.0,307.0,310.29,309.67240755353066,True,False,False,True,acima_janela_permitida
1032,377.0,72.0,307.0,310.29,309.864486509829,True,False,False,True,acima_janela_permitida
1033,376.0,71.0,308.0,311.29,311.0401903291599,True,False,False,True,acima_janela_permitida
1034,375.0,71.0,308.0,311.29,311.23785116852355,True,False,False,True,acima_janela_permitida
1035,374.0,70.0,309.0,312.29,312.41798923877604,True,False,False,True,acima_janela_permitida
1036,373.0,70.0,309.0,312.29,312.62117650600703,True,False,False,True,acima_janela_permitida
1037,372.0,69.0,310.0,313.29,313.8056723515367,True,False,False,True,acima_janela_permitida
1038,371.0,69.0,310.0,313.29,314.0143308831621,True,False,False,True,acima_janela_permitida
1039,370.0,68.0,311.0,314.29,315.2031091217217,True,False,False,True,acima_janela_permitida
1040,369.0,68.0,311.0,314.29,315.41718405946114,True,False,False,True,acima_janela_permitida
1041,368.0,67.0,312.0,315.29,316.61017039886764,True,False,False,True,acima_janela_permitida
1042,367.0,67.0,312.0,315.29,316.8296072023573,True,False,False,True,acima_janela_permitida
1043,366.0,66.0,313.0,316.29,318.0267284364633,True,False,False,True,acima_janela_permitida
1044,365.0,66.0,313.0,316.29,318.2514728952562,True,False,False,True,acima_janela_permitida
1045,364.0,65.0,314.0,317.29,319.4526568992658,True,False,False,True,acima_janela_permitida
1046,363.0,65.0,314.0,317.29,319.68265514412883,True,False,False,True,acima_janela_permitida
1047,362.0,64.0,315.0,318.29,320.887830869293,True,False,False,True,acima_janela_permitida
1048,361.0,64.0,315.0,318.29,321.1230293828208,True,False,False,True,acima_janela_permitida
1049,360.0,63.0,316.0,319.29,322.33212685055145,True,False,False,True,acima_janela_permitida
1050,359.0,63.0,316.0,319.29,322.5724724771164,True,False,False,True,acima_janela_permitida
1051,358.0,62.0,317.0,320.29,323.7854227725516,True,False,False,True,acima_janela_permitida
1052,357.0,62.0,317.0,320.29,324.0308627276112,True,False,False,True,acima_janela_permitida
1053,356.0,62.0,317.0,320.29,324.27920068977596,True,False,False,True,acima_janela_permitida
1054,355.0,61.0,318.0,321.29,325.4980798714487,True,False,False,True,acima_janela_permitida
1055,354.0,61.0,318.0,321.29,325.75143898377485,True,False,False,True,acima_janela_permitida
1056,353.0,61.0,318.0,321.29,326.0076686214605,True,False,False,True,acima_janela_permitida
1057,352.0,60.0,319.0,322.29,327.23233336576016,True,False,False,True,acima_janela_permitida
1058,351.0,60.0,319.0,322.29,327.49351138610365,True,False,False,True,acima_janela_permitida
1059,350.0,59.0,320.0,323.29,328.72176684850064,True,False,False,True,acima_janela_permitida
1060,349.0,59.0,320.0,323.29,328.9878417206326,True,False,False,True,acima_janela_permitida
1061,348.0,59.0,320.0,323.29,329.2567387313432,True,False,False,True,acima_janela_permitida
1062,347.0,58.0,321.0,324.29,330.4905444940899,True,False,False,True,acima_janela_permitida
1063,346.0,58.0,321.0,324.29,330.76426651015373,True,False,False,True,acima_janela_permitida
1064,345.0,58.0,321.0,324.29,331.0407829860242,True,False,False,True,acima_janela_permitida
1065,344.0,57.0,322.0,325.29,332.28000240760804,True,False,False,True,acima_janela_permitida
1066,343.0,57.0,322.0,325.29,332.56127254988667,True,False,False,True,acima_janela_permitida
1067,342.0,57.0,322.0,325.29,332.8453094156503,True,False,False,True,acima_janela_permitida
1068,341.0,56.0,323.0,326.29,334.0898082851376,True,False,False,True,acima_janela_permitida
1069,340.0,56.0,323.0,326.29,334.37852801877096,True,False,False,True,acima_janela_permitida
1070,339.0,56.0,323.0,326.29,334.6699867033194,True,False,False,True,acima_janela_permitida
1071,338.0,56.0,323.0,326.29,334.96417718914364,True,False,False,True,acima_janela_permitida
1072,337.0,55.0,324.0,327.29,336.2157045707413,True,False,False,True,acima_janela_permitida
1073,336.0,55.0,324.0,327.29,336.51448705813544,True,False,False,True,acima_janela_permitida
1074,335.0,55.0,324.0,327.29,336.81597349294464,True,False,False,True,acima_janela_permitida
1075,334.0,54.0,325.0,328.29,338.07247743642193,True,False,False,True,acima_janela_permitida
1076,333.0,54.0,325.0,328.29,338.3784863137726,True,False,False,True,acima_janela_permitida
1077,332.0,54.0,325.0,328.29,338.68717129528244,True,False,False,True,acima_janela_permitida
1078,331.0,54.0,325.0,328.29,338.9985250705377,True,False,False,True,acima_janela_permitida
1079,330.0,53.0,326.0,329.29,340.26166401756166,True,False,False,True,acima_janela_permitida
1080,329.0,53.0,326.0,329.29,340.57745080965066,True,False,False,True,acima_janela_permitida
1081,328.0,53.0,326.0,329.29,340.8958785318473,True,False,False,True,acima_janela_permitida
1082,327.0,53.0,326.0,329.29,341.21693979050923,True,False,False,True,acima_janela_permitida
1083,326.0,52.0,327.0,330.29,342.4864960841522,True,False,False,True,acima_janela_permitida
1084,325.0,52.0,327.0,330.29,342.81190177705327,True,False,False,True,acima_janela_permitida
1085,324.0,52.0,327.0,330.29,343.13991315496946,True,False,False,True,acima_janela_permitida
1086,323.0,52.0,327.0,330.29,343.47052275268106,True,False,False,True,acima_janela_permitida
1087,322.0,52.0,327.0,330.29,343.80372307466365,True,False,False,True,acima_janela_permitida
1088,321.0,51.0,328.0,331.29,345.0811498763733,True,False,False,True,acima_janela_permitida
1089,320.0,51.0,328.0,331.29,345.418586645247,True,False,False,True,acima_janela_permitida
1090,319.0,51.0,328.0,331.29,345.7585862997476,True,False,False,True,acima_janela_permitida
1091,318.0,51.0,328.0,331.29,346.10114128676315,True,False,False,True,acima_janela_permitida
1092,317.0,51.0,328.0,331.29,346.44624402640017,True,False,False,True,acima_janela_permitida
1093,316.0,50.0,329.0,332.29,347.731218040601,True,False,False,True,acima_janela_permitida
1094,315.0,50.0,329.0,332.29,348.08045047086455,True,False,False,True,acima_janela_permitida
1095,314.0,50.0,329.0,332.29,348.4322028745334,True,False,False,True,acima_janela_permitida
1096,313.0,50.0,329.0,332.29,348.78646762740095,True,False,False,True,acima_janela_permitida
1097,312.0,50.0,329.0,332.29,349.14323708186015,True,False,False,True,acima_janela_permitida
1098,311.0,49.0,330.0,333.29,350.43544341290595,True,False,False,True,acima_janela_permitida
1099,310.0,49.0,330.0,333.29,350.7962371519968,True,False,False,True,acima_janela_permitida
1100,309.0,49.0,330.0,333.29,351.15950791627444,True,False,False,True,acima_janela_permitida
1101,308.0,49.0,330.0,333.29,351.5252480263687,True,False,False,True,acima_janela_permitida
1102,307.0,49.0,330.0,333.29,351.8934497827432,True,False,False,True,acima_janela_permitida
1103,306.0,49.0,330.0,333.29,352.264105466339,True,False,False,True,acima_janela_permitida
1104,305.0,49.0,330.0,333.29,352.6372073392143,True,False,False,True,acima_janela_permitida
1105,304.0,48.0,331.0,334.29,353.93926032583613,True,False,False,True,acima_janela_permitida
1106,303.0,48.0,331.0,334.29,354.3162429243119,True,False,False,True,acima_janela_permitida
1107,302.0,48.0,331.0,334.29,354.6956441796262,True,False,False,True,acima_janela_permitida
1108,301.0,48.0,331.0,334.29,355.07745633875436,True,False,False,True,acima_janela_permitida
1109,300.0,48.0,331.0,334.29,355.4616716328218,True,False,False,True,acima_janela_permitida
1110,299.0,48.0,331.0,334.29,355.84828227771453,True,False,False,True,acima_janela_permitida
1111,298.0,48.0,331.0,334.29,356.23728047468586,True,False,False,True,acima_janela_permitida
1112,297.0,48.0,331.0,334.29,356.62865841095834,True,False,False,True,acima_janela_permitida
1113,296.0,48.0,331.0,334.29,357.0224082603219,True,False,False,True,acima_janela_permitida
1114,295.0,47.0,332.0,335.29,358.33643409511126,True,False,False,True,acima_janela_permitida
1115,294.0,47.0,332.0,335.29,358.73388465546435,True,False,False,True,acima_janela_permitida
1116,293.0,47.0,332.0,335.29,359.133679846377,True,False,False,True,acima_janela_permitida
1117,292.0,47.0,332.0,335.29,359.53581184633055,True,False,False,True,acima_janela_permitida
1118,291.0,47.0,332.0,335.29,359.94027282314494,True,False,False,True,acima_janela_permitida
1119,290.0,47.0,332.0,335.29,360.347054934545,True,False,False,True,acima_janela_permitida
1120,289.0,47.0,332.0,335.29,360.75615032872275,True,False,False,True,acima_janela_permitida
1121,288.0,47.0,332.0,335.29,361.1675511448945,True,False,False,True,acima_janela_permitida
1122,287.0,47.0,332.0,335.29,361.58124951385406,True,False,False,True,acima_janela_permitida
1123,286.0,47.0,332.0,335.29,361.9972375585206,True,False,False,True,acima_janela_permitida
1124,285.0,47.0,332.0,335.29,362.41550739448223,True,False,False,True,acima_janela_permitida
1125,284.0,47.0,332.0,335.29,362.8360511305347,True,False,False,True,acima_janela_permitida
1126,283.0,47.0,332.0,335.29,363.2588608692154,True,False,False,True,acima_janela_permitida
1127,282.0,47.0,332.0,335.29,363.68392870733237,True,False,False,True,acima_janela_permitida
1128,281.0,47.0,332.0,335.29,364.1112467364885,True,False,False,True,acima_janela_permitida
1129,280.0,47.0,332.0,335.29,364.5408070436011,False,False,False,True,acima_janela_permitida;lado_errado
1130,279.0,47.0,332.0,335.29,364.97260171141613,False,False,False,True,acima_janela_permitida;lado_errado
1131,278.0,47.0,332.0,335.29,365.40662281901785,False,False,False,True,acima_janela_permitida;lado_errado
1132,277.0,47.0,332.0,335.29,365.8428624423333,False,False,False,True,acima_janela_permitida;lado_errado
1133,276.0,47.0,332.0,335.29,366.2813126546316,False,False,False,True,acima_janela_permitida;lado_errado
1134,275.0,47.0,332.0,335.29,366.7219655270188,False,False,False,True,acima_janela_permitida;lado_errado
1135,274.0,47.0,332.0,335.29,367.16481312892716,False,False,False,True,acima_janela_permitida;lado_errado
1136,273.0,47.0,332.0,335.29,367.6098475285993,False,False,False,True,acima_janela_permitida;lado_errado
1137,272.0,47.0,332.0,335.29,368.0570607935677,False,False,False,True,acima_janela_permitida;lado_errado
1138,271.0,47.0,332.0,335.29,368.506444991129,False,False,False,True,acima_janela_permitida;lado_errado
1139,270.0,47.0,332.0,335.29,368.95799218881274,False,False,False,True,acima_janela_permitida;lado_errado
1140,269.0,47.0,332.0,335.29,369.4116944548453,False,False,False,True,acima_janela_permitida;lado_errado
1141,268.0,47.0,332.0,335.29,369.86754385860894,False,False,False,True,acima_janela_permitida;lado_errado
1142,267.0,47.0,332.0,335.29,370.32553247109496,False,False,False,True,acima_janela_permitida;lado_errado
1143,266.0,47.0,332.0,335.29,370.78565236535246,False,False,False,True,acima_janela_permitida;lado_errado
1144,265.0,47.0,332.0,335.29,371.24789561693143,False,False,False,True,acima_janela_permitida;lado_errado
