indice,x,y,dist_baseline,dist_baseline_ajustada,dist_ponto_contato,lado_correto,candidato_janela,permaneceu,descartado,motivo_descarte
0,264.0,47.0,332.0,335.29,357.9413359756037,True,False,False,True,acima_janela_permitida
1,263.0,48.0,331.0,334.29,356.62865841095834,True,False,False,True,acima_janela_permitida
2,262.0,48.0,331.0,334.29,356.23728047468586,True,False,False,True,acima_janela_permitida
3,261.0,48.0,331.0,334.29,355.84828227771453,True,False,False,True,acima_janela_permitida
4,260.0,48.0,331.0,334.29,355.4616716328218,True,False,False,True,acima_janela_permitida
5,259.0,48.0,331.0,334.29,355.07745633875436,True,False,False,True,acima_janela_permitida
6,258.0,48.0,331.0,334.29,354.6956441796262,True,False,False,True,acima_janela_permitida
7,257.0,48.0,331.0,334.29,354.3162429243119,True,False,False,True,acima_janela_permitida
8,256.0,48.0,331.0,334.29,353.93926032583613,True,False,False,True,acima_janela_permitida
9,255.0,49.0,330.0,333.29,352.6372073392143,True,False,False,True,acima_janela_permitida
10,254.0,49.0,330.0,333.29,352.264105466339,True,False,False,True,acima_janela_permitida
11,253.0,49.0,330.0,333.29,351.8934497827432,True,False,False,True,acima_janela_permitida
12,252.0,49.0,330.0,333.29,351.5252480263687,True,False,False,True,acima_janela_permitida
13,251.0,49.0,330.0,333.29,351.15950791627444,True,False,False,True,acima_janela_permitida
14,250.0,49.0,330.0,333.29,350.7962371519968,True,False,False,True,acima_janela_permitida
15,249.0,49.0,330.0,333.29,350.43544341290595,True,False,False,True,acima_janela_permitida
16,248.0,49.0,330.0,333.29,350.0771343575584,True,False,False,True,acima_janela_permitida
17,247.0,50.0,329.0,332.29,348.78646762740095,True,False,False,True,acima_janela_permitida
18,246.0,50.0,329.0,332.29,348.4322028745334,True,False,False,True,acima_janela_permitida
19,245.0,50.0,329.0,332.29,348.08045047086455,True,False,False,True,acima_janela_permitida
20,244.0,50.0,329.0,332.29,347.731218040601,True,False,False,True,acima_janela_permitida
21,243.0,50.0,329.0,332.29,347.38451318387814,True,False,False,True,acima_janela_permitida
22,242.0,51.0,328.0,331.29,346.10114128676315,True,False,False,True,acima_janela_permitida
23,241.0,51.0,328.0,331.29,345.7585862997476,True,False,False,True,acima_janela_permitida
24,240.0,51.0,328.0,331.29,345.418586645247,True,False,False,True,acima_janela_permitida
25,239.0,51.0,328.0,331.29,345.0811498763733,True,False,False,True,acima_janela_permitida
26,238.0,51.0,328.0,331.29,344.74628351876396,True,False,False,True,acima_janela_permitida
27,237.0,52.0,327.0,330.29,343.47052275268106,True,False,False,True,acima_janela_permitida
28,236.0,52.0,327.0,330.29,343.13991315496946,True,False,False,True,acima_janela_permitida
29,235.0,52.0,327.0,330.29,342.81190177705327,True,False,False,True,acima_janela_permitida
30,234.0,52.0,327.0,330.29,342.4864960841522,True,False,False,True,acima_janela_permitida
31,233.0,52.0,327.0,330.29,342.1637035104688,True,False,False,True,acima_janela_permitida
32,232.0,53.0,326.0,329.29,340.8958785318473,True,False,False,True,acima_janela_permitida
33,231.0,53.0,326.0,329.29,340.57745080965066,True,False,False,True,acima_janela_permitida
34,230.0,53.0,326.0,329.29,340.26166401756166,True,False,False,True,acima_janela_permitida
35,229.0,53.0,326.0,329.29,339.94852551526094,True,False,False,True,acima_janela_permitida
36,228.0,54.0,325.0,328.29,338.68717129528244,True,False,False,True,acima_janela_permitida
37,227.0,54.0,325.0,328.29,338.3784863137726,True,False,False,True,acima_janela_permitida
38,226.0,54.0,325.0,328.29,338.07247743642193,True,False,False,True,acima_janela_permitida
39,225.0,54.0,325.0,328.29,337.76915193664445,True,False,False,True,acima_janela_permitida
40,224.0,55.0,324.0,327.29,336.51448705813544,True,False,False,True,acima_janela_permitida
41,223.0,55.0,324.0,327.29,336.2157045707413,True,False,False,True,acima_janela_permitida
42,222.0,55.0,324.0,327.29,335.91963324581076,True,False,False,True,acima_janela_permitida
43,221.0,56.0,323.0,326.29,334.6699867033194,True,False,False,True,acima_janela_permitida
44,220.0,56.0,323.0,326.29,334.37852801877096,True,False,False,True,acima_janela_permitida
45,219.0,56.0,323.0,326.29,334.0898082851376,True,False,False,True,acima_janela_permitida
46,218.0,56.0,323.0,326.29,333.80383460949037,True,False,False,True,acima_janela_permitida
47,217.0,57.0,322.0,325.29,332.56127254988667,True,False,False,True,acima_janela_permitida
48,216.0,57.0,322.0,325.29,332.28000240760804,True,False,False,True,acima_janela_permitida
49,215.0,57.0,322.0,325.29,332.00150602068055,True,False,False,True,acima_janela_permitida
50,214.0,58.0,321.0,324.29,330.76426651015373,True,False,False,True,acima_janela_permitida
51,213.0,58.0,321.0,324.29,330.4905444940899,True,False,False,True,acima_janela_permitida
52,212.0,58.0,321.0,324.29,330.2196238868914,True,False,False,True,acima_janela_permitida
53,211.0,59.0,320.0,323.29,328.9878417206326,True,False,False,True,acima_janela_permitida
54,210.0,59.0,320.0,323.29,328.72176684850064,True,False,False,True,acima_janela_permitida
55,209.0,60.0,319.0,322.29,327.49351138610365,True,False,False,True,acima_janela_permitida
56,208.0,60.0,319.0,322.29,327.23233336576016,True,False,False,True,acima_janela_permitida
57,207.0,60.0,319.0,322.29,326.9740050829729,True,False,False,True,acima_janela_permitida
58,206.0,61.0,318.0,321.29,325.75143898377485,True,False,False,True,acima_janela_permitida
59,205.0,61.0,318.0,321.29,325.4980798714487,True,False,False,True,acima_janela_permitida
60,204.0,61.0,318.0,321.29,325.24759799266775,True,False,False,True,acima_janela_permitida
61,203.0,62.0,317.0,320.29,324.0308627276112,True,False,False,True,acima_janela_permitida
62,202.0,62.0,317.0,320.29,323.7854227725516,True,False,False,True,acima_janela_permitida
63,201.0,63.0,316.0,319.29,322.5724724771164,True,False,False,True,acima_janela_permitida
64,200.0,63.0,316.0,319.29,322.33212685055145,True,False,False,True,acima_janela_permitida
65,199.0,63.0,316.0,319.29,322.09470656935673,True,False,False,True,acima_janela_permitida
66,198.0,64.0,315.0,318.29,320.887830869293,True,False,False,True,acima_janela_permitida
67,197.0,64.0,315.0,318.29,320.6555784638714,True,False,False,True,acima_janela_permitida
68,196.0,65.0,314.0,317.29,319.4526568992658,True,False,False,True,acima_janela_permitida
69,195.0,65.0,314.0,317.29,319.22562553780045,True,False,False,True,acima_janela_permitida
70,194.0,66.0,313.0,316.29,318.0267284364633,True,False,False,True,acima_janela_permitida
71,193.0,66.0,313.0,316.29,317.80497164141406,True,False,False,True,acima_janela_permitida
72,192.0,67.0,312.0,315.29,316.61017039886764,True,False,False,True,acima_janela_permitida
73,191.0,67.0,312.0,315.29,316.39374203672236,True,False,False,True,acima_janela_permitida
74,190.0,68.0,311.0,314.29,315.2031091217217,True,False,False,True,acima_janela_permitida
75,189.0,68.0,311.0,314.29,314.9920633920798,True,False,False,True,acima_janela_permitida
76,188.0,69.0,310.0,313.29,313.8056723515367,True,False,False,True,acima_janela_permitida
77,187.0,69.0,310.0,313.29,313.6000637755037,True,False,False,True,acima_janela_permitida
78,186.0,70.0,309.0,312.29,312.41798923877604,True,False,False,True,acima_janela_permitida
79,185.0,70.0,309.0,312.29,312.2178726466504,True,False,False,True,acima_janela_permitida
80,184.0,71.0,308.0,311.29,311.0401903291599,True,False,False,True,acima_janela_permitida
81,183.0,71.0,308.0,311.29,310.84562084739105,True,False,False,True,acima_janela_permitida
82,182.0,72.0,307.0,310.29,309.67240755353066,True,False,False,True,acima_janela_permitida
83,181.0,72.0,307.0,310.29,309.4834405909305,True,False,False,True,acima_janela_permitida
84,180.0,73.0,306.0,309.29,308.3147742162221,True,False,False,True,acima_janela_permitida
85,179.0,74.0,305.0,308.29,307.14817271147814,True,False,False,True,acima_janela_permitida
86,178.0,74.0,305.0,308.29,306.96742498187,True,False,False,True,acima_janela_permitida
87,177.0,75.0,304.0,307.29,305.8054937374409,True,False,False,True,acima_janela_permitida
88,176.0,75.0,304.0,307.29,305.6304958606062,True,False,False,True,acima_janela_permitida
89,175.0,76.0,303.0,306.29,304.473315743761,True,False,False,True,acima_janela_permitida
90,174.0,77.0,302.0,305.29,303.3183146465112,True,False,False,True,acima_janela_permitida
91,173.0,77.0,302.0,305.29,303.1517771678075,True,False,False,True,acima_janela_permitida
92,172.0,78.0,301.0,304.29,302.00165562460086,True,False,False,True,acima_janela_permitida
93,171.0,78.0,301.0,304.29,301.8410177560366,True,False,False,True,acima_janela_permitida
94,170.0,79.0,300.0,303.29,300.6958596322869,True,False,False,True,acima_janela_permitida
95,169.0,80.0,299.0,302.29,299.55300031880836,True,False,False,True,acima_janela_permitida
96,168.0,80.0,299.0,302.29,299.4010688023675,True,False,False,True,acima_janela_permitida
97,167.0,81.0,298.0,301.29,298.2633064927699,True,False,False,True,acima_janela_permitida
98,166.0,82.0,297.0,300.29,297.1279185805333,True,False,False,True,acima_janela_permitida
99,165.0,82.0,297.0,300.29,296.98484809834997,True,False,False,True,acima_janela_permitida
100,164.0,83.0,296.0,299.29,295.85469406450187,True,False,False,True,acima_janela_permitida
101,163.0,84.0,295.0,298.29,294.72699231661835,True,False,False,True,acima_janela_permitida
102,162.0,85.0,294.0,297.29,293.6017711118242,True,False,False,True,acima_janela_permitida
103,161.0,85.0,294.0,297.29,293.47061181658376,True,False,False,True,acima_janela_permitida
104,160.0,86.0,293.0,296.29,292.35081665697464,True,False,False,True,acima_janela_permitida
105,159.0,87.0,292.0,295.29,291.23358322830836,True,False,False,True,acima_janela_permitida
106,158.0,88.0,291.0,294.29,290.11894112587686,True,False,False,True,acima_janela_permitida
107,157.0,88.0,291.0,294.29,290.0,True,False,False,True,acima_janela_permitida
108,156.0,89.0,290.0,293.29,288.8909828983937,True,False,False,True,acima_janela_permitida
109,155.0,90.0,289.0,292.29,287.7846417027844,True,False,False,True,acima_janela_permitida
110,154.0,91.0,288.0,291.29,286.6810073932349,True,False,False,True,acima_janela_permitida
111,153.0,91.0,288.0,291.29,286.574597618142,True,False,False,True,acima_janela_permitida
112,152.0,92.0,287.0,290.29,285.4767941532201,True,False,False,True,acima_janela_permitida
113,151.0,93.0,286.0,289.29,284.3817856333278,True,False,False,True,acima_janela_permitida
114,150.0,94.0,285.0,288.29,283.28960446864266,True,False,False,True,acima_janela_permitida
115,149.0,95.0,284.0,287.29,282.20028348674634,True,False,False,True,acima_janela_permitida
116,148.0,95.0,284.0,287.29,282.10990766011747,True,False,False,True,acima_janela_permitida
117,147.0,96.0,283.0,286.29,281.02668912400475,True,False,False,True,acima_janela_permitida
118,146.0,97.0,282.0,285.29,279.94642344563005,True,False,False,True,acima_janela_permitida
119,145.0,98.0,281.0,284.29,278.86914494077683,True,False,False,True,acima_janela_permitida
120,144.0,99.0,280.0,283.29,277.79488836189915,True,False,False,True,acima_janela_permitida
121,143.0,100.0,279.0,282.29,276.72368890284764,True,False,False,True,acima_janela_permitida
122,142.0,101.0,278.0,281.29,275.6555822035897,True,False,False,True,acima_janela_permitida
123,141.0,102.0,277.0,280.29,274.5906043549196,True,False,False,True,acima_janela_permitida
124,140.0,103.0,276.0,279.29,273.528791903156,True,False,False,True,acima_janela_permitida
125,139.0,104.0,275.0,278.29,272.47018185482244,True,False,False,True,acima_janela_permitida
126,138.0,105.0,274.0,277.29,271.4148116813082,True,False,False,True,acima_janela_permitida
127,137.0,106.0,273.0,276.29,270.36271932350434,True,False,False,True,acima_janela_permitida
128,136.0,107.0,272.0,275.29,269.31394319641157,True,False,False,True,acima_janela_permitida
129,135.0,108.0,271.0,274.29,268.26852219371546,True,False,False,True,acima_janela_permitida
130,134.0,109.0,270.0,273.29,267.22649569232465,True,False,False,True,acima_janela_permitida
131,133.0,110.0,269.0,272.29,266.1879035568671,True,False,False,True,acima_janela_permitida
132,132.0,111.0,268.0,271.29,265.1527861441399,True,False,False,True,acima_janela_permitida
133,131.0,112.0,267.0,270.29,264.12118430750684,True,False,False,True,acima_janela_permitida
134,130.0,113.0,266.0,269.29,263.0931394012394,True,False,False,True,acima_janela_permitida
135,129.0,114.0,265.0,268.29,262.0686932847951,True,False,False,True,acima_janela_permitida
136,128.0,115.0,264.0,267.29,261.04788832702707,True,False,False,True,acima_janela_permitida
137,127.0,116.0,263.0,266.29,260.0307674103201,True,False,False,True,acima_janela_permitida
138,126.0,117.0,262.0,265.29,259.01737393464555,True,False,False,True,acima_janela_permitida
139,126.0,118.0,261.0,264.29,258.0174412709342,True,False,False,True,acima_janela_permitida
140,125.0,119.0,260.0,263.29,257.00778198334774,True,False,False,True,acima_janela_permitida
141,124.0,120.0,259.0,262.29,256.0019531175495,True,False,False,True,acima_janela_permitida
142,123.0,121.0,258.0,261.29,255.0,True,False,False,True,acima_janela_permitida
143,122.0,122.0,257.0,260.29,254.0019684963091,True,False,False,True,acima_janela_permitida
144,121.0,123.0,256.0,259.29,253.00790501484337,True,False,False,True,acima_janela_permitida
145,121.0,124.0,255.0,258.29,252.00793638296395,True,False,False,True,acima_janela_permitida
146,120.0,125.0,254.0,257.29,251.01792764661252,True,False,False,True,acima_janela_permitida
147,119.0,126.0,253.0,256.29,250.0319979522621,True,False,False,True,acima_janela_permitida
148,118.0,127.0,252.0,255.29000000000002,249.0501957437496,True,False,False,True,acima_janela_permitida
149,118.0,128.0,251.0,254.29000000000002,248.05039810490126,True,False,False,True,acima_janela_permitida
150,117.0,129.0,250.0,253.29000000000002,247.07286374670934,True,False,False,True,acima_janela_permitida
151,116.0,130.0,249.0,252.29000000000002,246.0995733437992,True,False,False,True,acima_janela_permitida
152,115.0,131.0,248.0,251.29000000000002,245.13057744802055,True,False,False,True,acima_janela_permitida
153,115.0,132.0,247.0,250.29000000000002,244.13111231467406,True,False,False,True,acima_janela_permitida
154,114.0,133.0,246.0,249.29000000000002,243.16660954991332,True,False,False,True,acima_janela_permitida
155,113.0,134.0,245.0,248.29000000000002,242.20652344641752,True,False,False,True,acima_janela_permitida
156,112.0,135.0,244.0,247.29000000000002,241.25090673404733,True,False,False,True,acima_janela_permitida
157,112.0,136.0,243.0,246.29000000000002,240.25195108468944,True,False,False,True,acima_janela_permitida
158,111.0,137.0,242.0,245.29000000000002,239.30106560565082,True,False,False,True,acima_janela_permitida
159,110.0,138.0,241.0,244.29000000000002,238.3547775900454,True,False,False,True,acima_janela_permitida
160,110.0,139.0,240.0,243.29000000000002,237.35627229968034,True,False,False,True,acima_janela_permitida
161,109.0,140.0,239.0,242.29000000000002,236.4148895480147,True,False,False,True,acima_janela_permitida
162,109.0,141.0,238.0,241.29000000000002,235.41665191740367,True,False,False,True,acima_janela_permitida
163,108.0,142.0,237.0,240.29000000000002,234.48027635602958,True,False,False,True,acima_janela_permitida
164,107.0,143.0,236.0,239.29000000000002,233.54871012274933,True,False,False,True,acima_janela_permitida
165,107.0,144.0,235.0,238.29000000000002,232.55106965997814,True,False,False,True,acima_janela_permitida
166,106.0,145.0,234.0,237.29000000000002,231.62469643800938,True,False,False,True,acima_janela_permitida
167,105.0,146.0,233.0,236.29000000000002,230.70327262524907,True,False,False,True,acima_janela_permitida
168,105.0,147.0,232.0,235.29000000000002,229.7063342618135,True,False,False,True,acima_janela_permitida
169,104.0,148.0,231.0,234.29000000000002,228.79029699705362,True,False,False,True,acima_janela_permitida
170,104.0,149.0,230.0,233.29000000000002,227.79376637651873,True,False,False,True,acima_janela_permitida
171,103.0,150.0,229.0,232.29000000000002,226.88322987827902,True,False,False,True,acima_janela_permitida
172,102.0,151.0,228.0,231.29000000000002,225.97787502319778,True,False,False,True,acima_janela_permitida
173,102.0,152.0,227.0,230.29000000000002,224.98222151983475,True,False,False,True,acima_janela_permitida
174,101.0,153.0,226.0,229.29000000000002,224.08257406590099,True,False,False,True,acima_janela_permitida
175,101.0,154.0,225.0,228.29000000000002,223.0874268084152,True,False,False,True,acima_janela_permitida
176,100.0,155.0,224.0,227.29000000000002,222.19360926903366,True,False,False,True,acima_janela_permitida
177,100.0,156.0,223.0,226.29000000000002,221.19900542271884,True,False,False,True,acima_janela_permitida
178,99.0,157.0,222.0,225.29000000000002,220.31114361284588,True,False,False,True,acima_janela_permitida
179,99.0,158.0,221.0,224.29000000000002,219.31712199461307,True,False,False,True,acima_janela_permitida
180,98.0,159.0,220.0,223.29000000000002,218.43534512527958,True,False,False,True,acima_janela_permitida
181,98.0,160.0,219.0,222.29000000000002,217.44194627532195,True,False,False,True,acima_janela_permitida
182,97.0,161.0,218.0,221.29000000000002,216.566387050253,True,False,False,True,acima_janela_permitida
183,97.0,162.0,217.0,220.29000000000002,215.5736533067063,True,False,False,True,acima_janela_permitida
184,96.0,163.0,216.0,219.29000000000002,214.70444802099468,True,False,False,True,acima_janela_permitida
185,96.0,164.0,215.0,218.29000000000002,213.71242359769354,True,False,False,True,acima_janela_permitida
186,95.0,165.0,214.0,217.29000000000002,212.8497122384712,True,False,False,True,acima_janela_permitida
187,95.0,166.0,213.0,216.29000000000002,211.85844330590177,True,False,False,True,acima_janela_permitida
188,94.0,167.0,212.0,215.29000000000002,211.00236965494014,True,False,False,True,acima_janela_permitida
189,94.0,168.0,211.0,214.29000000000002,210.01190442448734,True,False,False,True,acima_janela_permitida
190,93.0,169.0,210.0,213.29000000000002,209.16261616264032,True,False,False,True,acima_janela_permitida
191,93.0,170.0,209.0,212.29000000000002,208.1730049742281,True,False,False,True,acima_janela_permitida
192,93.0,171.0,208.0,211.29000000000002,207.18349355100662,True,False,False,True,acima_janela_permitida
193,92.0,172.0,207.0,210.29000000000002,206.34194920083507,True,False,False,True,acima_janela_permitida
194,92.0,173.0,206.0,209.29000000000002,205.35335400231475,True,False,False,True,acima_janela_permitida
195,91.0,174.0,205.0,208.29000000000002,204.51894777746145,True,False,False,True,acima_janela_permitida
196,91.0,175.0,204.0,207.29000000000002,203.5313243704762,True,False,False,True,acima_janela_permitida
197,91.0,176.0,203.0,206.29000000000002,202.54382241875462,True,False,False,True,acima_janela_permitida
198,90.0,177.0,202.0,205.29000000000002,201.71762441591463,True,False,False,True,acima_janela_permitida
199,90.0,178.0,201.0,204.29000000000002,200.73116349984124,True,False,False,True,acima_janela_permitida
200,90.0,179.0,200.0,203.29000000000002,199.7448372299019,True,False,False,True,acima_janela_permitida
201,89.0,180.0,199.0,202.29000000000002,198.92712233378333,True,False,False,True,acima_janela_permitida
202,89.0,181.0,198.0,201.29000000000002,197.9419106707824,True,False,False,True,acima_janela_permitida
203,88.0,182.0,197.0,200.29000000000002,197.1319355152787,True,False,False,True,acima_janela_permitida
204,88.0,183.0,196.0,199.29000000000002,196.1479033790573,True,False,False,True,acima_janela_permitida
205,88.0,184.0,195.0,198.29000000000002,195.1640335717624,True,False,False,True,acima_janela_permitida
206,87.0,185.0,194.0,197.29000000000002,194.36306233438492,True,False,False,True,acima_janela_permitida
207,87.0,186.0,193.0,196.29000000000002,193.380454027805,True,False,False,True,acima_janela_permitida
208,87.0,187.0,192.0,195.29000000000002,192.39802493788756,True,False,False,True,acima_janela_permitida
209,86.0,188.0,191.0,194.29000000000002,191.60636732634956,True,False,False,True,acima_janela_permitida
210,86.0,189.0,190.0,193.29000000000002,190.62528688503002,True,False,False,True,acima_janela_permitida
211,86.0,190.0,189.0,192.29000000000002,189.64440408301004,True,False,False,True,acima_janela_permitida
212,86.0,191.0,188.0,191.29000000000002,188.66372200293304,True,False,False,True,acima_janela_permitida
213,85.0,192.0,187.0,190.29000000000002,187.88294228055935,True,False,False,True,acima_janela_permitida
214,85.0,193.0,186.0,189.29000000000002,186.90371852908652,True,False,False,True,acima_janela_permitida
215,85.0,194.0,185.0,188.29000000000002,185.9247159470736,True,False,False,True,acima_janela_permitida
216,84.0,195.0,184.0,187.29000000000002,185.15398996510984,True,False,False,True,acima_janela_permitida
217,84.0,196.0,183.0,186.29000000000002,184.17654573804992,True,False,False,True,acima_janela_permitida
218,84.0,197.0,182.0,185.29000000000002,183.19934497699495,True,False,False,True,acima_janela_permitida
219,84.0,198.0,181.0,184.29000000000002,182.22239159883728,True,False,False,True,acima_janela_permitida
220,83.0,199.0,180.0,183.29000000000002,181.46349495146399,True,False,False,True,acima_janela_permitida
221,83.0,200.0,179.0,182.29000000000002,180.48822676285565,True,False,False,True,acima_janela_permitida
222,83.0,201.0,178.0,181.29000000000002,179.51323071016242,True,False,False,True,acima_janela_permitida
223,83.0,202.0,177.0,180.29000000000002,178.53851125177448,True,False,False,True,acima_janela_permitida
224,82.0,203.0,176.0,179.29000000000002,177.79201331893398,True,True,True,False,mantido
225,82.0,204.0,175.0,178.29000000000002,176.81911661356077,True,True,True,False,mantido
226,82.0,205.0,174.0,177.29000000000002,175.8465239918037,True,True,True,False,mantido
227,82.0,206.0,173.0,176.29000000000002,174.8742405273001,True,True,True,False,mantido
228,82.0,207.0,172.0,175.29000000000002,173.90227140552247,True,True,True,False,mantido
229,81.0,208.0,171.0,174.29000000000002,173.17043627594174,True,True,True,False,mantido
230,81.0,209.0,170.0,173.29000000000002,172.20046457544765,True,True,True,False,mantido
231,81.0,210.0,169.0,172.29000000000002,171.23083834403195,True,True,True,False,mantido
232,81.0,211.0,168.0,171.29000000000002,170.26156348395253,True,True,True,False,mantido
233,81.0,212.0,167.0,170.29000000000002,169.29264603047588,True,True,True,False,mantido
234,80.0,213.0,166.0,169.29000000000002,168.57639217873896,True,True,True,False,mantido
235,80.0,214.0,165.0,168.29000000000002,167.60966559241146,True,True,True,False,mantido
236,80.0,215.0,164.0,167.29000000000002,166.6433316997713,True,True,True,False,mantido
237,80.0,216.0,163.0,166.29000000000002,165.67739737212196,True,True,True,False,mantido
238,80.0,217.0,162.0,165.29000000000002,164.7118696390761,True,True,True,False,mantido
239,79.0,218.0,161.0,164.29000000000002,164.01219466856725,True,True,True,False,mantido
240,79.0,219.0,160.0,163.29000000000002,163.04907236779974,True,True,True,False,mantido
241,79.0,220.0,159.0,162.29000000000002,162.0863967148385,True,True,True,False,mantido
242,79.0,221.0,158.0,161.29000000000002,161.1241757155021,True,True,True,False,mantido
243,79.0,222.0,157.0,160.29000000000002,160.1624175641714,True,True,True,False,mantido
244,79.0,223.0,156.0,159.29000000000002,159.20113064925135,True,True,True,False,mantido
245,79.0,224.0,155.0,158.29000000000002,158.24032355881985,True,True,True,False,mantido
246,79.0,225.0,154.0,157.29000000000002,157.2800050864699,True,True,True,False,mantido
247,78.0,226.0,153.0,156.29000000000002,156.60459763365824,True,True,True,False,mantido
248,78.0,227.0,152.0,155.29000000000002,155.64703659241314,True,True,True,False,mantido
249,78.0,228.0,151.0,154.29000000000002,154.69001260585637,True,True,True,False,mantido
250,78.0,229.0,150.0,153.29000000000002,153.73353570382747,True,True,True,False,mantido
251,78.0,230.0,149.0,152.29000000000002,152.7776161615307,True,True,True,False,mantido
252,78.0,231.0,148.0,151.29000000000002,151.82226450688975,True,True,True,False,mantido
253,78.0,232.0,147.0,150.29000000000002,150.86749152816188,True,True,True,False,mantido
254,78.0,233.0,146.0,149.29000000000002,149.91330828182,True,True,True,False,mantido
255,77.0,234.0,145.0,148.29000000000002,149.26486525636233,True,True,True,False,mantido
256,77.0,235.0,144.0,147.29000000000002,148.3138563991915,True,True,True,False,mantido
257,77.0,236.0,143.0,146.29000000000002,147.36349615830918,True,True,True,False,mantido
258,77.0,237.0,142.0,145.29000000000002,146.4137971640651,True,True,True,False,mantido
259,77.0,238.0,141.0,144.29000000000002,145.46477236774544,True,True,True,False,mantido
260,77.0,239.0,140.0,143.29000000000002,144.51643505151932,True,True,True,False,mantido
261,77.0,240.0,139.0,142.29000000000002,143.5687988387449,True,True,True,False,mantido
262,77.0,241.0,138.0,141.29000000000002,142.6218777046495,True,True,True,False,mantido
263,77.0,242.0,137.0,140.29000000000002,141.6756859873987,True,True,True,False,mantido
264,77.0,243.0,136.0,139.29000000000002,140.73023839957068,True,True,True,False,mantido
265,77.0,244.0,135.0,138.29000000000002,139.7855500400524,True,True,True,False,mantido
266,77.0,245.0,134.0,137.29000000000002,138.84163640637487,True,True,True,False,mantido
267,77.0,246.0,133.0,136.29000000000002,137.8985134075056,True,True,True,False,mantido
268,77.0,247.0,132.0,135.29000000000002,136.95619737711763,True,True,True,False,mantido
269,77.0,248.0,131.0,134.29000000000002,136.01470508735443,True,True,True,False,mantido
270,77.0,249.0,130.0,133.29000000000002,135.07405376311175,True,True,True,False,mantido
271,77.0,250.0,129.0,132.29000000000002,134.13426109685773,True,True,True,False,mantido
272,77.0,251.0,128.0,131.29000000000002,133.19534526401438,True,True,True,False,mantido
273,77.0,252.0,127.0,130.29000000000002,132.25732493892352,True,True,True,False,mantido
274,77.0,253.0,126.0,129.29000000000002,131.3202193114221,True,True,True,False,mantido
275,77.0,254.0,125.0,128.29000000000002,130.38404810405297,True,True,True,False,mantido
276,77.0,255.0,124.0,127.29000000000002,129.4488315899375,True,True,True,False,mantido
277,77.0,256.0,123.0,126.29000000000002,128.51459061133875,True,True,True,False,mantido
278,77.0,257.0,122.0,125.29000000000002,127.58134659894448,True,True,True,False,mantido
279,77.0,258.0,121.0,124.29000000000002,126.64912159190051,True,True,True,False,mantido
280,77.0,259.0,120.0,123.29000000000002,125.7179382586272,True,True,True,False,mantido
281,77.0,260.0,119.0,122.29000000000002,124.78781991845197,True,True,True,False,mantido
282,77.0,261.0,118.0,121.29000000000002,123.8587905640936,True,True,True,False,mantido
283,77.0,262.0,117.0,120.29000000000002,122.93087488503447,True,True,True,False,mantido
284,77.0,263.0,116.0,119.29000000000002,122.00409829181969,True,True,True,False,mantido
285,77.0,264.0,115.0,118.29000000000002,121.07848694132248,True,True,True,False,mantido
286,77.0,265.0,114.0,117.29000000000002,120.15406776301833,True,True,True,False,mantido
287,78.0,266.0,113.0,116.29000000000002,118.84864324004712,True,True,True,False,mantido
288,78.0,267.0,112.0,115.29000000000002,117.92370414806346,True,True,True,False,mantido
289,78.0,268.0,111.0,114.29000000000002,117.0,True,True,True,False,mantido
290,78.0,269.0,110.0,113.29000000000002,116.0775602776006,True,True,True,False,mantido
291,78.0,270.0,109.0,112.29000000000002,115.15641536623133,True,True,True,False,mantido
292,78.0,271.0,108.0,111.29000000000002,114.23659658795863,True,True,True,False,mantido
293,78.0,272.0,107.0,110.29000000000002,113.3181362359971,True,True,True,False,mantido
294,78.0,273.0,106.0,109.29000000000002,112.40106761058811,True,True,True,False,mantido
295,78.0,274.0,105.0,108.29000000000002,111.48542505637228,True,True,True,False,mantido
296,79.0,275.0,104.0,107.29000000000002,110.16805344563369,True,True,True,False,mantido
297,79.0,276.0,103.0,106.29000000000002,109.2520022699813,True,True,True,False,mantido
298,79.0,277.0,102.0,105.29000000000002,108.33743581975715,True,True,True,False,mantido
299,79.0,278.0,101.0,104.29000000000002,107.42439201596628,True,True,True,False,mantido
300,79.0,279.0,100.0,103.29000000000002,106.51291001564083,True,True,True,False,mantido
301,79.0,280.0,99.0,102.29000000000002,105.60303025955268,True,True,True,False,mantido
302,79.0,281.0,98.0,101.29000000000002,104.69479452198185,True,True,True,False,mantido
303,79.0,282.0,97.0,100.29000000000002,103.78824596263297,True,True,True,False,mantido
304,80.0,283.0,96.0,99.29000000000002,102.45974819410792,True,True,True,False,mantido
305,80.0,284.0,95.0,98.29000000000002,101.55294185792945,True,True,True,False,mantido
306,80.0,285.0,94.0,97.29000000000002,100.64790112068906,True,True,True,False,mantido
307,80.0,286.0,93.0,96.29000000000002,99.74467404327912,True,True,True,False,mantido
308,80.0,287.0,92.0,95.29000000000002,98.84331034521254,True,True,True,False,mantido
309,81.0,288.0,91.0,94.29000000000002,97.50897394599124,True,True,True,False,mantido
310,81.0,289.0,90.0,93.29000000000002,96.60745312862771,True,True,True,False,mantido
311,81.0,290.0,89.0,92.29000000000002,95.70788891204319,True,True,True,False,mantido
312,81.0,291.0,88.0,91.29000000000002,94.81033698917012,True,True,True,False,mantido
313,82.0,292.0,87.0,90.29000000000002,93.47192091746055,True,True,True,False,mantido
314,82.0,293.0,86.0,89.29000000000002,92.57429448826494,True,True,True,False,mantido
315,82.0,294.0,85.0,88.29000000000002,91.67878707749138,True,True,True,False,mantido
316,82.0,295.0,84.0,87.29000000000002,90.78546139112804,True,True,True,False,mantido
317,82.0,296.0,83.0,86.29000000000002,89.89438247187641,True,True,True,False,mantido
318,83.0,297.0,82.0,85.29000000000002,88.54942122905152,True,True,True,False,mantido
319,83.0,298.0,81.0,84.29000000000002,87.65842800324451,True,True,True,False,mantido
320,83.0,299.0,80.0,83.29000000000002,86.76981041814025,True,True,True,False,mantido
321,83.0,300.0,79.0,82.29000000000002,85.88364221433555,True,True,True,False,mantido
322,84.0,301.0,78.0,81.29000000000002,84.53401682163222,True,True,True,False,mantido
323,84.0,302.0,77.0,80.29000000000002,83.64807230295268,True,True,True,False,mantido
324,84.0,303.0,76.0,79.29000000000002,82.76472678623425,True,True,True,False,mantido
325,84.0,304.0,75.0,78.29000000000002,81.88406438373708,True,True,True,False,mantido
326,85.0,305.0,74.0,77.29000000000002,80.52949770115296,True,True,True,False,mantido
327,85.0,306.0,73.0,76.29000000000002,79.64923100695951,True,True,True,False,mantido
328,85.0,307.0,72.0,75.29000000000002,78.77182237323191,True,True,True,False,mantido
329,86.0,308.0,71.0,74.29000000000002,77.41446893184762,True,True,True,False,mantido
330,86.0,309.0,70.0,73.29000000000002,76.53757247260981,True,True,True,False,mantido
331,86.0,310.0,69.0,72.29000000000002,75.66372975210778,True,True,True,False,mantido
332,86.0,311.0,68.0,71.29000000000002,74.79304780526061,True,True,True,False,mantido
333,87.0,312.0,67.0,70.29000000000002,73.43023900274328,True,True,True,False,mantido
334,87.0,313.0,66.0,69.29000000000002,72.56031973468694,True,True,True,False,mantido
335,87.0,314.0,65.0,68.29000000000002,71.69379331573968,True,True,True,False,mantido
336,88.0,315.0,64.0,67.29000000000002,70.32780389006896,True,True,True,False,mantido
337,88.0,316.0,63.0,66.29000000000002,69.46221994724903,True,True,True,False,mantido
338,88.0,317.0,62.0,65.29000000000002,68.60029154456998,True,True,True,False,mantido
339,89.0,318.0,61.0,64.29000000000002,67.23094525588644,True,True,True,False,mantido
340,89.0,319.0,60.0,63.29000000000002,66.37017402418047,True,True,True,False,mantido
341,89.0,320.0,59.0,62.29000000000002,65.5133574166368,True,True,True,False,mantido
342,90.0,321.0,58.0,61.29000000000002,64.1404708432983,True,True,True,False,mantido
343,90.0,322.0,57.0,60.29000000000002,63.28506932918696,True,True,True,False,mantido
344,91.0,323.0,56.0,59.29000000000002,61.91122676865643,True,True,True,False,mantido
345,91.0,324.0,55.0,58.29000000000002,61.05735008989499,True,True,True,False,mantido
346,91.0,325.0,54.0,57.29000000000002,60.207972893961475,True,True,True,False,mantido
347,92.0,326.0,53.0,56.29000000000002,58.83026432033091,True,True,True,False,mantido
348,92.0,327.0,52.0,55.29000000000002,57.982756057296896,True,True,True,False,mantido
349,92.0,328.0,51.0,54.29000000000002,57.14017850864661,True,True,True,False,mantido
350,93.0,329.0,50.0,53.29000000000002,55.758407437802596,True,True,True,False,mantido
351,93.0,330.0,49.0,52.29000000000002,54.91812087098393,True,True,True,False,mantido
352,94.0,331.0,48.0,51.29000000000002,53.53503525729669,True,True,True,False,mantido
353,94.0,332.0,47.0,50.29000000000002,52.69724850502159,True,True,True,False,mantido
354,95.0,333.0,46.0,49.29000000000002,51.31276644267,True,True,True,False,mantido
355,95.0,334.0,45.0,48.29000000000002,50.47771785649585,True,True,True,False,mantido
356,96.0,335.0,44.0,47.29000000000002,49.09175083453431,True,True,True,False,mantido
357,96.0,336.0,43.0,46.29000000000002,48.25971404805462,True,True,True,False,mantido
358,97.0,337.0,42.0,45.29000000000002,46.87216658103186,True,True,True,False,mantido
359,97.0,338.0,41.0,44.29000000000002,46.04345773288535,True,True,True,False,mantido
360,98.0,339.0,40.0,43.29000000000002,44.654227123532216,True,True,True,False,mantido
361,98.0,340.0,39.0,42.29000000000002,43.829214001622255,True,True,True,False,mantido
362,99.0,341.0,38.0,41.29000000000002,42.43819034784589,True,True,True,False,mantido
363,99.0,342.0,37.0,40.29000000000002,41.617304093369626,True,True,True,False,mantido
364,100.0,343.0,36.0,39.29000000000002,40.22437072223753,True,True,True,False,mantido
365,100.0,344.0,35.0,38.29000000000002,39.408120990476064,True,True,True,False,mantido
366,101.0,345.0,34.0,37.29000000000002,38.01315561749642,True,True,True,False,mantido
367,101.0,346.0,33.0,36.29000000000002,37.20215047547655,True,True,True,False,mantido
368,102.0,347.0,32.0,35.29000000000002,35.805027579936315,True,True,True,False,mantido
369,102.0,348.0,31.0,34.29000000000002,35.0,True,True,True,False,mantido
370,103.0,349.0,30.0,33.29000000000002,33.60059523282288,True,True,True,False,mantido
371,103.0,350.0,29.0,32.29000000000002,32.802438933713454,True,True,True,False,mantido
372,104.0,351.0,28.0,31.29000000000002,31.400636936215164,True,True,True,False,mantido
373,105.0,352.0,27.0,30.29000000000002,30.0,True,True,True,False,mantido
374,105.0,353.0,26.0,29.29000000000002,29.206163733020468,True,True,True,False,mantido
375,106.0,354.0,25.0,28.29000000000002,27.80287754891569,True,True,True,False,mantido
376,107.0,355.0,24.0,27.29000000000002,26.40075756488817,True,True,True,False,mantido
377,107.0,356.0,23.0,26.29000000000002,25.612496949731394,True,True,True,False,mantido
378,108.0,357.0,22.0,25.29000000000002,24.20743687382041,True,True,True,False,mantido
379,108.0,358.0,21.0,24.29000000000002,23.430749027719962,True,True,True,False,mantido
380,109.0,359.0,20.0,23.29000000000002,22.02271554554524,True,True,True,False,mantido
381,110.0,360.0,19.0,22.29000000000002,20.615528128088304,True,True,True,False,mantido
382,110.0,361.0,18.0,21.29000000000002,19.849433241279208,True,True,True,False,mantido
383,111.0,362.0,17.0,20.29000000000002,18.439088914585774,True,True,True,False,mantido
384,112.0,363.0,16.0,19.29000000000002,17.029386365926403,True,True,True,False,mantido
385,112.0,364.0,15.0,18.29000000000002,16.278820596099706,True,True,True,False,mantido
386,113.0,365.0,14.0,17.29000000000002,14.866068747318506,True,True,True,False,mantido
387,114.0,366.0,13.0,16.29000000000002,13.45362404707371,True,True,True,False,mantido
388,114.0,367.0,12.0,15.29000000000002,12.727922061357855,True,True,True,False,mantido
389,115.0,368.0,11.0,14.29000000000002,11.313708498984761,True,True,True,False,mantido
390,116.0,369.0,10.0,13.29000000000002,9.899494936611665,True,True,True,False,mantido
391,117.0,370.0,9.0,12.29000000000002,8.48528137423857,True,True,True,False,mantido
392,117.0,371.0,8.0,11.29000000000002,7.810249675906654,True,True,True,False,mantido
393,118.0,372.0,7.0,10.29000000000002,6.4031242374328485,True,True,True,False,mantido
394,119.0,373.0,6.0,9.29000000000002,5.0,True,True,True,False,mantido
395,120.0,374.0,5.0,8.29000000000002,3.605551275463989,True,True,True,False,mantido
396,120.0,375.0,4.0,7.2900000000000205,3.1622776601683795,True,True,True,False,mantido
397,120.0,376.0,3.0,6.2900000000000205,3.0,True,True,True,False,mantido
398,121.0,376.0,3.0,6.2900000000000205,2.0,True,True,True,False,mantido
399,122.0,376.0,3.0,6.2900000000000205,1.0,True,True,True,False,mantido
400,123.0,376.0,3.0,6.2900000000000205,0.0,True,True,True,False,mantido
401,124.0,376.0,3.0,6.2900000000000205,1.0,True,True,True,False,mantido
402,125.0,376.0,3.0,6.2900000000000205,2.0,True,True,True,False,mantido
403,126.0,376.0,3.0,6.2900000000000205,3.0,True,True,True,False,mantido
404,127.0,376.0,3.0,6.2900000000000205,4.0,True,True,True,False,mantido
405,128.0,376.0,3.0,6.2900000000000205,5.0,True,True,True,False,mantido
406,129.0,376.0,3.0,6.2900000000000205,6.0,True,True,True,False,mantido
407,130.0,376.0,3.0,6.2900000000000205,7.0,True,True,True,False,mantido
408,131.0,376.0,3.0,6.2900000000000205,8.0,True,True,True,False,mantido
409,132.0,376.0,3.0,6.2900000000000205,9.0,True,True,True,False,mantido
410,133.0,376.0,3.0,6.2900000000000205,10.0,True,True,True,False,mantido
411,134.0,376.0,3.0,6.2900000000000205,11.0,True,True,True,False,mantido
412,135.0,376.0,3.0,6.2900000000000205,12.0,True,True,True,False,mantido
413,136.0,376.0,3.0,6.2900000000000205,13.0,True,True,True,False,mantido
414,137.0,376.0,3.0,6.2900000000000205,14.0,True,True,True,False,mantido
415,138.0,376.0,3.0,6.2900000000000205,15.0,True,True,True,False,mantido
416,139.0,376.0,3.0,6.2900000000000205,16.0,True,True,True,False,mantido
417,140.0,376.0,3.0,6.2900000000000205,17.0,True,True,True,False,mantido
418,141.0,376.0,3.0,6.2900000000000205,18.0,True,True,True,False,mantido
419,142.0,376.0,3.0,6.2900000000000205,19.0,True,True,True,False,mantido
420,143.0,376.0,3.0,6.2900000000000205,20.0,True,True,True,False,mantido
421,144.0,376.0,3.0,6.2900000000000205,21.0,True,True,True,False,mantido
422,145.0,376.0,3.0,6.2900000000000205,22.0,True,True,True,False,mantido
423,146.0,376.0,3.0,6.2900000000000205,23.0,True,True,True,False,mantido
424,147.0,376.0,3.0,6.2900000000000205,24.0,True,True,True,False,mantido
425,148.0,376.0,3.0,6.2900000000000205,25.0,True,True,True,False,mantido
426,149.0,376.0,3.0,6.2900000000000205,26.0,True,True,True,False,mantido
427,150.0,376.0,3.0,6.2900000000000205,27.0,True,True,True,False,mantido
428,151.0,376.0,3.0,6.2900000000000205,28.0,True,True,True,False,mantido
429,152.0,376.0,3.0,6.2900000000000205,29.0,True,True,True,False,mantido
430,153.0,376.0,3.0,6.2900000000000205,30.0,True,True,True,False,mantido
431,154.0,376.0,3.0,6.2900000000000205,31.0,True,True,True,False,mantido
432,155.0,376.0,3.0,6.2900000000000205,32.0,True,True,True,False,mantido
433,156.0,376.0,3.0,6.2900000000000205,33.0,True,True,True,False,mantido
434,157.0,376.0,3.0,6.2900000000000205,34.0,True,True,True,False,mantido
435,158.0,376.0,3.0,6.2900000000000205,35.0,True,True,True,False,mantido
436,159.0,376.0,3.0,6.2900000000000205,36.0,True,True,True,False,mantido
437,160.0,376.0,3.0,6.2900000000000205,37.0,True,True,True,False,mantido
438,161.0,376.0,3.0,6.2900000000000205,38.0,True,True,True,False,mantido
439,162.0,376.0,3.0,6.2900000000000205,39.0,True,True,True,False,mantido
440,163.0,376.0,3.0,6.2900000000000205,40.0,True,True,True,False,mantido
441,164.0,376.0,3.0,6.2900000000000205,41.0,True,True,True,False,mantido
442,165.0,376.0,3.0,6.2900000000000205,42.0,True,True,True,False,mantido
443,166.0,376.0,3.0,6.2900000000000205,43.0,True,True,True,False,mantido
444,167.0,376.0,3.0,6.2900000000000205,44.0,True,True,True,False,mantido
445,168.0,376.0,3.0,6.2900000000000205,45.0,True,True,True,False,mantido
446,169.0,376.0,3.0,6.2900000000000205,46.0,True,True,True,False,mantido
447,170.0,376.0,3.0,6.2900000000000205,47.0,True,True,True,False,mantido
448,171.0,376.0,3.0,6.2900000000000205,48.0,True,True,True,False,mantido
449,172.0,376.0,3.0,6.2900000000000205,49.0,True,True,True,False,mantido
450,173.0,376.0,3.0,6.2900000000000205,50.0,True,True,True,False,mantido
451,174.0,376.0,3.0,6.2900000000000205,51.0,True,True,True,False,mantido
452,175.0,376.0,3.0,6.2900000000000205,52.0,True,True,True,False,mantido
453,176.0,376.0,3.0,6.2900000000000205,53.0,True,True,True,False,mantido
454,177.0,376.0,3.0,6.2900000000000205,54.0,True,True,True,False,mantido
455,178.0,376.0,3.0,6.2900000000000205,55.0,True,True,True,False,mantido
456,179.0,376.0,3.0,6.2900000000000205,56.0,True,True,True,False,mantido
457,180.0,376.0,3.0,6.2900000000000205,57.0,True,True,True,False,mantido
458,181.0,376.0,3.0,6.2900000000000205,58.0,True,True,True,False,mantido
459,182.0,376.0,3.0,6.2900000000000205,59.0,True,True,True,False,mantido
460,183.0,376.0,3.0,6.2900000000000205,60.0,True,True,True,False,mantido
461,184.0,376.0,3.0,6.2900000000000205,61.0,True,True,True,False,mantido
462,185.0,376.0,3.0,6.2900000000000205,62.0,True,True,True,False,mantido
463,186.0,376.0,3.0,6.2900000000000205,63.0,True,True,True,False,mantido
464,187.0,376.0,3.0,6.2900000000000205,64.0,True,True,True,False,mantido
465,188.0,376.0,3.0,6.2900000000000205,65.0,True,True,True,False,mantido
466,189.0,376.0,3.0,6.2900000000000205,66.0,True,True,True,False,mantido
467,190.0,376.0,3.0,6.2900000000000205,67.0,True,True,True,False,mantido
468,191.0,376.0,3.0,6.2900000000000205,68.0,True,True,True,False,mantido
469,192.0,376.0,3.0,6.2900000000000205,69.0,True,True,True,False,mantido
470,193.0,376.0,3.0,6.2900000000000205,70.0,True,True,True,False,mantido
471,194.0,376.0,3.0,6.2900000000000205,71.0,True,True,True,False,mantido
472,195.0,376.0,3.0,6.2900000000000205,72.0,True,True,True,False,mantido
473,196.0,376.0,3.0,6.2900000000000205,73.0,True,True,True,False,mantido
474,197.0,376.0,3.0,6.2900000000000205,74.0,True,True,True,False,mantido
475,198.0,376.0,3.0,6.2900000000000205,75.0,True,True,True,False,mantido
476,199.0,376.0,3.0,6.2900000000000205,76.0,True,True,True,False,mantido
477,200.0,376.0,3.0,6.2900000000000205,77.0,True,True,True,False,mantido
478,201.0,376.0,3.0,6.2900000000000205,78.0,True,True,True,False,mantido
479,202.0,376.0,3.0,6.2900000000000205,79.0,True,True,True,False,mantido
480,203.0,376.0,3.0,6.2900000000000205,80.0,True,True,True,False,mantido
481,204.0,376.0,3.0,6.2900000000000205,81.0,True,True,True,False,mantido
482,205.0,376.0,3.0,6.2900000000000205,82.0,True,True,True,False,mantido
483,206.0,376.0,3.0,6.2900000000000205,83.0,True,True,True,False,mantido
484,207.0,376.0,3.0,6.2900000000000205,84.0,True,True,True,False,mantido
485,208.0,376.0,3.0,6.2900000000000205,85.0,True,True,True,False,mantido
486,209.0,376.0,3.0,6.2900000000000205,86.0,True,True,True,False,mantido
487,210.0,376.0,3.0,6.2900000000000205,87.0,True,True,True,False,mantido
488,211.0,376.0,3.0,6.2900000000000205,88.0,True,True,True,False,mantido
489,212.0,376.0,3.0,6.2900000000000205,89.0,True,True,True,False,mantido
490,213.0,376.0,3.0,6.2900000000000205,90.0,True,True,True,False,mantido
491,214.0,376.0,3.0,6.2900000000000205,91.0,True,True,True,False,mantido
492,215.0,376.0,3.0,6.2900000000000205,92.0,True,True,True,False,mantido
493,216.0,376.0,3.0,6.2900000000000205,93.0,True,True,True,False,mantido
494,217.0,376.0,3.0,6.2900000000000205,94.0,True,True,True,False,mantido
495,218.0,376.0,3.0,6.2900000000000205,95.0,True,True,True,False,mantido
496,219.0,376.0,3.0,6.2900000000000205,96.0,True,True,True,False,mantido
497,220.0,376.0,3.0,6.2900000000000205,97.0,True,True,True,False,mantido
498,221.0,376.0,3.0,6.2900000000000205,98.0,True,True,True,False,mantido
499,222.0,376.0,3.0,6.2900000000000205,99.0,True,True,True,False,mantido
500,223.0,376.0,3.0,6.2900000000000205,100.0,True,True,True,False,mantido
501,224.0,376.0,3.0,6.2900000000000205,101.0,True,True,True,False,mantido
502,225.0,376.0,3.0,6.2900000000000205,102.0,True,True,True,False,mantido
503,226.0,376.0,3.0,6.2900000000000205,103.0,True,True,True,False,mantido
504,227.0,376.0,3.0,6.2900000000000205,104.0,True,True,True,False,mantido
505,228.0,376.0,3.0,6.2900000000000205,105.0,True,True,True,False,mantido
506,229.0,376.0,3.0,6.2900000000000205,106.0,True,True,True,False,mantido
507,230.0,376.0,3.0,6.2900000000000205,107.0,True,True,True,False,mantido
508,231.0,376.0,3.0,6.2900000000000205,108.0,True,True,True,False,mantido
509,232.0,376.0,3.0,6.2900000000000205,109.0,True,True,True,False,mantido
510,233.0,376.0,3.0,6.2900000000000205,110.0,True,True,True,False,mantido
511,234.0,376.0,3.0,6.2900000000000205,111.0,True,True,True,False,mantido
512,235.0,376.0,3.0,6.2900000000000205,112.0,True,True,True,False,mantido
513,236.0,376.0,3.0,6.2900000000000205,113.0,True,True,True,False,mantido
514,237.0,376.0,3.0,6.2900000000000205,114.0,True,True,True,False,mantido
515,238.0,376.0,3.0,6.2900000000000205,115.0,True,True,True,False,mantido
516,239.0,376.0,3.0,6.2900000000000205,116.0,True,True,True,False,mantido
517,240.0,376.0,3.0,6.2900000000000205,117.0,True,True,True,False,mantido
518,241.0,376.0,3.0,6.2900000000000205,118.0,True,True,True,False,mantido
519,242.0,376.0,3.0,6.2900000000000205,119.0,True,True,True,False,mantido
520,243.0,376.0,3.0,6.2900000000000205,120.0,True,True,True,False,mantido
521,244.0,376.0,3.0,6.2900000000000205,121.0,True,True,True,False,mantido
522,245.0,376.0,3.0,6.2900000000000205,122.0,True,True,True,False,mantido
523,246.0,376.0,3.0,6.2900000000000205,123.0,True,True,True,False,mantido
524,247.0,376.0,3.0,6.2900000000000205,124.0,True,True,True,False,mantido
525,248.0,376.0,3.0,6.2900000000000205,125.0,True,True,True,False,mantido
526,249.0,376.0,3.0,6.2900000000000205,126.0,True,True,True,False,mantido
527,250.0,376.0,3.0,6.2900000000000205,127.0,True,True,True,False,mantido
528,251.0,376.0,3.0,6.2900000000000205,128.0,True,True,True,False,mantido
529,252.0,376.0,3.0,6.2900000000000205,129.0,True,True,True,False,mantido
530,253.0,376.0,3.0,6.2900000000000205,130.0,True,True,True,False,mantido
531,254.0,376.0,3.0,6.2900000000000205,131.0,True,True,True,False,mantido
532,255.0,376.0,3.0,6.2900000000000205,132.0,True,True,True,False,mantido
533,256.0,376.0,3.0,6.2900000000000205,133.0,True,True,True,False,mantido
534,257.0,376.0,3.0,6.2900000000000205,134.0,True,True,True,False,mantido
535,258.0,376.0,3.0,6.2900000000000205,135.0,True,True,True,False,mantido
536,259.0,376.0,3.0,6.2900000000000205,136.0,True,True,True,False,mantido
537,260.0,376.0,3.0,6.2900000000000205,137.0,True,True,True,False,mantido
538,261.0,376.0,3.0,6.2900000000000205,138.0,True,True,True,False,mantido
539,262.0,376.0,3.0,6.2900000000000205,139.0,True,True,True,False,mantido
540,263.0,376.0,3.0,6.2900000000000205,140.0,True,True,True,False,mantido
541,264.0,376.0,3.0,6.2900000000000205,141.0,True,True,True,False,mantido
542,265.0,376.0,3.0,6.2900000000000205,142.0,True,True,True,False,mantido
543,266.0,376.0,3.0,6.2900000000000205,143.0,True,True,True,False,mantido
544,267.0,376.0,3.0,6.2900000000000205,144.0,True,True,True,False,mantido
545,268.0,376.0,3.0,6.2900000000000205,145.0,True,True,True,False,mantido
546,269.0,376.0,3.0,6.2900000000000205,146.0,True,True,True,False,mantido
547,270.0,376.0,3.0,6.2900000000000205,147.0,True,True,True,False,mantido
548,271.0,376.0,3.0,6.2900000000000205,148.0,True,True,True,False,mantido
549,272.0,376.0,3.0,6.2900000000000205,149.0,True,True,True,False,mantido
550,273.0,376.0,3.0,6.2900000000000205,150.0,True,True,True,False,mantido
551,274.0,376.0,3.0,6.2900000000000205,151.0,True,True,True,False,mantido
552,275.0,376.0,3.0,6.2900000000000205,152.0,True,True,True,False,mantido
553,276.0,376.0,3.0,6.2900000000000205,153.0,True,True,True,False,mantido
554,277.0,376.0,3.0,6.2900000000000205,154.0,True,True,True,False,mantido
555,278.0,376.0,3.0,6.2900000000000205,155.0,True,True,True,False,mantido
556,279.0,376.0,3.0,6.2900000000000205,156.0,True,True,True,False,mantido
557,280.0,376.0,3.0,6.2900000000000205,157.0,False,True,False,True,lado_errado
558,281.0,376.0,3.0,6.2900000000000205,158.0,False,True,False,True,lado_errado
559,282.0,376.0,3.0,6.2900000000000205,159.0,False,True,False,True,lado_errado
560,283.0,376.0,3.0,6.2900000000000205,160.0,False,True,False,True,lado_errado
561,284.0,376.0,3.0,6.2900000000000205,161.0,False,True,False,True,lado_errado
562,285.0,376.0,3.0,6.2900000000000205,162.0,False,True,False,True,lado_errado
563,286.0,376.0,3.0,6.2900000000000205,163.0,False,True,False,True,lado_errado
564,287.0,376.0,3.0,6.2900000000000205,164.0,False,True,False,True,lado_errado
565,288.0,376.0,3.0,6.2900000000000205,165.0,False,True,False,True,lado_errado
566,289.0,376.0,3.0,6.2900000000000205,166.0,False,True,False,True,lado_errado
567,290.0,376.0,3.0,6.2900000000000205,167.0,False,True,False,True,lado_errado
568,291.0,376.0,3.0,6.2900000000000205,168.0,False,True,False,True,lado_errado
569,292.0,376.0,3.0,6.2900000000000205,169.0,False,True,False,True,lado_errado
570,293.0,376.0,3.0,6.2900000000000205,170.0,False,True,False,True,lado_errado
571,294.0,376.0,3.0,6.2900000000000205,171.0,False,True,False,True,lado_errado
572,295.0,376.0,3.0,6.2900000000000205,172.0,False,True,False,True,lado_errado
573,296.0,376.0,3.0,6.2900000000000205,173.0,False,True,False,True,lado_errado
574,297.0,376.0,3.0,6.2900000000000205,174.0,False,True,False,True,lado_errado
575,298.0,376.0,3.0,6.2900000000000205,175.0,False,True,False,True,lado_errado
576,299.0,376.0,3.0,6.2900000000000205,176.0,False,True,False,True,lado_errado
577,300.0,376.0,3.0,6.2900000000000205,177.0,False,True,False,True,lado_errado
578,301.0,376.0,3.0,6.2900000000000205,178.0,False,True,False,True,lado_errado
579,302.0,376.0,3.0,6.2900000000000205,179.0,False,True,False,True,lado_errado
580,303.0,376.0,3.0,6.2900000000000205,180.0,False,True,False,True,lado_errado
581,304.0,376.0,3.0,6.2900000000000205,181.0,False,True,False,True,lado_errado
582,305.0,376.0,3.0,6.2900000000000205,182.0,False,True,False,True,lado_errado
583,306.0,376.0,3.0,6.2900000000000205,183.0,False,True,False,True,lado_errado
584,307.0,376.0,3.0,6.2900000000000205,184.0,False,True,False,True,lado_errado
585,308.0,376.0,3.0,6.2900000000000205,185.0,False,True,False,True,lado_errado
586,309.0,376.0,3.0,6.2900000000000205,186.0,False,True,False,True,lado_errado
587,310.0,376.0,3.0,6.2900000000000205,187.0,False,True,False,True,lado_errado
588,311.0,376.0,3.0,6.2900000000000205,188.0,False,True,False,True,lado_errado
589,312.0,376.0,3.0,6.2900000000000205,189.0,False,True,False,True,lado_errado
590,313.0,376.0,3.0,6.2900000000000205,190.0,False,True,False,True,lado_errado
591,314.0,376.0,3.0,6.2900000000000205,191.0,False,True,False,True,lado_errado
592,315.0,376.0,3.0,6.2900000000000205,192.0,False,True,False,True,lado_errado
593,316.0,376.0,3.0,6.2900000000000205,193.0,False,True,False,True,lado_errado
594,317.0,376.0,3.0,6.2900000000000205,194.0,False,True,False,True,lado_errado
595,318.0,376.0,3.0,6.2900000000000205,195.0,False,True,False,True,lado_errado
596,319.0,376.0,3.0,6.2900000000000205,196.0,False,True,False,True,lado_errado
597,320.0,376.0,3.0,6.2900000000000205,197.0,False,True,False,True,lado_errado
598,321.0,376.0,3.0,6.2900000000000205,198.0,False,True,False,True,lado_errado
599,322.0,376.0,3.0,6.2900000000000205,199.0,False,True,False,True,lado_errado
600,323.0,376.0,3.0,6.2900000000000205,200.0,False,True,False,True,lado_errado
601,324.0,376.0,3.0,6.2900000000000205,201.0,False,True,False,True,lado_errado
602,325.0,376.0,3.0,6.2900000000000205,202.0,False,True,False,True,lado_errado
603,326.0,376.0,3.0,6.2900000000000205,203.0,False,True,False,True,lado_errado
604,327.0,376.0,3.0,6.2900000000000205,204.0,False,True,False,True,lado_errado
605,328.0,376.0,3.0,6.2900000000000205,205.0,False,True,False,True,lado_errado
606,329.0,376.0,3.0,6.2900000000000205,206.0,False,True,False,True,lado_errado
607,330.0,376.0,3.0,6.2900000000000205,207.0,False,True,False,True,lado_errado
608,331.0,376.0,3.0,6.2900000000000205,208.0,False,True,False,True,lado_errado
609,332.0,376.0,3.0,6.2900000000000205,209.0,False,True,False,True,lado_errado
610,333.0,376.0,3.0,6.2900000000000205,210.0,False,True,False,True,lado_errado
611,334.0,376.0,3.0,6.2900000000000205,211.0,False,True,False,True,lado_errado
612,335.0,376.0,3.0,6.2900000000000205,212.0,False,True,False,True,lado_errado
613,336.0,376.0,3.0,6.2900000000000205,213.0,False,True,False,True,lado_errado
614,337.0,376.0,3.0,6.2900000000000205,214.0,False,True,False,True,lado_errado
615,338.0,376.0,3.0,6.2900000000000205,215.0,False,True,False,True,lado_errado
616,339.0,376.0,3.0,6.2900000000000205,216.0,False,True,False,True,lado_errado
617,340.0,376.0,3.0,6.2900000000000205,217.0,False,True,False,True,lado_errado
618,341.0,376.0,3.0,6.2900000000000205,218.0,False,True,False,True,lado_errado
619,342.0,376.0,3.0,6.2900000000000205,219.0,False,True,False,True,lado_errado
620,343.0,376.0,3.0,6.2900000000000205,220.0,False,True,False,True,lado_errado
621,344.0,376.0,3.0,6.2900000000000205,221.0,False,True,False,True,lado_errado
622,345.0,376.0,3.0,6.2900000000000205,222.0,False,True,False,True,lado_errado
623,346.0,376.0,3.0,6.2900000000000205,223.0,False,True,False,True,lado_errado
624,347.0,376.0,3.0,6.2900000000000205,224.0,False,True,False,True,lado_errado
625,348.0,376.0,3.0,6.2900000000000205,225.0,False,True,False,True,lado_errado
626,349.0,376.0,3.0,6.2900000000000205,226.0,False,True,False,True,lado_errado
627,350.0,376.0,3.0,6.2900000000000205,227.0,False,True,False,True,lado_errado
628,351.0,376.0,3.0,6.2900000000000205,228.0,False,True,False,True,lado_errado
629,352.0,376.0,3.0,6.2900000000000205,229.0,False,True,False,True,lado_errado
630,353.0,376.0,3.0,6.2900000000000205,230.0,False,True,False,True,lado_errado
631,354.0,376.0,3.0,6.2900000000000205,231.0,False,True,False,True,lado_errado
632,355.0,376.0,3.0,6.2900000000000205,232.0,False,True,False,True,lado_errado
633,356.0,376.0,3.0,6.2900000000000205,233.0,False,True,False,True,lado_errado
634,357.0,376.0,3.0,6.2900000000000205,234.0,False,True,False,True,lado_errado
635,358.0,376.0,3.0,6.2900000000000205,235.0,False,True,False,True,lado_errado
636,359.0,376.0,3.0,6.2900000000000205,236.0,False,True,False,True,lado_errado
637,360.0,376.0,3.0,6.2900000000000205,237.0,False,True,False,True,lado_errado
638,361.0,376.0,3.0,6.2900000000000205,238.0,False,True,False,True,lado_errado
639,362.0,376.0,3.0,6.2900000000000205,239.0,False,True,False,True,lado_errado
640,363.0,376.0,3.0,6.2900000000000205,240.0,False,True,False,True,lado_errado
641,364.0,376.0,3.0,6.2900000000000205,241.0,False,True,False,True,lado_errado
642,365.0,376.0,3.0,6.2900000000000205,242.0,False,True,False,True,lado_errado
643,366.0,376.0,3.0,6.2900000000000205,243.0,False,True,False,True,lado_errado
644,367.0,376.0,3.0,6.2900000000000205,244.0,False,True,False,True,lado_errado
645,368.0,376.0,3.0,6.2900000000000205,245.0,False,True,False,True,lado_errado
646,369.0,376.0,3.0,6.2900000000000205,246.0,False,True,False,True,lado_errado
647,370.0,376.0,3.0,6.2900000000000205,247.0,False,True,False,True,lado_errado
648,371.0,376.0,3.0,6.2900000000000205,248.0,False,True,False,True,lado_errado
649,372.0,376.0,3.0,6.2900000000000205,249.0,False,True,False,True,lado_errado
650,373.0,376.0,3.0,6.2900000000000205,250.0,False,True,False,True,lado_errado
651,374.0,376.0,3.0,6.2900000000000205,251.0,False,True,False,True,lado_errado
652,375.0,376.0,3.0,6.2900000000000205,252.0,False,True,False,True,lado_errado
653,376.0,376.0,3.0,6.2900000000000205,253.0,False,True,False,True,lado_errado
654,377.0,376.0,3.0,6.2900000000000205,254.0,False,True,False,True,lado_errado
655,378.0,376.0,3.0,6.2900000000000205,255.0,False,True,False,True,lado_errado
656,379.0,376.0,3.0,6.2900000000000205,256.0,False,True,False,True,lado_errado
657,380.0,376.0,3.0,6.2900000000000205,257.0,False,True,False,True,lado_errado
658,381.0,376.0,3.0,6.2900000000000205,258.0,False,True,False,True,lado_errado
659,382.0,376.0,3.0,6.2900000000000205,259.0,False,True,False,True,lado_errado
660,383.0,376.0,3.0,6.2900000000000205,260.0,False,True,False,True,lado_errado
661,384.0,376.0,3.0,6.2900000000000205,261.0,False,True,False,True,lado_errado
662,385.0,376.0,3.0,6.2900000000000205,262.0,False,True,False,True,lado_errado
663,386.0,376.0,3.0,6.2900000000000205,263.0,False,True,False,True,lado_errado
664,387.0,376.0,3.0,6.2900000000000205,264.0,False,True,False,True,lado_errado
665,388.0,376.0,3.0,6.2900000000000205,265.0,False,True,False,True,lado_errado
666,389.0,376.0,3.0,6.2900000000000205,266.0,False,True,False,True,lado_errado
667,390.0,376.0,3.0,6.2900000000000205,267.0,False,True,False,True,lado_errado
668,391.0,376.0,3.0,6.2900000000000205,268.0,False,True,False,True,lado_errado
669,392.0,376.0,3.0,6.2900000000000205,269.0,False,True,False,True,lado_errado
670,393.0,376.0,3.0,6.2900000000000205,270.0,False,True,False,True,lado_errado
671,394.0,376.0,3.0,6.2900000000000205,271.0,False,True,False,True,lado_errado
672,395.0,376.0,3.0,6.2900000000000205,272.0,False,True,False,True,lado_errado
673,396.0,376.0,3.0,6.2900000000000205,273.0,False,True,False,True,lado_errado
674,397.0,376.0,3.0,6.2900000000000205,274.0,False,True,False,True,lado_errado
675,398.0,376.0,3.0,6.2900000000000205,275.0,False,True,False,True,lado_errado
676,399.0,376.0,3.0,6.2900000000000205,276.0,False,True,False,True,lado_errado
677,400.0,376.0,3.0,6.2900000000000205,277.0,False,True,False,True,lado_errado
678,401.0,376.0,3.0,6.2900000000000205,278.0,False,True,False,True,lado_errado
679,402.0,376.0,3.0,6.2900000000000205,279.0,False,True,False,True,lado_errado
680,403.0,376.0,3.0,6.2900000000000205,280.0,False,True,False,True,lado_errado
681,404.0,376.0,3.0,6.2900000000000205,281.0,False,True,False,True,lado_errado
682,405.0,376.0,3.0,6.2900000000000205,282.0,False,True,False,True,lado_errado
683,406.0,376.0,3.0,6.2900000000000205,283.0,False,True,False,True,lado_errado
684,407.0,376.0,3.0,6.2900000000000205,284.0,False,True,False,True,lado_errado
685,408.0,376.0,3.0,6.2900000000000205,285.0,False,True,False,True,lado_errado
686,409.0,376.0,3.0,6.2900000000000205,286.0,False,True,False,True,lado_errado
687,410.0,376.0,3.0,6.2900000000000205,287.0,False,True,False,True,lado_errado
688,411.0,376.0,3.0,6.2900000000000205,288.0,False,True,False,True,lado_errado
689,412.0,376.0,3.0,6.2900000000000205,289.0,False,True,False,True,lado_errado
690,413.0,376.0,3.0,6.2900000000000205,290.0,False,True,False,True,lado_errado
691,414.0,376.0,3.0,6.2900000000000205,291.0,False,True,False,True,lado_errado
692,415.0,376.0,3.0,6.2900000000000205,292.0,False,True,False,True,lado_errado
693,416.0,376.0,3.0,6.2900000000000205,293.0,False,True,False,True,lado_errado
694,417.0,376.0,3.0,6.2900000000000205,294.0,False,True,False,True,lado_errado
695,418.0,376.0,3.0,6.2900000000000205,295.0,False,True,False,True,lado_errado
696,419.0,376.0,3.0,6.2900000000000205,296.0,False,True,False,True,lado_errado
697,420.0,376.0,3.0,6.2900000000000205,297.0,False,True,False,True,lado_errado
698,421.0,376.0,3.0,6.2900000000000205,298.0,False,True,False,True,lado_errado
699,422.0,376.0,3.0,6.2900000000000205,299.0,False,True,False,True,lado_errado
700,423.0,376.0,3.0,6.2900000000000205,300.0,False,True,False,True,lado_errado
701,424.0,376.0,3.0,6.2900000000000205,301.0,False,True,False,True,lado_errado
702,425.0,376.0,3.0,6.2900000000000205,302.0,False,True,False,True,lado_errado
703,426.0,376.0,3.0,6.2900000000000205,303.0,False,True,False,True,lado_errado
704,427.0,376.0,3.0,6.2900000000000205,304.0,False,True,False,True,lado_errado
705,428.0,376.0,3.0,6.2900000000000205,305.0,False,True,False,True,lado_errado
706,429.0,376.0,3.0,6.2900000000000205,306.0,False,True,False,True,lado_errado
707,430.0,376.0,3.0,6.2900000000000205,307.0,False,True,False,True,lado_errado
708,431.0,376.0,3.0,6.2900000000000205,308.0,False,True,False,True,lado_errado
709,432.0,376.0,3.0,6.2900000000000205,309.0,False,True,False,True,lado_errado
710,433.0,376.0,3.0,6.2900000000000205,310.0,False,True,False,True,lado_errado
711,434.0,376.0,3.0,6.2900000000000205,311.0,False,True,False,True,lado_errado
712,435.0,376.0,3.0,6.2900000000000205,312.0,False,True,False,True,lado_errado
713,436.0,376.0,3.0,6.2900000000000205,313.0,False,True,False,True,lado_errado
714,437.0,376.0,3.0,6.2900000000000205,314.0,False,True,False,True,lado_errado
715,438.0,376.0,3.0,6.2900000000000205,315.0,False,True,False,True,lado_errado
716,439.0,376.0,3.0,6.2900000000000205,316.0,False,True,False,True,lado_errado
717,439.0,375.0,4.0,7.2900000000000205,316.00158227451965,False,True,False,True,lado_errado
718,440.0,374.0,5.0,8.29000000000002,317.00630908548175,False,True,False,True,lado_errado
719,440.0,373.0,6.0,9.29000000000002,317.0141952657641,False,True,False,True,lado_errado
720,441.0,372.0,7.0,10.29000000000002,318.0251562376788,False,True,False,True,lado_errado
721,442.0,371.0,8.0,11.29000000000002,319.03918254659567,False,True,False,True,lado_errado
722,443.0,370.0,9.0,12.29000000000002,320.0562450570212,False,True,False,True,lado_errado
723,443.0,369.0,10.0,13.29000000000002,320.0765533431026,False,True,False,True,lado_errado
724,444.0,368.0,11.0,14.29000000000002,321.0996729988992,False,True,False,True,lado_errado
725,445.0,367.0,12.0,15.29000000000002,322.1257518423512,False,True,False,True,lado_errado
726,446.0,366.0,13.0,16.29000000000002,323.154761685481,False,True,False,True,lado_errado
727,446.0,365.0,14.0,17.29000000000002,323.18725222384626,False,True,False,True,lado_errado
728,447.0,364.0,15.0,18.29000000000002,324.2221460665511,False,True,False,True,lado_errado
729,448.0,363.0,16.0,19.29000000000002,325.25989608311687,False,True,False,True,lado_errado
730,448.0,362.0,17.0,20.29000000000002,325.3013987058771,False,True,False,True,lado_errado
731,449.0,361.0,18.0,21.29000000000002,326.3449095665505,False,True,False,True,lado_errado
732,450.0,360.0,19.0,22.29000000000002,327.3912033027155,False,True,False,True,lado_errado
733,450.0,359.0,20.0,23.29000000000002,327.44159784608917,False,True,False,True,lado_errado
734,451.0,358.0,21.0,24.29000000000002,328.4935311387425,False,True,False,True,lado_errado
735,451.0,357.0,22.0,25.29000000000002,328.54984401152893,False,True,False,True,lado_errado
736,452.0,356.0,23.0,26.29000000000002,329.607342151233,False,True,False,True,lado_errado
737,453.0,355.0,24.0,27.29000000000002,330.667506719363,False,True,False,True,lado_errado
738,453.0,354.0,25.0,28.29000000000002,330.73252032420396,False,True,False,True,lado_errado
739,454.0,353.0,26.0,29.29000000000002,331.79813139919884,False,True,False,True,lado_errado
740,454.0,352.0,27.0,30.29000000000002,331.86895003901765,False,True,False,True,lado_errado
741,455.0,351.0,28.0,31.29000000000002,332.93993452273037,False,True,False,True,lado_errado
742,456.0,350.0,29.0,32.29000000000002,334.0134727821619,False,True,False,True,lado_errado
743,456.0,349.0,30.0,33.29000000000002,334.0928014788705,False,True,False,True,lado_errado
744,457.0,348.0,31.0,34.29000000000002,335.1715978420606,False,True,False,True,lado_errado
745,457.0,347.0,32.0,35.29000000000002,335.25661813005274,False,True,False,True,lado_errado
746,458.0,346.0,33.0,36.29000000000002,336.34060117684277,False,True,False,True,lado_errado
747,458.0,345.0,34.0,37.29000000000002,336.4312708414603,False,True,False,True,lado_errado
748,459.0,344.0,35.0,38.29000000000002,337.5203697556638,False,True,False,True,lado_errado
749,459.0,343.0,36.0,39.29000000000002,337.6166465090251,False,True,False,True,lado_errado
750,460.0,342.0,37.0,40.29000000000002,338.71079108879894,False,True,False,True,lado_errado
751,460.0,341.0,38.0,41.29000000000002,338.81263258621277,False,True,False,True,lado_errado
752,461.0,340.0,39.0,42.29000000000002,339.91175325369375,False,True,False,True,lado_errado
753,461.0,339.0,40.0,43.29000000000002,340.01911710961195,False,True,False,True,lado_errado
754,462.0,338.0,41.0,44.29000000000002,341.1231449198368,False,True,False,True,lado_errado
755,462.0,337.0,42.0,45.29000000000002,341.2359887233467,False,True,False,True,lado_errado
756,463.0,336.0,43.0,46.29000000000002,342.3448553724738,False,True,False,True,lado_errado
757,463.0,335.0,44.0,47.29000000000002,342.4631367023318,False,True,False,True,lado_errado
758,464.0,334.0,45.0,48.29000000000002,343.57677453518306,False,True,False,True,lado_errado
759,464.0,333.0,46.0,49.29000000000002,343.70045097439134,False,True,False,True,lado_errado
760,465.0,332.0,47.0,50.29000000000002,344.81879299133334,False,True,False,True,lado_errado
761,465.0,331.0,48.0,51.29000000000002,344.9478221412624,False,True,False,True,lado_errado
762,466.0,330.0,49.0,52.29000000000002,346.07080200444534,False,True,False,True,lado_errado
763,466.0,329.0,50.0,53.29000000000002,346.2051414985052,False,True,False,True,lado_errado
764,467.0,328.0,51.0,54.29000000000002,347.3326935374786,False,True,False,True,lado_errado
765,467.0,327.0,52.0,55.29000000000002,347.47230105434306,False,True,False,True,lado_errado
766,468.0,326.0,53.0,56.29000000000002,348.60436027106715,False,True,False,True,lado_errado
767,468.0,325.0,54.0,57.29000000000002,348.7491935474547,False,True,False,True,lado_errado
768,468.0,324.0,55.0,58.29000000000002,348.89683288903615,False,True,False,True,lado_errado
769,469.0,323.0,56.0,59.29000000000002,350.03571246374275,False,True,False,True,lado_errado
770,469.0,322.0,57.0,60.29000000000002,350.18852065708836,False,True,False,True,lado_errado
771,469.0,321.0,58.0,61.29000000000002,350.34411654828745,False,True,False,True,lado_errado
772,470.0,320.0,59.0,62.29000000000002,351.4896869041822,False,True,False,True,lado_errado
773,470.0,319.0,60.0,63.29000000000002,351.6503945682416,False,True,False,True,lado_errado
774,471.0,318.0,61.0,64.29000000000002,352.80022675729674,False,True,False,True,lado_errado
775,471.0,317.0,62.0,65.29000000000002,352.9660040287166,False,True,False,True,lado_errado
776,471.0,316.0,63.0,66.29000000000002,353.1345352694919,False,True,False,True,lado_errado
777,472.0,315.0,64.0,67.29000000000002,354.290840976732,False,True,False,True,lado_errado
778,472.0,314.0,65.0,68.29000000000002,354.4643846707311,False,True,False,True,lado_errado
779,472.0,313.0,66.0,69.29000000000002,354.6406632071399,False,True,False,True,lado_errado
780,473.0,312.0,67.0,70.29000000000002,355.8033164544704,False,True,False,True,lado_errado
781,473.0,311.0,68.0,71.29000000000002,355.9845502265513,False,True,False,True,lado_errado
782,473.0,310.0,69.0,72.29000000000002,356.16849944934773,False,True,False,True,lado_errado
783,473.0,309.0,70.0,73.29000000000002,356.35515991774275,False,True,False,True,lado_errado
784,474.0,308.0,71.0,74.29000000000002,357.5262228144951,False,True,False,True,lado_errado
785,474.0,307.0,72.0,75.29000000000002,357.71776584340904,False,True,False,True,lado_errado
786,474.0,306.0,73.0,76.29000000000002,357.91200035762984,False,True,False,True,lado_errado
787,475.0,305.0,74.0,77.29000000000002,359.0891254271006,False,True,False,True,lado_errado
788,475.0,304.0,75.0,78.29000000000002,359.2881851661699,False,True,False,True,lado_errado
789,475.0,303.0,76.0,79.29000000000002,359.489916409348,False,True,False,True,lado_errado
790,475.0,302.0,77.0,80.29000000000002,359.69431466176945,False,True,False,True,lado_errado
791,476.0,301.0,78.0,81.29000000000002,360.8794812676387,False,True,False,True,lado_errado
792,476.0,300.0,79.0,82.29000000000002,361.08863177895813,False,True,False,True,lado_errado
793,476.0,299.0,80.0,83.29000000000002,361.3004290061112,False,True,False,True,lado_errado
794,476.0,298.0,81.0,84.29000000000002,361.51486829728043,False,True,False,True,lado_errado
795,477.0,297.0,82.0,85.29000000000002,362.70787143374764,False,True,False,True,lado_errado
796,477.0,296.0,83.0,86.29000000000002,362.92698990292797,False,True,False,True,lado_errado
797,477.0,295.0,84.0,87.29000000000002,363.1487298614715,False,True,False,True,lado_errado
798,477.0,294.0,85.0,88.29000000000002,363.3730865102698,False,True,False,True,lado_errado
799,478.0,293.0,86.0,89.29000000000002,364.5737236828787,False,True,False,True,lado_errado
800,478.0,292.0,87.0,90.29000000000002,364.8026863936174,False,True,False,True,lado_errado
801,478.0,291.0,88.0,91.29000000000002,365.0342449688796,False,True,False,True,lado_errado
802,478.0,290.0,89.0,92.29000000000002,365.2683944717911,False,True,False,True,lado_errado
803,478.0,289.0,90.0,93.29000000000002,365.5051299229602,False,True,False,True,lado_errado
804,479.0,288.0,91.0,94.29000000000002,366.7151483099655,False,True,False,True,lado_errado
805,479.0,287.0,92.0,95.29000000000002,366.9564006799718,False,True,False,True,lado_errado
806,479.0,286.0,93.0,96.29000000000002,367.2002178648591,False,True,False,True,lado_errado
807,479.0,285.0,94.0,97.29000000000002,367.44659475902074,False,True,False,True,lado_errado
808,479.0,284.0,95.0,98.29000000000002,367.6955262170047,False,True,False,True,lado_errado
809,480.0,283.0,96.0,99.29000000000002,368.9146242696269,False,True,False,True,lado_errado
810,480.0,282.0,97.0,100.29000000000002,369.16798344385177,False,True,False,True,lado_errado
811,480.0,281.0,98.0,101.29000000000002,369.42387578498494,False,True,False,True,lado_errado
812,480.0,280.0,99.0,102.29000000000002,369.68229603268804,False,True,False,True,lado_errado
813,480.0,279.0,100.0,103.29000000000002,369.94323888942745,False,True,False,True,lado_errado
814,480.0,278.0,101.0,104.29000000000002,370.20669902096586,False,True,False,True,lado_errado
815,480.0,277.0,102.0,105.29000000000002,370.4726710568541,False,True,False,True,lado_errado
816,481.0,276.0,103.0,106.29000000000002,371.7041834577599,False,True,False,True,lado_errado
817,481.0,275.0,104.0,107.29000000000002,371.9744614889576,False,True,False,True,lado_errado
818,481.0,274.0,105.0,108.29000000000002,372.24722967404335,False,True,False,True,lado_errado
819,481.0,273.0,106.0,109.29000000000002,372.52248254300036,False,True,False,True,lado_errado
820,481.0,272.0,107.0,110.29000000000002,372.8002145922129,False,True,False,True,lado_errado
821,481.0,271.0,108.0,111.29000000000002,373.0804202849568,False,True,False,True,lado_errado
822,481.0,270.0,109.0,112.29000000000002,373.3630940518894,False,True,False,True,lado_errado
823,481.0,269.0,110.0,113.29000000000002,373.6482302915404,False,True,False,True,lado_errado
824,482.0,268.0,111.0,114.29000000000002,374.8933181586463,False,True,False,True,lado_errado
825,482.0,267.0,112.0,115.29000000000002,375.1826221988433,False,True,False,True,lado_errado
826,482.0,266.0,113.0,116.29000000000002,375.47436663506073,False,True,False,True,lado_errado
827,482.0,265.0,114.0,117.29000000000002,375.7685457831722,False,True,False,True,lado_errado
828,482.0,264.0,115.0,118.29000000000002,376.06515392947534,False,True,False,True,lado_errado
829,482.0,263.0,116.0,119.29000000000002,376.36418533117626,False,True,False,True,lado_errado
830,482.0,262.0,117.0,120.29000000000002,376.6656342168741,False,True,False,True,lado_errado
831,482.0,261.0,118.0,121.29000000000002,376.96949478704505,False,True,False,True,lado_errado
832,482.0,260.0,119.0,122.29000000000002,377.27576121452597,False,True,False,True,lado_errado
833,482.0,259.0,120.0,123.29000000000002,377.58442764499705,False,True,False,True,lado_errado
834,482.0,258.0,121.0,124.29000000000002,377.89548819746443,False,True,False,True,lado_errado
835,482.0,257.0,122.0,125.29000000000002,378.2089369647417,False,True,False,True,lado_errado
836,482.0,256.0,123.0,126.29000000000002,378.5247680139306,False,True,False,True,lado_errado
837,482.0,255.0,124.0,127.29000000000002,378.8429753869009,False,True,False,True,lado_errado
838,482.0,254.0,125.0,128.29000000000002,379.16355310076943,False,True,False,True,lado_errado
839,482.0,253.0,126.0,129.29000000000002,379.4864951483781,False,True,False,True,lado_errado
840,482.0,252.0,127.0,130.29000000000002,379.81179549877066,False,True,False,True,lado_errado
841,482.0,251.0,128.0,131.29000000000002,380.1394480976685,False,True,False,True,lado_errado
842,482.0,250.0,129.0,132.29000000000002,380.46944686794495,False,True,False,True,lado_errado
843,482.0,249.0,130.0,133.29000000000002,380.8017857100988,False,True,False,True,lado_errado
844,482.0,248.0,131.0,134.29000000000002,381.13645850272576,False,True,False,True,lado_errado
845,482.0,247.0,132.0,135.29000000000002,381.47345910298924,False,True,False,True,lado_errado
846,482.0,246.0,133.0,136.29000000000002,381.812781347089,False,True,False,True,lado_errado
847,482.0,245.0,134.0,137.29000000000002,382.15441905072873,False,True,False,True,lado_errado
848,482.0,244.0,135.0,138.29000000000002,382.4983660095818,False,True,False,True,lado_errado
849,482.0,243.0,136.0,139.29000000000002,382.8446159997552,False,True,False,True,lado_errado
850,482.0,242.0,137.0,140.29000000000002,383.1931627782521,False,True,False,True,lado_errado
851,482.0,241.0,138.0,141.29000000000002,383.5440000834324,False,True,False,True,lado_errado
852,482.0,240.0,139.0,142.29000000000002,383.8971216354715,False,True,False,True,lado_errado
853,482.0,239.0,140.0,143.29000000000002,384.252521136817,False,True,False,True,lado_errado
854,482.0,238.0,141.0,144.29000000000002,384.61019227264376,False,True,False,True,lado_errado
855,482.0,237.0,142.0,145.29000000000002,384.97012871130664,False,True,False,True,lado_errado
856,482.0,236.0,143.0,146.29000000000002,385.3323241047914,False,True,False,True,lado_errado
857,482.0,235.0,144.0,147.29000000000002,385.69677208916335,False,True,False,True,lado_errado
858,482.0,234.0,145.0,148.29000000000002,386.0634662850138,False,True,False,True,lado_errado
859,482.0,233.0,146.0,149.29000000000002,386.4324002979046,False,True,False,True,lado_errado
860,482.0,232.0,147.0,150.29000000000002,386.80356771881,False,True,False,True,lado_errado
861,481.0,231.0,148.0,151.29000000000002,386.24991909384266,False,True,False,True,lado_errado
862,481.0,230.0,149.0,152.29000000000002,386.62643468857635,False,True,False,True,lado_errado
863,481.0,229.0,150.0,153.29000000000002,387.0051679241506,False,True,False,True,lado_errado
864,481.0,228.0,151.0,154.29000000000002,387.3861122962464,False,True,False,True,lado_errado
865,481.0,227.0,152.0,155.29000000000002,387.76926128820475,False,True,False,True,lado_errado
866,481.0,226.0,153.0,156.29000000000002,388.1546083714581,False,True,False,True,lado_errado
867,481.0,225.0,154.0,157.29000000000002,388.54214700595867,False,True,False,True,lado_errado
868,481.0,224.0,155.0,158.29000000000002,388.9318706406046,False,True,False,True,lado_errado
869,480.0,223.0,156.0,159.29000000000002,388.4044283990593,False,True,False,True,lado_errado
870,480.0,222.0,157.0,160.29000000000002,388.7994341559668,False,True,False,True,lado_errado
871,480.0,221.0,158.0,161.29000000000002,389.1966084127661,False,True,False,True,lado_errado
872,480.0,220.0,159.0,162.29000000000002,389.5959445374143,False,True,False,True,lado_errado
873,480.0,219.0,160.0,163.29000000000002,389.99743588900685,False,True,False,True,lado_errado
874,480.0,218.0,161.0,164.29000000000002,390.40107581818984,False,True,False,True,lado_errado
875,480.0,217.0,162.0,165.29000000000002,390.8068576675696,False,True,False,True,lado_errado
876,480.0,216.0,163.0,166.29000000000002,391.21477477211926,False,True,False,True,lado_errado
877,479.0,215.0,164.0,167.29000000000002,390.713449986048,False,True,False,True,lado_errado
878,479.0,214.0,165.0,168.29000000000002,391.1265779770022,False,True,False,True,lado_errado
879,479.0,213.0,166.0,169.29000000000002,391.54182407502776,False,True,False,True,lado_errado
880,479.0,212.0,167.0,170.29000000000002,391.95918154828314,False,True,False,True,lado_errado
881,479.0,211.0,168.0,171.29000000000002,392.3786436594122,False,True,False,True,lado_errado
882,478.0,210.0,169.0,172.29000000000002,391.89411835341446,False,True,False,True,lado_errado
883,478.0,209.0,170.0,173.29000000000002,392.3187479588504,False,True,False,True,lado_errado
884,478.0,208.0,171.0,174.29000000000002,392.7454646459969,False,True,False,True,lado_errado
885,478.0,207.0,172.0,175.29000000000002,393.17426161945036,False,True,False,True,lado_errado
886,477.0,206.0,173.0,176.29000000000002,392.7034504559388,False,True,False,True,lado_errado
887,477.0,205.0,174.0,177.29000000000002,393.1373805681673,False,True,False,True,lado_errado
888,477.0,204.0,175.0,178.29000000000002,393.57337308308854,False,True,False,True,lado_errado
889,477.0,203.0,176.0,179.29000000000002,394.01142115426046,False,True,False,True,lado_errado
890,477.0,202.0,177.0,180.29000000000002,394.45151793344644,False,False,False,True,acima_janela_permitida;lado_errado
891,476.0,201.0,178.0,181.29000000000002,393.99746192075906,False,False,False,True,acima_janela_permitida;lado_errado
892,476.0,200.0,179.0,182.29000000000002,394.44264475332784,False,False,False,True,acima_janela_permitida;lado_errado
893,476.0,199.0,180.0,183.29000000000002,394.8898580617132,False,False,False,True,acima_janela_permitida;lado_errado
894,476.0,198.0,181.0,184.29000000000002,395.33909495520425,False,False,False,True,acima_janela_permitida;lado_errado
895,475.0,197.0,182.0,185.29000000000002,394.89872119316874,False,False,False,True,acima_janela_permitida;lado_errado
896,475.0,196.0,183.0,186.29000000000002,395.3530068179576,False,False,False,True,acima_janela_permitida;lado_errado
897,475.0,195.0,184.0,187.29000000000002,395.8092975158618,False,False,False,True,acima_janela_permitida;lado_errado
898,475.0,194.0,185.0,188.29000000000002,396.2675863605299,False,False,False,True,acima_janela_permitida;lado_errado
899,474.0,193.0,186.0,189.29000000000002,395.8408771210977,False,False,False,True,acima_janela_permitida;lado_errado
900,474.0,192.0,187.0,190.29000000000002,396.30417610719167,False,False,False,True,acima_janela_permitida;lado_errado
901,474.0,191.0,188.0,191.29000000000002,396.76945446946894,False,False,False,True,acima_janela_permitida;lado_errado
902,473.0,190.0,189.0,192.29000000000002,396.35337768208814,False,False,False,True,acima_janela_permitida;lado_errado
903,473.0,189.0,190.0,193.29000000000002,396.8236384088025,False,False,False,True,acima_janela_permitida;lado_errado
904,473.0,188.0,191.0,194.29000000000002,397.29585953040083,False,False,False,True,acima_janela_permitida;lado_errado
905,473.0,187.0,192.0,195.29000000000002,397.7700340649104,False,False,False,True,acima_janela_permitida;lado_errado
906,472.0,186.0,193.0,196.29000000000002,397.3675880088863,False,False,False,True,acima_janela_permitida;lado_errado
907,472.0,185.0,194.0,197.29000000000002,397.84670414620757,False,False,False,True,acima_janela_permitida;lado_errado
908,472.0,184.0,195.0,198.29000000000002,398.32775449370837,False,False,False,True,acima_janela_permitida;lado_errado
909,471.0,183.0,196.0,199.29000000000002,397.93592449036316,False,False,False,True,acima_janela_permitida;lado_errado
910,471.0,182.0,197.0,200.29000000000002,398.42188694899784,False,False,False,True,acima_janela_permitida;lado_errado
911,470.0,181.0,198.0,201.29000000000002,398.03768665793444,False,False,False,True,acima_janela_permitida;lado_errado
912,470.0,180.0,199.0,202.29000000000002,398.5285435197835,False,False,False,True,acima_janela_permitida;lado_errado
913,470.0,179.0,200.0,203.29000000000002,399.021302689468,False,False,False,True,acima_janela_permitida;lado_errado
914,469.0,178.0,201.0,204.29000000000002,398.6477141537375,False,False,False,True,acima_janela_permitida;lado_errado
915,469.0,177.0,202.0,205.29000000000002,399.1453369388148,False,False,False,True,acima_janela_permitida;lado_errado
916,469.0,176.0,203.0,206.29000000000002,399.6448423287857,False,False,False,True,acima_janela_permitida;lado_errado
917,468.0,175.0,204.0,207.29000000000002,399.2818553353007,False,False,False,True,acima_janela_permitida;lado_errado
918,468.0,174.0,205.0,208.29000000000002,399.7861928581326,False,False,False,True,acima_janela_permitida;lado_errado
919,467.0,173.0,206.0,209.29000000000002,399.43084507834396,False,False,False,True,acima_janela_permitida;lado_errado
920,467.0,172.0,207.0,210.29000000000002,399.9399954993249,False,False,False,True,acima_janela_permitida;lado_errado
921,467.0,171.0,208.0,211.29000000000002,400.4509957535379,False,False,False,True,acima_janela_permitida;lado_errado
922,466.0,170.0,209.0,212.29000000000002,400.10623589241897,False,False,False,True,acima_janela_permitida;lado_errado
923,466.0,169.0,210.0,213.29000000000002,400.622016369545,False,False,False,True,acima_janela_permitida;lado_errado
924,465.0,168.0,211.0,214.29000000000002,400.2848985410267,False,False,False,True,acima_janela_permitida;lado_errado
925,465.0,167.0,212.0,215.29000000000002,400.8054390848507,False,False,False,True,acima_janela_permitida;lado_errado
926,464.0,166.0,213.0,216.29000000000002,400.47596681948346,False,False,False,True,acima_janela_permitida;lado_errado
927,464.0,165.0,214.0,217.29000000000002,401.00124688085447,False,False,False,True,acima_janela_permitida;lado_errado
928,463.0,164.0,215.0,218.29000000000002,400.6794229805169,False,False,False,True,acima_janela_permitida;lado_errado
929,463.0,163.0,216.0,219.29000000000002,401.2094216241687,False,False,False,True,acima_janela_permitida;lado_errado
930,462.0,162.0,217.0,220.29000000000002,400.8952481634074,False,False,False,True,acima_janela_permitida;lado_errado
931,462.0,161.0,218.0,221.29000000000002,401.42994407492824,False,False,False,True,acima_janela_permitida;lado_errado
932,461.0,160.0,219.0,222.29000000000002,401.1234224026316,False,False,False,True,acima_janela_permitida;lado_errado
933,461.0,159.0,220.0,223.29000000000002,401.66279389557604,False,False,False,True,acima_janela_permitida;lado_errado
934,460.0,158.0,221.0,224.29000000000002,401.3639246369808,False,False,False,True,acima_janela_permitida;lado_errado
935,460.0,157.0,222.0,225.29000000000002,401.90794966011805,False,False,False,True,acima_janela_permitida;lado_errado
936,459.0,156.0,223.0,226.29000000000002,401.61673271914356,False,False,False,True,acima_janela_permitida;lado_errado
937,459.0,155.0,224.0,227.29000000000002,402.16538886383546,False,False,False,True,acima_janela_permitida;lado_errado
938,458.0,154.0,225.0,228.29000000000002,401.8818234257429,False,False,False,True,acima_janela_permitida;lado_errado
939,458.0,153.0,226.0,229.29000000000002,402.43508793344546,False,False,False,True,acima_janela_permitida;lado_errado
940,457.0,152.0,227.0,230.29000000000002,402.15917246781777,False,False,False,True,acima_janela_permitida;lado_errado
941,457.0,151.0,228.0,231.29000000000002,402.7170222376998,False,False,False,True,acima_janela_permitida;lado_errado
942,456.0,150.0,229.0,232.29000000000002,402.44875450173777,False,False,False,True,acima_janela_permitida;lado_errado
943,455.0,149.0,230.0,233.29000000000002,402.18528068540746,False,False,False,True,acima_janela_permitida;lado_errado
944,455.0,148.0,231.0,234.29000000000002,402.75054314054006,False,False,False,True,acima_janela_permitida;lado_errado
945,454.0,147.0,232.0,235.29000000000002,402.4947204622689,False,False,False,True,acima_janela_permitida;lado_errado
946,454.0,146.0,233.0,236.29000000000002,403.06451096567656,False,False,False,True,acima_janela_permitida;lado_errado
947,453.0,145.0,234.0,237.29000000000002,402.8163353192122,False,False,False,True,acima_janela_permitida;lado_errado
948,452.0,144.0,235.0,238.29000000000002,402.57297475116235,False,False,False,True,acima_janela_permitida;lado_errado
949,452.0,143.0,236.0,239.29000000000002,403.15009611805874,False,False,False,True,acima_janela_permitida;lado_errado
950,451.0,142.0,237.0,240.29000000000002,402.91438296491725,False,False,False,True,acima_janela_permitida;lado_errado
951,451.0,141.0,238.0,241.29000000000002,403.49597271843993,False,False,False,True,acima_janela_permitida;lado_errado
952,450.0,140.0,239.0,242.29000000000002,403.2679010285842,False,False,False,True,acima_janela_permitida;lado_errado
953,449.0,139.0,240.0,243.29000000000002,403.0446625375406,False,False,False,True,acima_janela_permitida;lado_errado
954,449.0,138.0,241.0,244.29000000000002,403.63349712331853,False,False,False,True,acima_janela_permitida;lado_errado
955,448.0,137.0,242.0,245.29000000000002,403.41789747109635,False,False,False,True,acima_janela_permitida;lado_errado
956,448.0,136.0,243.0,246.29000000000002,404.01113846031524,False,False,False,True,acima_janela_permitida;lado_errado
957,447.0,135.0,244.0,247.29000000000002,403.8031698736403,False,False,False,True,acima_janela_permitida;lado_errado
958,446.0,134.0,245.0,248.29000000000002,403.6000495540108,False,False,False,True,acima_janela_permitida;lado_errado
959,445.0,133.0,246.0,249.29000000000002,403.40178482500545,False,False,False,True,acima_janela_permitida;lado_errado
960,445.0,132.0,247.0,250.29000000000002,404.00495046471895,False,False,False,True,acima_janela_permitida;lado_errado
961,444.0,131.0,248.0,251.29000000000002,403.8143137631454,False,False,False,True,acima_janela_permitida;lado_errado
962,443.0,130.0,249.0,252.29000000000002,403.6285421027606,False,False,False,True,acima_janela_permitida;lado_errado
963,442.0,129.0,250.0,253.29000000000002,403.44764220404113,False,False,False,True,acima_janela_permitida;lado_errado
964,442.0,128.0,251.0,254.29000000000002,404.0606390135025,False,False,False,True,acima_janela_permitida;lado_errado
965,441.0,127.0,252.0,255.29000000000002,403.8873605350878,False,False,False,True,acima_janela_permitida;lado_errado
966,440.0,126.0,253.0,256.29,403.7189616552584,False,False,False,True,acima_janela_permitida;lado_errado
967,439.0,125.0,254.0,257.29,403.5554484826094,False,False,False,True,acima_janela_permitida;lado_errado
968,439.0,124.0,255.0,258.29,404.1781785302121,False,False,False,True,acima_janela_permitida;lado_errado
969,438.0,123.0,256.0,259.29,404.02227661355505,False,False,False,True,acima_janela_permitida;lado_errado
970,437.0,122.0,257.0,260.29,403.871266618461,False,False,False,True,acima_janela_permitida;lado_errado
971,436.0,121.0,258.0,261.29,403.72515403427616,False,False,False,True,acima_janela_permitida;lado_errado
972,436.0,120.0,259.0,262.29,404.357515077932,False,False,False,True,acima_janela_permitida;lado_errado
973,435.0,119.0,260.0,263.29,404.2190000482412,False,False,False,True,acima_janela_permitida;lado_errado
974,434.0,118.0,261.0,264.29,404.0853870161602,False,False,False,True,acima_janela_permitida;lado_errado
975,433.0,117.0,262.0,265.29,403.95668084585503,False,False,False,True,acima_janela_permitida;lado_errado
976,432.0,116.0,263.0,266.29,403.832886228945,False,False,False,True,acima_janela_permitida;lado_errado
977,431.0,115.0,264.0,267.29,403.71400768365714,False,False,False,True,acima_janela_permitida;lado_errado
978,430.0,114.0,265.0,268.29,403.6000495540108,False,False,False,True,acima_janela_permitida;lado_errado
979,429.0,113.0,266.0,269.29,403.4910160090309,False,False,False,True,acima_janela_permitida;lado_errado
980,428.0,112.0,267.0,270.29,403.38691104199205,False,False,False,True,acima_janela_permitida;lado_errado
981,427.0,111.0,268.0,271.29,403.28773846969364,False,False,False,True,acima_janela_permitida;lado_errado
982,426.0,110.0,269.0,272.29,403.1935019317648,False,False,False,True,acima_janela_permitida;lado_errado
983,425.0,109.0,270.0,273.29,403.10420489000114,False,False,False,True,acima_janela_permitida;lado_errado
984,425.0,108.0,271.0,274.29,403.7672596930068,False,False,False,True,acima_janela_permitida;lado_errado
985,424.0,107.0,272.0,275.29,403.685521167158,False,False,False,True,acima_janela_permitida;lado_errado
986,423.0,106.0,273.0,276.29,403.6087214122113,False,False,False,True,acima_janela_permitida;lado_errado
987,422.0,105.0,274.0,277.29,403.53686324795655,False,False,False,True,acima_janela_permitida;lado_errado
988,421.0,104.0,275.0,278.29,403.46994931469186,False,False,False,True,acima_janela_permitida;lado_errado
989,420.0,103.0,276.0,279.29,403.40798207273986,False,False,False,True,acima_janela_permitida;lado_errado
990,419.0,103.0,276.0,279.29,402.67232335982567,False,False,False,True,acima_janela_permitida;lado_errado
991,418.0,102.0,277.0,280.29,402.61768465878396,False,False,False,True,acima_janela_permitida;lado_errado
992,417.0,101.0,278.0,281.29,402.56800667713276,False,False,False,True,acima_janela_permitida;lado_errado
993,416.0,100.0,279.0,282.29,402.5232912515747,False,False,False,True,acima_janela_permitida;lado_errado
994,415.0,99.0,280.0,283.29,402.48354003611126,False,False,False,True,acima_janela_permitida;lado_errado
995,414.0,98.0,281.0,284.29,402.44875450173777,False,False,False,True,acima_janela_permitida;lado_errado
996,413.0,97.0,282.0,285.29,402.4189359361709,False,False,False,True,acima_janela_permitida;lado_errado
997,412.0,96.0,283.0,286.29,402.3940854436109,False,False,False,True,acima_janela_permitida;lado_errado
998,411.0,95.0,284.0,287.29,402.37420394453716,False,False,False,True,acima_janela_permitida;lado_errado
999,410.0,94.0,285.0,288.29,402.35929217553803,False,False,False,True,acima_janela_permitida;lado_errado
1000,409.0,94.0,285.0,288.29,401.6466108409232,False,False,False,True,acima_janela_permitida;lado_errado
1001,408.0,93.0,286.0,289.29,401.6391415188515,False,False,False,True,acima_janela_permitida;lado_errado
1002,407.0,92.0,287.0,290.29,401.636651713959,False,False,False,True,acima_janela_permitida;lado_errado
1003,406.0,91.0,288.0,291.29,401.6391415188515,False,False,False,True,acima_janela_permitida;lado_errado
1004,405.0,90.0,289.0,292.29,401.6466108409232,False,False,False,True,acima_janela_permitida;lado_errado
1005,404.0,90.0,289.0,292.29,400.94513340356184,False,False,False,True,acima_janela_permitida;lado_errado
1006,403.0,89.0,290.0,293.29,400.96009776535124,False,False,False,True,acima_janela_permitida;lado_errado
1007,402.0,88.0,291.0,294.29,400.98004937901834,False,False,False,True,acima_janela_permitida;lado_errado
1008,401.0,87.0,292.0,295.29,401.00498750015566,False,False,False,True,acima_janela_permitida;lado_errado
1009,400.0,87.0,292.0,295.29,400.3123780249619,False,False,False,True,acima_janela_permitida;lado_errado
1010,399.0,86.0,293.0,296.29,400.3448513469356,False,False,False,True,acima_janela_permitida;lado_errado
1011,398.0,85.0,294.0,297.29,400.38231729186043,False,False,False,True,acima_janela_permitida;lado_errado
1012,397.0,84.0,295.0,298.29,400.42477445832446,False,False,False,True,acima_janela_permitida;lado_errado
1013,396.0,84.0,295.0,298.29,399.74116625636645,False,False,False,True,acima_janela_permitida;lado_errado
1014,395.0,83.0,296.0,299.29,399.7911955008514,False,False,False,True,acima_janela_permitida;lado_errado
1015,394.0,82.0,297.0,300.29,399.8462204398086,False,False,False,True,acima_janela_permitida;lado_errado
1016,393.0,82.0,297.0,300.29,399.1691370835175,False,False,False,True,acima_janela_permitida;lado_errado
1017,392.0,81.0,298.0,301.29,399.2317622634752,False,False,False,True,acima_janela_permitida;lado_errado
1018,391.0,80.0,299.0,302.29,399.2993864257745,False,False,False,True,acima_janela_permitida;lado_errado
1019,390.0,80.0,299.0,302.29,398.62890010635203,False,False,False,True,acima_janela_permitida;lado_errado
1020,389.0,79.0,300.0,303.29,398.7041509691114,False,False,False,True,acima_janela_permitida;lado_errado
1021,388.0,78.0,301.0,304.29,398.78440290462714,False,False,False,True,acima_janela_permitida;lado_errado
1022,387.0,78.0,301.0,304.29,398.1205847478877,False,False,False,True,acima_janela_permitida;lado_errado
1023,386.0,77.0,302.0,305.29,398.20848810641894,False,False,False,True,acima_janela_permitida;lado_errado
1024,385.0,77.0,302.0,305.29,397.54873915030845,False,False,False,True,acima_janela_permitida;lado_errado
1025,384.0,76.0,303.0,306.29,397.6443134259561,False,False,False,True,acima_janela_permitida;lado_errado
1026,383.0,75.0,304.0,307.29,397.74489311617816,False,False,False,True,acima_janela_permitida;lado_errado
1027,382.0,75.0,304.0,307.29,397.09192890311937,False,False,False,True,acima_janela_permitida;lado_errado
1028,381.0,74.0,305.0,308.29,397.200201409818,False,False,False,True,acima_janela_permitida;lado_errado
1029,380.0,73.0,306.0,309.29,397.31347825111595,False,False,False,True,acima_janela_permitida;lado_errado
1030,379.0,73.0,306.0,309.29,396.6673669461606,False,False,False,True,acima_janela_permitida;lado_errado
1031,378.0,72.0,307.0,310.29,396.7883566840136,False,False,False,True,acima_janela_permitida;lado_errado
1032,377.0,72.0,307.0,310.29,396.14643757075487,False,False,False,True,acima_janela_permitida;lado_errado
1033,376.0,71.0,308.0,311.29,396.27515693013106,False,False,False,True,acima_janela_permitida;lado_errado
1034,375.0,71.0,308.0,311.29,395.63746030930895,False,False,False,True,acima_janela_permitida;lado_errado
1035,374.0,70.0,309.0,312.29,395.77392536649,False,False,False,True,acima_janela_permitida;lado_errado
1036,373.0,70.0,309.0,312.29,395.1404813480897,False,False,False,True,acima_janela_permitida;lado_errado
1037,372.0,69.0,310.0,313.29,395.28470752104744,False,False,False,True,acima_janela_permitida;lado_errado
1038,371.0,69.0,310.0,313.29,394.65554601449605,False,False,False,True,acima_janela_permitida;lado_errado
1039,370.0,68.0,311.0,314.29,394.80754805347885,False,False,False,True,acima_janela_permitida;lado_errado
1040,369.0,68.0,311.0,314.29,394.1826987578222,False,False,False,True,acima_janela_permitida;lado_errado
1041,368.0,67.0,312.0,315.29,394.342490736162,False,False,False,True,acima_janela_permitida;lado_errado
1042,367.0,67.0,312.0,315.29,393.7219831302286,False,False,False,True,acima_janela_permitida;lado_errado
1043,366.0,66.0,313.0,316.29,393.88957843537827,False,False,False,True,acima_janela_permitida;lado_errado
1044,365.0,66.0,313.0,316.29,393.2734417679384,False,False,False,True,acima_janela_permitida;lado_errado
1045,364.0,65.0,314.0,317.29,393.4488530927495,False,False,False,True,acima_janela_permitida;lado_errado
1046,363.0,65.0,314.0,317.29,392.8371163726768,False,False,False,True,acima_janela_permitida;lado_errado
1047,362.0,64.0,315.0,318.29,393.0203557069277,False,False,False,True,acima_janela_permitida;lado_errado
1048,361.0,64.0,315.0,318.29,392.4130476933712,False,False,False,True,acima_janela_permitida;lado_errado
1049,360.0,63.0,316.0,319.29,392.60412631555465,False,False,False,True,acima_janela_permitida;lado_errado
1050,359.0,63.0,316.0,319.29,392.0012755081289,False,False,False,True,acima_janela_permitida;lado_errado
1051,358.0,62.0,317.0,320.29,392.20020397750943,False,False,False,True,acima_janela_permitida;lado_errado
1052,357.0,62.0,317.0,320.29,391.60183860651114,False,False,False,True,acima_janela_permitida;lado_errado
1053,356.0,62.0,317.0,320.29,391.0051150560565,False,False,False,True,acima_janela_permitida;lado_errado
1054,355.0,61.0,318.0,321.29,391.21477477211926,False,False,False,True,acima_janela_permitida;lado_errado
1055,354.0,61.0,318.0,321.29,390.62257999250374,False,False,False,True,acima_janela_permitida;lado_errado
1056,353.0,61.0,318.0,321.29,390.03204996512784,False,False,False,True,acima_janela_permitida;lado_errado
1057,352.0,60.0,319.0,322.29,390.2524823751926,False,False,False,True,acima_janela_permitida;lado_errado
1058,351.0,60.0,319.0,322.29,389.6665240946417,False,False,False,True,acima_janela_permitida;lado_errado
1059,350.0,59.0,320.0,323.29,389.89485762189787,False,False,False,True,acima_janela_permitida;lado_errado
1060,349.0,59.0,320.0,323.29,389.31349835319094,False,False,False,True,acima_janela_permitida;lado_errado
1061,348.0,59.0,320.0,323.29,388.7338421079389,False,False,False,True,acima_janela_permitida;lado_errado
1062,347.0,58.0,321.0,324.29,388.9730067755345,False,False,False,True,acima_janela_permitida;lado_errado
1063,346.0,58.0,321.0,324.29,388.3979917558792,False,False,False,True,acima_janela_permitida;lado_errado
1064,345.0,58.0,321.0,324.29,387.8247026686155,False,False,False,True,acima_janela_permitida;lado_errado
1065,344.0,57.0,322.0,325.29,388.07473507045006,False,False,False,True,acima_janela_permitida;lado_errado
1066,343.0,57.0,322.0,325.29,387.5061289837878,False,False,False,True,acima_janela_permitida;lado_errado
1067,342.0,57.0,322.0,325.29,386.9392717210286,False,False,False,True,acima_janela_permitida;lado_errado
1068,341.0,56.0,323.0,326.29,387.2002066115151,False,False,False,True,acima_janela_permitida;lado_errado
1069,340.0,56.0,323.0,326.29,386.63807365545364,False,False,False,True,acima_janela_permitida;lado_errado
1070,339.0,56.0,323.0,326.29,386.07771238443695,False,False,False,True,acima_janela_permitida;lado_errado
1071,338.0,56.0,323.0,326.29,385.5191305240247,False,False,False,True,acima_janela_permitida;lado_errado
1072,337.0,55.0,324.0,327.29,385.79398647464683,False,False,False,True,acima_janela_permitida;lado_errado
1073,336.0,55.0,324.0,327.29,385.24018481980823,False,False,False,True,acima_janela_permitida;lado_errado
1074,335.0,55.0,324.0,327.29,384.68818541774846,False,False,False,True,acima_janela_permitida;lado_errado
1075,334.0,54.0,325.0,328.29,384.974025097798,False,False,False,True,acima_janela_permitida;lado_errado
1076,333.0,54.0,325.0,328.29,384.42684609688746,False,False,False,True,acima_janela_permitida;lado_errado
1077,332.0,54.0,325.0,328.29,383.8814921300583,False,False,False,True,acima_janela_permitida;lado_errado
1078,331.0,54.0,325.0,328.29,383.3379709864391,False,False,False,True,acima_janela_permitida;lado_errado
1079,330.0,53.0,326.0,329.29,383.6378500617477,False,False,False,True,acima_janela_permitida;lado_errado
1080,329.0,53.0,326.0,329.29,383.09920386239384,False,False,False,True,acima_janela_permitida;lado_errado
1081,328.0,53.0,326.0,329.29,382.5624132086162,False,False,False,True,acima_janela_permitida;lado_errado
1082,327.0,53.0,326.0,329.29,382.0274859221519,False,False,False,True,acima_janela_permitida;lado_errado
1083,326.0,52.0,327.0,330.29,382.3414704161713,False,False,False,True,acima_janela_permitida;lado_errado
1084,325.0,52.0,327.0,330.29,381.81147180251145,False,False,False,True,acima_janela_permitida;lado_errado
1085,324.0,52.0,327.0,330.29,381.2833591962807,False,False,False,True,acima_janela_permitida;lado_errado
1086,323.0,52.0,327.0,330.29,380.7571404451924,False,False,False,True,acima_janela_permitida;lado_errado
1087,322.0,52.0,327.0,330.29,380.23282341218254,False,False,False,True,acima_janela_permitida;lado_errado
1088,321.0,51.0,328.0,331.29,380.5640550551247,False,False,False,True,acima_janela_permitida;lado_errado
1089,320.0,51.0,328.0,331.29,380.0447342090139,False,False,False,True,acima_janela_permitida;lado_errado
1090,319.0,51.0,328.0,331.29,379.5273376187808,False,False,False,True,acima_janela_permitida;lado_errado
1091,318.0,51.0,328.0,331.29,379.0118731649445,False,False,False,True,acima_janela_permitida;lado_errado
1092,317.0,51.0,328.0,331.29,378.4983487414443,False,False,False,True,acima_janela_permitida;lado_errado
1093,316.0,50.0,329.0,332.29,378.8469347902923,False,False,False,True,acima_janela_permitida;lado_errado
1094,315.0,50.0,329.0,332.29,378.33847279915904,False,False,False,True,acima_janela_permitida;lado_errado
1095,314.0,50.0,329.0,332.29,377.83197323678155,False,False,False,True,acima_janela_permitida;lado_errado
1096,313.0,50.0,329.0,332.29,377.3274440058661,False,False,False,True,acima_janela_permitida;lado_errado
1097,312.0,50.0,329.0,332.29,376.8248930206177,False,False,False,True,acima_janela_permitida;lado_errado
1098,311.0,49.0,330.0,333.29,377.19093308296794,False,False,False,True,acima_janela_permitida;lado_errado
1099,310.0,49.0,330.0,333.29,376.6935093680272,False,False,False,True,acima_janela_permitida;lado_errado
1100,309.0,49.0,330.0,333.29,376.19808611953357,False,False,False,True,acima_janela_permitida;lado_errado
1101,308.0,49.0,330.0,333.29,375.7046712512369,False,False,False,True,acima_janela_permitida;lado_errado
1102,307.0,49.0,330.0,333.29,375.2132726863483,False,False,False,True,acima_janela_permitida;lado_errado
1103,306.0,49.0,330.0,333.29,374.7238983571771,False,False,False,True,acima_janela_permitida;lado_errado
1104,305.0,49.0,330.0,333.29,374.236556204762,False,False,False,True,acima_janela_permitida;lado_errado
1105,304.0,48.0,331.0,334.29,374.626480644388,False,False,False,True,acima_janela_permitida;lado_errado
1106,303.0,48.0,331.0,334.29,374.1443571671234,False,False,False,True,acima_janela_permitida;lado_errado
1107,302.0,48.0,331.0,334.29,373.6642878306676,False,False,False,True,acima_janela_permitida;lado_errado
1108,301.0,48.0,331.0,334.29,373.18628056240226,False,False,False,True,acima_janela_permitida;lado_errado
1109,300.0,48.0,331.0,334.29,372.71034329623853,False,False,False,True,acima_janela_permitida;lado_errado
1110,299.0,48.0,331.0,334.29,372.23648397221893,False,False,False,True,acima_janela_permitida;lado_errado
1111,298.0,48.0,331.0,334.29,371.76471053611317,False,False,False,True,acima_janela_permitida;lado_errado
1112,297.0,48.0,331.0,334.29,371.29503093900945,False,False,False,True,acima_janela_permitida;lado_errado
1113,296.0,48.0,331.0,334.29,370.8274531369003,False,False,False,True,acima_janela_permitida;lado_errado
1114,295.0,47.0,332.0,335.29,371.24789561693143,False,False,False,True,acima_janela_permitida;lado_errado
1115,294.0,47.0,332.0,335.29,370.78565236535246,False,False,False,True,acima_janela_permitida;lado_errado
1116,293.0,47.0,332.0,335.29,370.32553247109496,False,False,False,True,acima_janela_permitida;lado_errado
1117,292.0,47.0,332.0,335.29,369.86754385860894,False,False,False,True,acima_janela_permitida;lado_errado
1118,291.0,47.0,332.0,335.29,369.4116944548453,False,False,False,True,acima_janela_permitida;lado_errado
1119,290.0,47.0,332.0,335.29,368.95799218881274,False,False,False,True,acima_janela_permitida;lado_errado
1120,289.0,47.0,332.0,335.29,368.506444991129,False,False,False,True,acima_janela_permitida;lado_errado
1121,288.0,47.0,332.0,335.29,368.0570607935677,False,False,False,True,acima_janela_permitida;lado_errado
1122,287.0,47.0,332.0,335.29,367.6098475285993,False,False,False,True,acima_janela_permitida;lado_errado
1123,286.0,47.0,332.0,335.29,367.16481312892716,False,False,False,True,acima_janela_permitida;lado_errado
1124,285.0,47.0,332.0,335.29,366.7219655270188,False,False,False,True,acima_janela_permitida;lado_errado
1125,284.0,47.0,332.0,335.29,366.2813126546316,False,False,False,True,acima_janela_permitida;lado_errado
1126,283.0,47.0,332.0,335.29,365.8428624423333,False,False,False,True,acima_janela_permitida;lado_errado
1127,282.0,47.0,332.0,335.29,365.40662281901785,False,False,False,True,acima_janela_permitida;lado_errado
1128,281.0,47.0,332.0,335.29,364.97260171141613,False,False,False,True,acima_janela_permitida;lado_errado
1129,280.0,47.0,332.0,335.29,364.5408070436011,False,False,False,True,acima_janela_permitida;lado_errado
1130,279.0,47.0,332.0,335.29,364.1112467364885,True,False,False,True,acima_janela_permitida
1131,278.0,47.0,332.0,335.29,363.68392870733237,True,False,False,True,acima_janela_permitida
1132,277.0,47.0,332.0,335.29,363.2588608692154,True,False,False,True,acima_janela_permitida
1133,276.0,47.0,332.0,335.29,362.8360511305347,True,False,False,True,acima_janela_permitida
1134,275.0,47.0,332.0,335.29,362.41550739448223,True,False,False,True,acima_janela_permitida
1135,274.0,47.0,332.0,335.29,361.9972375585206,True,False,False,True,acima_janela_permitida
1136,273.0,47.0,332.0,335.29,361.58124951385406,True,False,False,True,acima_janela_permitida
1137,272.0,47.0,332.0,335.29,361.1675511448945,True,False,False,True,acima_janela_permitida
1138,271.0,47.0,332.0,335.29,360.75615032872275,True,False,False,True,acima_janela_permitida
1139,270.0,47.0,332.0,335.29,360.347054934545,True,False,False,True,acima_janela_permitida
1140,269.0,47.0,332.0,335.29,359.94027282314494,True,False,False,True,acima_janela_permitida
1141,268.0,47.0,332.0,335.29,359.53581184633055,True,False,False,True,acima_janela_permitida
1142,267.0,47.0,332.0,335.29,359.133679846377,True,False,False,True,acima_janela_permitida
1143,266.0,47.0,332.0,335.29,358.73388465546435,True,False,False,True,acima_janela_permitida
1144,265.0,47.0,332.0,335.29,358.33643409511126,True,False,False,True,acima_janela_permitida
